"Sample","Strain","Population","PoolSize","Age","Ethanolamine","1-Methylhistamine","Isoleucine","Leucine","Lysine","serine","arginine","Taurine","Pipecolate","Hydroxyproline","4-Guanidinobutanoate","N-Acetylornithine","Homoarginine","Dimethylarginine (A/SDMA)","Phosphocreatine","N-Ac-Arginine","Nicotinic Acid","Erythronic/Threonic Acid","N-Ac-Glutamate","1-Aminocyclopropane-1-carboxylic acid","N6,N6,N6-Trimethyl-L-lysine","4-Aminobenzoic Acid","Phenylacetic Acid","4-Hydroxybenzoic Acid","Aminoacetone","Succinylcarnitine","Cytidine diphosphate choline (CDPcholine)","Indole","Indole-3-Carboxylic Acid","Indoleacrylic acid","S-Adenosylhomocysteine","S-Adenosylmethionine","Deoxyguanosine","Inosine","1-Methyladenosine","5'-Methylthioadenosine","Uridine 5'-monophosphate","NAD","NADPH","FAD","Succinoadenosine","Glutamylarginine","Thymine","Oxypurinol","Cytosine","Glucosamine","Arabitol/Xylitol","Niacinamide","Riboflavin","Folic Acid"
"CA1","CRB","A","5","14",-0.898217854531563,-1.39459562089621,0.801115871588031,1.10209881453033,0.986808235685533,-0.0993430145980696,2.39510951499606,1.16215041977503,0.9817612930915,-1.16371258259316,-0.491505633904265,0.0649693048882893,-0.181383828738138,0.753245496967968,-0.996253052811535,-0.273432209364187,0.206304929250515,0.58088235534021,-1.35301990792805,0.635959682878841,0.623520683295506,0.546978784242352,-0.881011668257252,-0.594307840696474,-0.373118741317868,-0.88806340502981,0.643064825482387,-1.62230112759629,0.377846258051552,0.802341721684764,-0.485754409035332,1.24671141288288,-0.30148801796752,0.631576929443932,-1.25319189190278,0.160062955230651,-1.0684624467754,1.15737070118992,-0.869240349550715,-0.230297939307056,0.170072272353129,0.390492058831474,-0.723198134341466,0.249710526210897,-0.542836491990871,0.326566193245643,-0.954835982101665,0.951636391953274,0.853745346316722,-1.16253082817173
"CA2","CRB","A","50","14",-0.940621266503989,-1.0026482184781,0.844711282270615,1.0272212997188,0.890448147800824,-0.495792946410895,2.10539602775196,0.863584125654588,0.834975004673024,-0.597687217425277,-0.357444320174274,0.0855177464499475,-0.078203772914029,0.680355106646101,-0.985548784529122,0.0231359708306682,0.0754442834725051,0.426895310018586,0.490141232339012,0.569709612815338,0.603349807813246,0.392262896322919,-0.595263915881053,-0.963361130319282,-0.399015701843072,-0.637897790758209,0.708079301145443,-1.25490142980891,0.23910216196688,0.831524611471966,-0.474367368974913,1.06008088335848,-0.524552068455078,0.529142292110962,-1.13787078696785,-0.518101147616752,-1.21915144578582,0.774883047891088,-1.18753223791062,-0.470462221953817,0.624706829227438,0.450631570331538,-0.554727039511949,-0.00369655062351626,-0.53008062169726,0.0860707348984224,-0.973985431639321,0.662233279833732,0.972457800972906,-0.949146951603876
"CA3","CRB","A","100","14",-0.873610942781619,-0.834744699851916,0.843567289064451,0.980376578303123,0.884237475793154,-0.501169125729123,2.065526929998,0.803620384411512,0.821630218282932,-0.502918734259942,-0.480272054787505,0.545444308605015,-0.239182965326697,0.4439238835924,-1.00802572589448,0.244459379164454,0.0730748317876015,0.386567538237296,0.589288727887875,0.592533124917302,0.574859753873287,0.44176707968368,-0.408298527813213,-1.09841898630542,-0.408033910024348,-0.907413374680051,0.814853928527997,-1.1048444063211,0.153460097335057,0.855106900619656,-0.518182930678392,1.08581277872263,-0.469466867785497,0.535720429076651,-1.24508194900416,-0.312018846216321,-1.13114145032145,0.596328406561909,-1.67663866037472,-0.700733118219615,0.622651277365479,0.467607867284634,-0.427652058234322,-0.0548543742270278,-0.406245224106857,0.121706638583488,-0.950743603888601,0.616608628947759,0.873045697185098,-0.774087616980077
"CA4","CRB","A","5","40",-0.686123400924638,-1.20458982759402,0.697420922583423,0.998873121071017,0.899809144835555,-0.186246897856067,2.05820832083596,1.22329918904843,0.923893424973321,-1.5527731992531,-0.636557633921256,-0.0837368612166216,-0.515611336551944,0.370579252764653,-0.917297543550183,-0.155532819378204,0.27516265455418,0.514822238046892,-0.025529823336738,0.654817284710894,0.387909602572972,0.481854450509092,-0.67800331090212,-0.551725864785944,-0.0411453412202754,-0.50032158302783,0.413939691078516,-0.88514175823794,0.244997165749819,0.859127532248601,-0.473519139980071,0.91523814064203,-0.675330005770691,0.508539687020446,-1.40465241224075,-0.0734728407047687,-0.945501611602542,1.17974514466275,-0.994823255655146,-0.130005723175815,-0.0193453901457978,0.209900836824023,-0.794894692238167,0.22409453614448,-0.820670814470852,0.319553114878203,-0.825719860253339,0.992030736783244,1.0472459760677,-0.62278922061139
"CA5","CRB","A","50","40",-0.668733280815754,-0.826247029434332,0.788734101947776,0.938481511288839,0.836405206574659,-0.520947487662072,2.13467645128821,0.917160428701499,0.801435527257913,-1.0041665809945,-0.570044422633793,-0.425197739828036,-0.529465435702761,0.302374022525196,-0.872653698110301,0.378237689924377,0.254445666853216,0.59015256158104,-0.116313852962389,0.572691377443175,0.426600096910536,0.46962130680059,-0.203931037852145,-1.05187854038087,-0.324504488697149,-0.495024032490399,0.888864467646682,-0.914172413879858,0.145080221323575,0.885611014913309,-0.440298524875989,0.74036709275921,-0.499708947408731,0.583610103197965,-1.6850213443376,-0.783069028876688,-0.741887658066189,0.839126614842663,-1.17601416272496,-0.320049257624407,0.680407084824105,0.302783671685373,-0.487795614997624,0.177666033884731,-0.829657637408463,0.257672810354607,-0.823487683641115,0.871799451324601,1.20633405258233,-0.68006866703005
"CA6","CRB","A","100","40",-0.623817242372641,-0.686556788929167,0.81532883236182,0.975080849241591,0.891669876078195,-0.551231704736885,2.11073596484792,0.847519994675963,0.83281161930134,-0.808277431122085,-0.591828361226924,-0.434181391571056,-0.545111914819343,0.243981103402275,-0.875061446629744,0.483747072253069,0.2711663236871,0.506949801527717,-0.313758396560662,0.575418777294476,0.441983218830006,0.494037867659517,-0.104294774773774,-1.03389751829291,-0.321070035524453,-0.491429254658587,0.942612644785275,-0.865089336212899,-0.0151342043704812,0.916476482009375,-0.453422999757334,0.757887090316071,-0.470303259208308,0.610642806165623,-1.24208381885072,-0.547966317309117,-1.02526930149751,0.601791460714162,-1.67483584572163,-0.565030112623906,0.699340088697743,0.375033477678339,-0.496494750375917,0.101383749987708,-0.710866688766747,0.22892858138735,-0.747001140628839,0.879448992435907,1.20963035462091,-0.619592993417805
"CB1","CRB","B","5","14",-0.921778375055303,-1.57318207954409,0.835797607041679,1.16413154401278,0.997518045722952,-0.0953033657129421,2.37045858362871,1.14449257297334,0.997238565694385,-1.38393476266602,-0.411851424729867,-0.0254472608950369,-0.202460002328898,0.721970804407479,-0.960424638960244,0.0137530017772383,0.298836066918814,0.530920011352966,-0.800662838203391,0.501472058810548,0.646638845748005,0.503274037661844,-0.872698475780386,-0.633625482716166,-0.234566638349581,-1.18421496437733,0.617854761295391,-1.41893042337125,0.397820611986447,0.733245622143134,-0.405990011069127,1.17906376048821,-0.483655753007907,0.598496966227986,-1.07252273120832,-0.112542891566921,-0.928598619254553,1.11648321325301,-1.0633864760802,-0.133672198996483,0.260090651882091,0.30422661053499,-0.59335452305947,0.270257310530023,-0.658471033234247,0.33353440776488,-0.934779971567728,0.91731932716284,0.764528570795492,-1.11336861807977
"CB2","CRB","B","50","14",-0.934682579195199,-1.04985692575564,0.844782492976831,1.07923367262282,0.895163091817718,-0.533765715600291,2.1249405288472,0.859728213100206,0.847411469407893,-1.07221767406168,-0.519794341576146,0.377394963989209,-0.198372922619191,0.594421741397848,-0.966158657531001,-0.12459622588553,0.0957069850460517,0.526105935759261,0.337449152041588,0.510096051925133,0.604945443636672,0.408956472911717,-0.542160344154215,-0.83072498711058,-0.426808001904269,-0.795944274105128,0.885182984435733,-1.09485830918771,0.246221070788145,0.827115190067056,-0.462827688179589,1.08826012684385,-0.449553284024243,0.524045049340094,-1.48719102203249,-0.242439235102166,-0.90484639703083,0.85016939866232,-1.27586548747433,-0.479484183803192,0.710733154492637,0.451458822397679,-0.63906413379631,0.0191431507176798,-0.368215232397871,0.0880784846071343,-0.944158245113823,0.601218932292517,0.801288551771726,-0.855665264255268
"CB3","CRB","B","100","14",-0.871390983309096,-0.927781855296078,0.864665594447941,1.05435167686974,0.904692630767372,-0.551862426768789,2.08293022189369,0.79876375857102,0.842580332118962,-0.838919476649787,-0.522053811070495,0.533762763154553,-0.286311198216136,0.447213656659951,-0.997121159582982,-0.0701683394545816,0.0526551663613155,0.486151378812082,0.544421540215351,0.521970433618599,0.60910875344803,0.431699474722354,-0.371633442337057,-0.823635993054133,-0.424756271249277,-1.01510613423858,0.942236595662128,-0.983643909739079,0.166523020203734,0.805158108787481,-0.50240550923553,1.09776720716782,-0.421915561617189,0.548251010039504,-1.1279082808525,-0.277403679302051,-1.03536509176803,0.626325748938798,-1.65508080478884,-0.73614978818398,0.810126588304406,0.440315046258569,-0.677675977467803,-0.0462575656278563,-0.257944970570288,0.0380122505954281,-0.874326542418973,0.611663699602667,0.850828632564044,-0.815356516986411
"CB4","CRB","B","5","40",-0.733030447790802,-1.20880467216201,0.734183210125249,1.05709427095139,0.972000008413909,-0.201097251547594,2.33913542666103,1.12970397833775,0.974643124599251,-1.50910168118465,-0.762853525313484,-0.0489317482441454,-0.478972486013571,0.369586705867298,-0.913311867723092,-0.453045664393619,0.287486690810403,0.554648617407101,0.0570763737500481,0.575465555069944,0.531371241218191,0.460812144762607,-0.718556645667382,-0.571954359893529,-0.073956957415116,-0.58249205434654,0.505714820539342,-1.05298667200981,0.247119947370314,0.789445827550736,-0.448690514378221,1.01704138177049,-0.427728868761052,0.52855320189417,-1.46064284614414,-0.142623602950974,-0.674165516001739,1.13279024678527,-0.952555126192395,-0.111894659153956,0.256944827245627,0.161419505201344,-0.89512267326655,0.208448146652318,-0.836863605122942,0.315396216548774,-0.876297975231277,0.923464755386543,0.923740575184451,-0.917605379194941
"CB5","CRB","B","50","40",-0.678843584710965,-0.81033532739201,0.797105402591067,0.950251438581786,0.849491563543893,-0.504472258910218,2.13444237865459,0.907214931455071,0.820405253320065,-0.947719444371939,-0.628033711864267,-0.37123511938935,-0.550793299091783,0.243006002346684,-0.793585948059719,0.314755335057537,0.210178101960969,0.450698181046104,0.361035117257489,0.673094550869259,0.441726836742366,0.492296857414869,-0.25844760624955,-0.934294313093981,-0.295423501834982,-0.423644340325082,0.743154199135881,-0.876514993033675,0.120369952782369,0.875242766095558,-0.458640831878548,0.759472904812254,-0.573383364972596,0.553742502742301,-1.58373699674979,-0.677171851225848,-0.842023063835629,0.809153474562816,-1.33764238910017,-0.348231852742203,0.635246917134426,0.294416561851765,-0.654604450526198,0.0794282888100959,-0.697298326531457,0.257377783664636,-0.824978747916314,0.822718974023434,1.1412809592349,-0.666251911885896
"CB6","CRB","B","100","40",-0.68448483919163,-0.707155461219074,0.819400129643878,0.990801612717761,0.902248737464976,-0.454474985039878,2.14038994018491,0.916094162179627,0.858383794896839,-0.981445358763335,-0.594716597254158,-0.315833465709753,-0.478218013773269,0.226382095216977,-0.906169898587589,0.0639600717338764,0.170966327011303,0.425434033299233,0.384794295984378,0.664558254125546,0.484544710455027,0.523351868511726,-0.115312637071827,-0.78584467752064,-0.176866162593901,-0.525165044688273,0.689449909008511,-0.793403697641484,-0.0174528834207939,0.872208351415023,-0.482265630153095,0.670095241071558,-0.47745090557468,0.584974860297754,-1.60762400049713,-0.71757314031664,-1.03557688492778,0.682022040170053,-1.72212378399079,-0.56120528445101,0.698136249319708,0.410313088870587,-0.542399687930701,-0.0146927179450858,-0.540099277700596,0.175657207186007,-0.669635048841552,0.881395154963749,1.15345215106372,-0.481824201988078
"CC1","CRB","C","5","14",-0.862507346666423,-1.54639274958892,0.861024959533302,1.15066505616138,1.00073094054038,-0.0562804503910614,2.36747769751009,1.07970944931405,0.99434752849836,-1.27023373677492,-0.540550314261075,0.0639868934042802,-0.0869219329482602,0.723068208217407,-1.04906810878097,-0.215963915918546,0.247270666972971,0.575132378739612,-1.13778783619703,0.605094790016961,0.632098346935904,0.48639639433131,-0.886164591162409,-0.597555343917513,-0.224442118322834,-1.00498024271192,0.629386844416448,-1.55865022779193,0.42042353943669,0.838280781263105,-0.459689623975662,1.30661088631695,-0.66087628427328,0.534717982706455,-1.30485366117596,0.0600763606440982,-1.11811366768309,1.09120093408169,-0.784105403922835,-0.18698321702246,0.388396046157833,0.332210038792967,-0.713670604815055,0.313494919897586,-0.680396013023453,0.2952963226884,-0.96771314814321,0.922885392116839,0.797974002133271,-0.804056821359501
"CC2","CRB","C","50","14",-0.91025104267483,-0.948659230397679,0.797599904820659,1.02397042925241,0.90247670059561,-0.503938262110741,2.10156982487116,0.889321760963244,0.819961743358997,-0.956077862282529,-0.479882053968921,0.481426754628155,-0.221715531160662,0.58277959052078,-1.07265232694699,-0.0883094722160305,0.124742169338097,0.49328973727743,0.342520070394672,0.46070950238932,0.539092598032319,0.396186180507941,-0.462580814654952,-0.757862386060362,-0.39090129880307,-0.902036399159846,0.831273780256725,-1.13634924888336,0.230268437087655,0.73875343225017,-0.517468004879417,1.18319160675366,-0.447077433944743,0.498592105568051,-1.38937864115221,-0.207821744150955,-0.978486560226249,0.802686437536432,-1.27530874177366,-0.506875565282392,0.75575601151248,0.464602372785909,-0.696881338873107,0.0812937688198225,-0.405850729908394,0.0749710151522383,-0.923313713959289,0.665485696588028,0.839192738948556,-0.942035966740119
"CC3","CRB","C","100","14",-0.927719153505637,-0.895519395009151,0.804774082324517,0.966315378097685,0.902350139357098,-0.522756284739184,2.08449750140807,0.859039479326539,0.842174083804069,-0.613890122247012,-0.320352967412679,0.312884123366448,-0.00582649699451121,0.707322004244111,-0.914901488657075,-0.0603895361059061,0.048941816732877,0.481727306725877,0.314271126348016,0.449594018940303,0.601189031811693,0.423357220609978,-0.426798821501471,-0.815765453510606,-0.412781091499625,-1.02185594560188,0.81087755038671,-1.13241896610342,0.240063246030816,0.777204594992789,-0.470978266378959,1.09496305500898,-0.549840571392643,0.517518694546196,-1.1691580475418,-0.264173706933987,-1.05763005776365,0.636280610759265,-1.49475588069044,-0.723107785764022,0.769132452364244,0.440850101323649,-0.588043630661352,-0.0105094356849582,-0.41529152219348,0.0175368449312385,-0.940096712621636,0.629533655056616,0.923782610888201,-0.901619388870898
"CC4","CRB","C","5","40",-0.748106462652001,-1.18865658655491,0.724469001846561,1.00432691834037,0.92117810951191,-0.207238676170907,2.3610405421244,1.08918754994334,0.918209387445747,-1.5111854651075,-0.714179621429591,-0.124667210340426,-0.536936692428524,0.316289177212683,-0.897362983850571,-0.447076466988019,0.230541487631977,0.586804243852287,0.445762439005072,0.656544599043947,0.347709892045588,0.486190741427313,-0.597301118955513,-0.552072610776806,-0.16178994194061,-0.372764536164548,0.393761292935392,-0.941560366826399,0.199898542314598,0.829515944926071,-0.457167992350446,0.935469021374475,-0.65147085381752,0.561718030644846,-1.76372065972039,-0.12791389728486,-1.00114033144851,1.19802239129153,-0.772864039160262,-0.106448487891805,0.107827953096802,0.204164249806665,-0.721506225060794,0.175337787182206,-0.943315882505388,0.314554862366208,-0.895258159947526,0.973763062708478,1.14872282876599,-0.689304787470619
"CC5","CRB","C","50","40",-0.673951855770119,-0.767458585940482,0.748646018462995,0.941478641496089,0.865585793126966,-0.497399663632302,2.13105398272127,0.911653031774144,0.827158499540466,-1.01890600482353,-0.591269684032462,-0.404007338843952,-0.555373953915873,0.18398481302672,-0.974948108030028,0.391823377605321,0.172738903077081,0.619201139218186,0.0138375614727435,0.595214431823007,0.401277392119583,0.484698776825178,-0.116030753963647,-0.95577353969589,-0.276099592220494,-0.477609663857847,0.814645969303332,-0.910471502874802,0.101508369748119,0.850467972736086,-0.42560507978028,0.809670348121745,-0.495202912749885,0.552983364453182,-1.58971037665839,-0.561699025184871,-0.729837463889553,0.783085013630237,-1.24956779460546,-0.359032616841785,0.623609711449263,0.275320597195361,-0.509303256628736,0.106834718773618,-0.872266231676136,0.196252354954123,-0.87194670169343,0.892550190715359,1.16118859954488,-0.572997865605109
"CC6","CRB","C","100","40",-0.651952626791741,-0.666903519376184,0.798034406064075,0.965064877649974,0.891506226983681,-0.513916452251014,2.09745706231907,0.843921607845125,0.833441578252488,-0.982265623970724,-0.578918887831883,-0.371845019280067,-0.566403089853579,0.194220938136358,-0.92333860764264,0.415275410258904,0.216649496226283,0.395409126140944,0.314997004819062,0.649982040762024,0.446835816020916,0.499280318376258,-0.0292956353575917,-0.839332942048553,-0.283647636879077,-0.464731585272238,0.647350742783852,-0.88875226899254,-0.02210876834505,0.873502678000026,-0.494068918298678,0.736764840010959,-0.559488999375887,0.578247540531556,-1.10667837103892,-0.526471282119892,-1.05289712062354,0.646543971923896,-1.77922403119349,-0.500522500797876,0.629092662885659,0.382556057227955,-0.551226119846695,0.00465072407793077,-0.761609470573043,0.195118427156043,-0.742520322682894,0.83376521654758,1.19895782321092,-0.430506793767742
"WA1","ORWT","A","5","14",-0.754847773680767,-1.70481989982518,0.836969323972931,1.13029459693618,1.03295451305474,-0.220617599946945,2.24987734663165,1.00470229938221,0.989853971767897,-0.227075838232476,-0.0752826362801908,-0.269663967800895,0.111791042869072,1.0461637513674,-1.10467638639865,-0.639893257979068,0.272070908589675,0.461177231489456,-0.0804187144047912,0.408056509956135,0.677813845704562,0.278662508546121,-0.934674304366048,-1.13425868309445,0.0673553482218328,-1.04106551384483,0.523056746786181,-1.22968626634103,0.207020213864363,0.864019922258765,-0.677562074053986,1.04256149943483,0.0657295027126983,0.386960591166827,-0.372717573514295,-0.166865335956383,-0.82552983494098,0.963994398799784,-0.899890001153934,-0.361818133870857,0.412444908061867,0.0398327981917408,-0.907548292547691,0.122850272154235,-0.796555279064379,0.0601147670229691,-1.09267911976465,0.660624122943108,0.568518931183999,-0.967325386008768
"WA2","ORWT","A","50","14",-0.733244180305207,-1.17242389113448,0.840872466044917,1.01795228356206,0.909478116509763,-0.464245024096589,1.99823952366836,0.851625820998946,0.842660163474103,0.0131172197247205,-0.14837728511471,-0.464212884489025,-0.0476380442284308,0.667915434795391,-0.988537584831206,0.0132911842818375,0.218082618394733,0.451339034873858,0.273915560624743,0.425989055950203,0.630338524603106,0.284957122767209,-0.678558230494406,-1.45383660581234,-0.0472656620963079,-1.0252185062099,0.798990566857436,-1.05367433664558,0.174406476629277,0.962942142387541,-0.565081861001826,1.03535752813718,0.16340735200142,0.403457753942154,-0.415126591920239,-0.338633860389899,-0.96200952776582,0.604839369074826,-1.33484165620945,-0.505111722354577,0.697955900094595,0.181383384624187,-0.631787161538537,0.0476599695721349,-0.546045592877598,-0.0331381646826161,-0.995772155010251,0.387959654148782,0.704911967717156,-0.998265666251634
"WA3","ORWT","A","100","14",-0.721853405825239,-0.895782536810559,0.793472421593014,0.977858464762336,0.88180655366746,-0.501627188158779,1.98684239881239,0.865808499306059,0.81248578239314,0.0192134556763444,-0.328376714372011,-0.374458348873457,0.0304257227170419,0.613341825150706,-0.914506041472073,-0.41077991390472,0.124341613059459,0.494687930817462,0.243305944220984,0.204956892026708,0.575930935208582,0.383359976824757,-0.422959822904796,-1.04876838483684,0.000945104604265445,-1.29886670665735,0.857061645587966,-0.857393032541345,0.184193764835337,0.915222805417343,-0.513832871670329,0.94633155038932,0.222059231858262,0.492683997642881,-0.342168079285537,-0.429381869408407,-1.03100180613417,0.419286571686432,-1.86536288198606,-0.882859851017652,1.1354907030617,0.296761530634876,-0.745093732974489,-0.119725258868395,-0.306566281194858,-0.0454129026211652,-0.855497385690811,0.640837099410162,0.941363528821968,-1.14780093297789
"WA4","ORWT","A","5","40",-0.862588566567208,-1.32274089666429,0.578378490909626,0.918153759186286,0.934893187353252,-0.144400789254877,2.39570382097649,1.20998042123303,0.947147088480937,-1.15807194173132,-0.547282119144464,-0.174585320854106,-0.488435748369966,0.37800773211999,-0.808263741905355,0.193914573000022,0.226738274669925,0.658477772206612,0.15895501280292,0.81029641881273,0.428199225689215,0.465334787305933,-0.846694628834826,-0.78353138693434,0.0944566502141928,-0.919571575614053,0.452816900231885,-0.990639646163912,0.228537161432209,0.72442562852981,-0.45362526353413,0.925787041703156,-0.545126807118329,0.531005431552533,-1.54944818090097,-0.126817309873504,-0.972770967962501,1.15576138874775,-0.683160841816777,-0.227013515727775,0.0732190752593951,-0.0318124910330058,-0.642529801893467,-0.0165346322230189,-0.700489720073477,0.275490786527603,-0.945582388709747,0.742992500227425,1.2924819428841,-0.85943678915162
"WA5","ORWT","A","50","40",-0.581672686795109,-0.836389946373941,0.675367478834473,0.867325176124285,0.921313249362188,-0.397713528112475,2.12181698752046,0.942036350218308,0.86903425509156,-0.50418382843979,-0.365814622396194,-0.435987667170316,-0.571378155976461,0.185786903404117,-0.967976335777948,0.727071302992482,0.331843689417888,0.700381770274133,-0.55304392411387,0.691217450927108,0.404080100511424,0.47831665488251,-0.293691468560429,-1.23113952070422,-0.0112298816259306,-0.985739015384935,0.739038014256475,-0.82177228576571,0.0840503922456577,0.816368655721917,-0.5121320366997,0.969903447492868,-0.457728610283299,0.464324340460622,-1.75530160342523,-0.441279832177326,-0.788496762273138,0.611090825550034,-1.1257857474172,-0.351841538610482,0.644986138977784,0.180524217346393,-0.334567577935101,0.150849189044859,-0.683845724264033,0.133524604972514,-0.987339831852195,0.71509745835208,1.30333849591695,-0.732635017764061
"WB1","ORWT","B","5","14",-0.619424692738138,-1.47015141080045,0.998485339648226,1.24783213062211,1.12339489633152,-0.0649789086475376,2.23939626187407,1.09530854689526,1.07381713375719,-0.53295083850758,-0.412788630731121,-0.740380709228901,-0.165005989566114,0.713875714362787,-0.876638395836493,-0.799868357462314,0.262107988200393,0.540525269184728,-1.75132988953203,0.473203173074052,0.742172655049661,0.385174791960797,-1.13183692180975,-0.907024599020348,0.239197887514464,-1.23281594965415,0.502966152801931,-0.990939491697245,0.299197949713891,0.982947199322735,-0.620175536037294,1.15278110543194,0.13137626787511,0.517755604344731,-0.296647170455742,-0.0581457268955683,-0.957747535869473,1.02298358645309,-0.876145439504448,-0.24707598986468,0.517118619084628,0.152337233068969,-1.0388951319735,0.0979980264278257,-0.456301166391338,0.0461144633039359,-1.03497129476748,0.63246638448304,0.802483442045158,-0.71077804584054
"WB2","ORWT","B","50","14",-0.737381021524853,-1.04971005041337,0.867064904323167,1.07749015661316,0.957294337030652,-0.438246654995581,1.98557902242169,0.866771283157442,0.867654790729866,-0.0156359447410663,-0.373921116578461,-0.429740582890201,-0.00141646947058138,0.602912217830802,-1.0971630234189,-0.314591340282691,0.207210590807843,0.46774164199568,-0.0768457768990256,0.481872222618065,0.640464170037187,0.371414358853661,-0.711968103526173,-1.28223246086888,-0.0186231885995722,-0.998048313924665,0.758587586141092,-0.965426575800565,0.220690963068061,0.961046958797484,-0.575387094562458,0.998410390387384,0.151013962120496,0.448500076856672,-0.401491094512406,-0.436041321974151,-0.889422562936726,0.660985994826914,-1.3305001470116,-0.461741853789367,0.823048967255347,0.21205918276854,-0.824121927919079,0.0424058996018113,-0.442931184462104,-0.0313784093182825,-0.973495575913367,0.438840666087077,0.80772656751523,-1.03932511551121
"WB3","ORWT","B","100","14",-0.786476308375567,-0.913271652943576,0.901299634384123,1.08871103147454,0.968523499025371,-0.439039804436415,1.97242879098725,0.812727214182011,0.889435630072805,-0.0266979559452869,-0.248832085252271,-0.24939777844867,-0.0296859221859078,0.629671581265481,-1.06992232603925,-0.186749148880076,0.112438687595324,0.462904059194607,0.133158155368596,0.343789636204181,0.67383860444944,0.350104289347026,-0.568874876136623,-1.19873305881168,-0.0303237581173805,-1.25855373426394,0.845221314778371,-0.878952451201111,0.109673027274536,0.982069668303857,-0.593180509427087,0.89874232382521,0.251813989906118,0.489149782335494,-0.286129139952453,-0.493161993744762,-0.936801629885459,0.439630462993566,-1.73733907716351,-0.839596330652352,1.06067156839029,0.282870736068282,-0.797670591000591,-0.115716596087007,-0.336488537382376,-0.0882156274522981,-0.924803242401221,0.524778112788072,0.903539041803353,-1.09257670583101
"WB4","ORWT","B","5","40",-0.780565516250839,-1.04079082749888,0.389856304644452,0.718389456677124,0.900252300811932,-0.119221812803554,2.42879871104709,1.22174446417418,0.937324866727846,-0.890678410829049,-0.516876614651274,-0.0401748465689806,-0.555252570350211,0.282361431035089,-0.755596610629887,0.0404635383581029,0.329620775385544,0.661283766312727,0.103913914966346,0.885425448910738,0.186847116545569,0.587420063011255,-0.880486917410213,-1.01946812511599,0.0451783989016059,-1.0004182120566,0.289989394928628,-0.807712797936075,0.267284527283568,0.693895466445126,-0.509641670899118,0.867600784672907,-0.702205825391513,0.523279328951375,-1.15667180671458,-0.166365126239488,-0.823731621198436,1.16742160055334,-0.853816274600969,-0.152049866815983,0.0781029633156329,0.0504334993651989,-0.748248942060414,-0.0782534714521557,-0.780257833289402,0.299589312312489,-1.02564748892828,0.759083089515639,1.41062714549038,-0.722054480652006
"WB5","ORWT","B","50","40",-0.733209577745661,-0.773816412521874,0.566616217984717,0.804239190644459,0.884473358327593,-0.399523618734926,2.22863673066756,0.974751923346355,0.868733710163274,-0.568931915395754,-0.364569598967319,-0.555278267819714,-0.640913707318932,0.171554564523089,-0.765800031937478,0.320765948466864,0.318717291051259,0.61115355724905,0.589115690276843,0.794348116664343,0.296820771909205,0.570434766060091,-0.391353024493225,-1.15715181434304,-0.0100947974029308,-0.893785258714269,0.456933873599764,-0.795813171352204,0.18086877061771,0.747065175005064,-0.530412448131188,0.75479187087918,-0.56536424997393,0.502921990127821,-1.64472171614242,-0.470668047312502,-0.942555644019629,0.764098266774893,-1.22801638389441,-0.304370970615874,0.506614797204459,0.286098771788353,-0.46981887118184,-0.0352650421934406,-0.75136803291181,0.166928899093515,-0.874814746509077,0.691365852797516,1.45476511234816,-0.645197867937677
"WB6","ORWT","B","100","40",-0.718479489735893,-0.665033953709763,0.598907526408455,0.845567915522542,0.879314350326789,-0.459854824628585,2.16528712133854,0.89811984945997,0.800570939840354,-0.40582997837667,-0.331875859442317,-0.402815833456475,-0.505824788032003,0.290141647476103,-0.837125517897751,0.572592024549175,0.307770564495796,0.582675476210159,0.414418705443198,0.687528849862019,0.358392133006743,0.580563494487994,-0.199995325627233,-1.21992313448603,-0.12841787272079,-0.946015068734105,0.667776347427002,-0.780186354692653,0.137018464738205,0.788234987549409,-0.423150963662837,0.718015527612078,-0.50408380766858,0.549214450113271,-2.0125716347348,-0.576232959872258,-1.09195770446893,0.570788250412914,-1.48208091204599,-0.449893234376567,0.657452953996438,0.363127304538669,-0.417167819984487,0.021520496994559,-0.598145574284934,0.157365193388529,-0.868316613976194,0.672293118086,1.49956849467566,-0.759246961344717
"WC1","ORWT","C","5","14",-0.642733094372047,-1.66406499547311,0.600807083827566,0.925131962308434,0.8345813905972,-0.13302676287446,2.30348470208392,1.22820876633081,0.825356806963585,0.0250090077595253,-0.181881629145145,-0.232516385819997,-0.168345259495669,0.689910895380291,-0.910737328814503,-0.37410718921857,0.392734750712336,0.536666032885622,-1.67930496202985,0.319327963067983,0.497344316995117,0.410196436173965,-1.0138579918375,-0.958358536556317,0.00596747653156449,-1.11446987871281,0.603473549391724,-1.1331737571158,0.349217878110449,0.882088920766384,-0.511987627281676,1.21677618269537,0.00485620178592239,0.328270103969259,-0.576642620132704,-0.178898577989631,-0.687657036394618,1.02452664450868,-0.848624660370024,-0.223988693110635,0.566354560850082,0.0779283385472285,-0.608387956494554,0.258833384872381,-0.767766893798261,0.174422213331775,-0.948638021507389,0.809366598829366,0.607081996217383,-0.938754306948643
"WC2","ORWT","C","50","14",-0.800150497168613,-1.10061595025109,0.784782732964691,0.970310826181095,0.811502561412587,-0.465847713725926,2.07544293465245,0.971286547218656,0.777297640599771,-0.0239741892041838,-0.223066024621223,-0.584184186555409,-0.0897947901739293,0.612014851387499,-0.808543315889365,-0.384282596184582,0.162778590967408,0.479882881661233,0.3915652347634,0.269750842454285,0.580724342413586,0.375085831336367,-0.897307728506097,-1.16109623443418,-0.0425031252797936,-1.03745639277971,0.675276089005082,-0.948138642409939,0.287299087489008,0.879808977124332,-0.5609860452311,0.919357711572455,0.170908973140151,0.462677696723369,-0.320260613710898,-0.457656291466991,-0.867470691166065,0.627386303670233,-1.27193799759517,-0.532445812465143,0.930424050272335,0.272415223630555,-0.745332606202162,-0.121027785993872,-0.495374005989063,-0.0137325577505409,-0.934869246879964,0.650151407249261,0.814369393567483,-1.0644456898223
"WC3","ORWT","C","100","14",-0.735815255098634,-0.923078991738201,0.846233119740853,1.01476394152525,0.923345597022551,-0.492492690307865,2.02481613287515,0.839645252368352,0.863486232923871,0.12963165409121,-0.161318730036298,-0.246466081019571,-0.0661878891518706,0.636130357514952,-0.917356433515553,0.161263782855865,0.127670792259413,0.465612037422422,0.00921542248191276,0.464425627776285,0.625640440877356,0.392050014195699,-0.609209025633671,-1.23960951651105,-0.0475109478389886,-1.25086048848528,0.784847398409249,-0.925721629223095,0.133866595098211,0.931205919345488,-0.561416524428054,0.976641804673987,0.0991573609530843,0.445409954636592,-0.494174867635535,-0.380465714653335,-1.00946740221355,0.379785400001437,-1.74112808964493,-0.752013034143665,0.853328727696185,0.276400127162639,-0.606895780770733,-0.166090248569438,-0.403439325055677,-0.0455864126808612,-0.877453996311441,0.423273044028889,0.808327112898743,-0.982414776168338
"WC4","ORWT","C","5","40",-0.770489749718034,-1.34368388063875,0.627654509680434,0.984319744247874,1.01618290427239,-0.0327321218108567,2.45004628177572,1.27688459312888,1.05699066496981,-1.13963857676934,-0.448658248491109,0.09780487798972,-0.543878951491751,0.346926509532985,-0.662019705860145,-0.086821279546216,0.335198784295391,0.69360558216846,-1.19832458354989,0.835285154278634,0.486632043499485,0.471639861703403,-0.961932145414345,-0.971460928532281,0.1481400540288,-1.08861054750954,0.298327265947719,-0.907895577292489,0.340039329899097,0.681914939611427,-0.443065099194197,0.915648360800968,-0.400465689347331,0.52964551783217,-1.1626427790576,-0.135920279382263,-0.788078881770466,1.11819058028274,-0.69966135283397,-0.232090437898093,0.162677831617015,0.0783994948678517,-0.854970273163629,-0.0224898733735239,-0.832858708973468,0.266440067520369,-0.954554372034548,0.676651180386488,1.3552263816954,-0.567528472379391
"WC5","ORWT","C","50","40",-0.562490096056615,-0.721660988300829,0.650665684707882,0.868209550405325,0.931158778228061,-0.390727000450344,2.1631109196726,0.967328418670894,0.879337169823285,-0.535861022678169,-0.37257231327867,-0.394861185686434,-0.615822632252573,0.196726990626702,-0.833275111843017,0.62983227768429,0.3252751164176,0.702700086402149,-0.186663836070768,0.795813680756245,0.362936381411926,0.553749147490846,-0.400011559128144,-1.2216345058565,-0.0190061029066015,-1.10079381351368,0.523282461951153,-0.833253021022702,0.129744120136539,0.847652590898767,-0.579246412748666,0.866350070265492,-0.578569989348074,0.485368583620814,-1.41969234617637,-0.494976934884369,-0.856623679622576,0.648921686801349,-1.33634025755171,-0.326697067019825,0.544128834416179,0.358894826690219,-0.439539496749823,0.0319419571536139,-0.821893852116354,0.16748637286389,-0.950455842275548,0.601868599751305,1.38452589529751,-0.624341134606268
"WC6","ORWT","C","100","40",-0.718025261441702,-0.712961354870385,0.631820392385031,0.852482212801214,0.885894275538939,-0.408351026779068,2.13157368092568,0.916330541279795,0.830684344983354,-0.554536428969261,-0.374559253219293,-0.414568329461579,-0.527408799117397,0.225224288591333,-0.836487124508071,0.513188855494815,0.282098402316031,0.675008506885104,0.277016577478393,0.656538878618314,0.371802211079461,0.514983603428314,-0.206432531250515,-1.25909146437715,-0.0573790121068329,-1.15291558996051,0.725649203188157,-0.802348996952143,0.109307754296369,0.785164922524698,-0.493985043630448,0.741856983908082,-0.528189773309479,0.514315044243527,-1.47718139345927,-0.586320407231936,-0.817767215598829,0.516692732764989,-1.46520373331584,-0.499120241089517,0.67155262743124,0.400997164368485,-0.448506311232983,0.0241592015545358,-0.693364252350468,0.181001194081144,-0.848280572501603,0.660669457910909,1.45181526227442,-0.66484420361804
