"RunOrder","Tube","Cell","Sample","ID","Diet","Population","PoolSize","2-Hydroxyglutaric acid (2-Hydroxyglutarate)","2-Oxoglutaric acid (Ketoglutaric acid)","5-Aminopentanoic acid","5-Dehydro-D-gluconate","Aspartylglycosamine","CDP-Ethanolamine","CMP-N-acetylneuraminic acid","Cytidine","Erythrose-4-Phosphate","D-Gluconic acid","Sedoheptulose 7-phosphate","gama-Aminobutyric acid","glucose 6 phosphate","Glutamic acid","Glycerol 3-phosphate","Glycerylphosphorylethanolamine","Glycine","Guanidylic acid (guanosine monophosphate)","Guanosine","Inosine","N-(1-Deoxy-1-fructosyl)histidine","Oxidized glutathione","Proline","pyruvate","Taurine","Urate","Valine","Decanoic acid (Capric acid)","Dodecanoic acid (Lauric acid)","Tetradecanoic acid (Myristic acid)","5-Tetradecenoic acid","Hexadecanoic acid (Palmitic acid)","Hexadecenoic acid","Stearic acid (FA 18:0)","Oleic acid (FA 18:1)","Linoleic acid (FA 18:2)","alpha Linolenic acid (FA 18:3)","Arachidic acid (FA 20:0)","Eicosenoic acid (FA 20:1)","Eicosadienoic acid (FA 20:2)","Docosanoic acid (Behenic acid, FA 22:0)","Erucic acid (FA 22:1)","Docosadienoate (FA 22:2)","Tetracosanoic acid (FA 24:0)","Nervonic acid (FA 24:1)","2-Aminoisobutyric Acid","5,6-Dihydrothymine","Dimethylarginine (A/SDMA)","Kynurenine","Argininosuccinate","S-Adenosylhomocysteine","2-Hydroxyisobutyrate/2-Hydroxybutyrate"
38,"X1","A1","HSD_1_005","T1S","HSD","1","5",-0.351304774814136,-1.0175458216829,-0.767627247166164,-0.544761696272682,-0.419125106722618,-0.572561712976019,-0.668482301407536,-0.641881021956976,-0.658274399806293,-0.406900241035613,-0.561186194212172,-0.431790163126702,-0.733155502007333,-0.498907458439046,-0.722890248404462,-0.420437039257991,-0.50585666538341,-0.518641156313771,-0.704790068306044,-0.672047763872746,-0.398882719966146,-0.777757975874438,-0.512562886267497,-0.235883143832455,-0.453471925419676,-0.469991408316124,-0.770506082512651,-0.5087468984001,-0.35206016813293,-0.293298150860803,-0.376915440861269,-0.166643068050614,-0.250006367507534,-0.044210447467937,-0.277664482144467,-0.420774510957681,-0.375649975258967,0.0292927629551683,-0.422663256818097,-0.306966589353443,0.215168236594562,-0.0853337026842436,-0.288560953241094,0.451876555341876,-0.0626340447418867,-0.420325600941175,-0.480585972797202,-1.42970642224799,-0.845686040501145,-0.790595033721428,-0.294785594617851,-0.343399646862777
13,"X2","A2","HSD_1_050","T1M","HSD","1","50",0.141347784297898,-0.111644544552779,0.00282707697278184,0.168879018385362,0.0557723157933889,0.0488007066801659,-0.00278595657443503,0.0365231887948196,0.0463342057376526,-0.131565262025091,0.181027281015556,0.0815079971619657,0.03645196307113,0.107062808856719,0.059526835383835,0.222858189855593,0.113408810210522,0.0719164160057986,0.236439634240101,0.173328598854598,0.165587988920162,-0.0971776129482782,0.129556535193093,0.198745942123739,0.00361471720857853,-0.0546466230598508,0.00134104668983515,0.272347629253312,0.300225747325554,0.293425643226692,0.307033994345075,0.166921322538646,0.3462086255035,0.0785845864544381,0.307008504400654,0.204091451945636,0.274480098021319,0.229750266717049,0.172856292847452,0.276777913582468,0.172724912300923,0.0452896204051303,0.25189352265957,-0.00678829697405181,0.10873413381792,0.094267731781577,0.175568694467975,0.0388232817216521,0.200426419230577,0.123115408402418,0.160965970312555,0.0656496784174077
6,"X3","A3","HSD_1_100","T1L","HSD","1","100",-0.0375405478125481,0.134268020472393,0.436698444870022,-0.0496119922547589,0.504474009651531,0.175485853814904,0.275059303661974,0.159111682606453,0.399186343684894,0.386168385756067,0.54184063759159,0.158909538591716,0.434950664962154,0.0917041768050026,0.171884981832784,0.398609217079915,0.192868197349664,0.148421852359855,0.669179948897808,0.380320181910769,0.640061707301996,0.25092934528525,0.449929468603099,0.729834926861004,0.368274401797978,0.317596716451717,0.436011280446968,0.258162247747402,0.178093912286335,0.225631520268234,0.202558200311743,0.0582700309557609,0.280531588170187,-0.213440289661382,0.148575299046883,0.10729714007948,0.199014881831793,-0.15417036680882,-0.0818969041418907,0.103330230174363,-0.546233642773386,-0.446096571062945,-0.0986835087642186,-0.622195201543806,-0.593503527481551,0.158367185173582,0.41336948983794,0.229349234279363,0.579288835083694,0.239576393986964,0.233106909751131,-0.0807934945055666
7,"X4","B1","HSD_2_005","T2S","HSD","2","5",-0.68119441128345,-0.101172557758023,-0.660509472560966,-0.612719085826769,-0.682605166641873,-0.374559777772478,-0.617079974430197,-0.522431838265982,-0.51015385627139,-0.847756442579649,-0.315738168386662,-0.42352841260531,-0.508558167190084,-0.579097743259357,-0.452816097737877,-0.543919564481079,-0.485054325495518,-0.396294773512858,-0.505299142982743,-0.100962918898408,-0.467215547020843,-0.541785765304977,-0.364168442309461,-0.287567172238128,-0.498973590817871,-0.336148280674297,-0.657946736740397,-0.433390245760171,-0.435925555202675,-0.431858663193421,-0.422187734659579,-0.222244231747488,-0.389578791080969,-0.0563398549472511,-0.439550734477161,-0.652212408615891,-0.652040456320479,-0.150800634019538,-0.550217893533648,-0.504386818131864,0.0962104819653673,-0.133212583070886,-0.444472092232206,0.550811539013154,-0.161364148345253,-0.433127706490648,-0.520074447756241,-1.14852157401808,-0.429224116869002,-0.5319400576962,-0.578831558089168,-0.59120654331596
54,"X5","B2","HSD_2_050","T2M","HSD","2","50",0.00432916551322116,0.0413024963987816,-0.206619623026089,-0.158782014147841,0.0292130768669328,-0.307564361595146,-0.223274786548865,-0.158252348629797,0.167049422524159,-0.572965637434026,0.0309587355298104,-0.100764902673784,0.13310398337679,-0.0626808575287807,-0.0623151920505869,-0.0754763548846196,0.0307052065873741,-0.134852825810884,-0.0847600308321033,0.0951080248958593,0.109038748313937,-0.224787816104507,-0.0299925213747629,0.121545545720599,-0.123603993093825,-0.199458979974233,-0.208024160491913,0.305928138377155,0.377346383800267,0.296101175646698,0.390538412865708,0.174572445560456,0.304161041538427,0.0709720571127512,0.255856253823261,0.12549557396276,0.107714299114329,0.134194310210829,0.145839627614567,0.332229138286492,0.00273179045990091,0.0305284868379951,0.33090292810119,-0.111890661173725,0.065267560796535,-0.0843235634761221,0.0210998124874546,-0.252552046955741,0.0770981877713259,-0.158574066952814,-0.0647882561695274,-0.248371959284639
47,"X6","B3","HSD_2_100","T2L","HSD","2","100",0.0589873217890773,0.308853720680051,0.442304146783744,0.0140752869340091,0.259510201104924,0.267074870102309,0.415877284195225,0.275448998161315,0.603418606758342,-0.0795126702906899,0.516256905042741,0.339253032279052,0.617295800360448,0.300428501119858,0.487935950164315,0.348627298198828,0.130520709139963,0.124447291392527,0.34032677107934,0.842604950594886,-0.0459024119385463,0.427114459229312,0.492408793003105,0.424649411984724,0.294199657433586,0.248602148393801,0.447681518651594,0.0847245493178663,0.0805855963432824,0.0632619479286127,0.146984799194605,-0.1295878415737,0.0919525763806108,-0.381396792768185,-0.00543686986349723,-0.114147065504034,-0.0670293343223909,-0.541609276377114,-0.297425935562274,-0.186240866576529,-0.727740760407735,-0.771839302784118,-0.345882881528693,-1.03012545473794,-0.990212305101163,0.329167910515304,0.300912658701264,0.186042102395703,0.500117897106707,0.183220979985508,0.0570968646896208,0.05681661088764
22,"X7","C1","HSD_3_005","T3S","HSD","3","5",-0.444475741138629,-1.05121657626856,-0.655865789453404,-0.692016377959402,-0.435457613417962,-0.124829433442321,-0.616633791849983,-0.532793248456593,-0.412385440103533,-0.60461595752273,-0.376525531188309,-0.315851609477979,-0.402297702586107,-0.432730458264597,-0.490246999198001,-0.251576206452908,-0.475515424272952,-0.287040176659893,-0.52339678038342,-0.707853571288004,-0.0685595074796739,-0.632988532001419,-0.490333414472905,-0.557330442226173,-0.382651922576909,-0.354468423902592,-0.660989085024775,-0.357538204545662,-0.343333173414967,-0.272438320939687,-0.275835516695775,-0.0546598974284089,-0.226950699892266,0.0986025974920288,-0.241676691931787,-0.377041423777305,-0.262137729641466,0.170599114500853,-0.287299319791926,-0.206550235568111,0.490421841229118,0.148551551595262,-0.0858578900407938,0.922894409905625,0.28720279468698,-0.325385613516971,-0.322805123476478,-0.876515281463938,-0.545654918740486,-0.609562922559937,-0.396601406841439,-0.352673946304788
49,"X8","C2","HSD_3_050","T3M","HSD","3","50",0.0802112363023362,0.354422892273544,0.120948428462431,0.00753155387165272,0.365688615408834,0.252077104111788,0.214155848344059,0.134241841917489,0.501372009312109,0.128436950683827,0.259828611258075,0.234858247933359,0.499001604030132,0.236770070743732,0.202203697361695,0.423477568116818,0.135866748055038,0.254361162648709,0.357049763551324,0.162426272097661,0.620549229621135,0.0478017780948754,0.405534313978986,0.60802813366065,0.191193700694218,0.203949419580238,0.118389285159386,0.0825531751081447,-0.0383609189179106,0.0167900785710406,-0.00432797579493727,-0.0901799424030179,0.0766133780670621,-0.236074046652299,-0.000773326910945116,-0.0320867638111579,0.249814510912161,-0.0733659562908375,-0.218252032816435,0.0501306508123793,-0.219719195292484,-0.425234271296859,-0.0695783807628967,-0.337917317174138,-0.353400066287195,0.222442957777937,0.303497728832671,-0.310218192531321,0.561433373514377,-0.211823185732027,0.0950923965164234,-0.118854710320689
51,"X9","C3","HSD_3_100","T3L","HSD","3","100",0.195348778412835,0.100252963018147,-0.051671473413939,0.221537106542048,0.257027648971156,0.131246394894586,0.0315008036749092,0.15166047678101,0.590301698038012,-0.22954692897548,0.22365856225614,0.294006247872501,0.576440471556735,0.288921899097906,0.169810414625904,0.382355226916667,0.286809323886865,0.138514506632725,0.167023433106787,0.212562052898075,0.534569462759982,0.0592299080753129,0.219162877764264,0.181329803343491,0.140770703598844,-0.0547936627879508,-0.0528229024025864,0.445619174208089,0.391148180053637,0.340299691317511,0.370594947829366,0.198525795014718,0.365451460541055,0.0538893232735651,0.300294110425186,0.264767993829238,0.475739765401705,-0.029111639697704,0.109270356259898,0.318642391804372,-0.0871194253616183,-0.0848272611388445,0.215929215760401,-0.398964175197157,-0.0612506833259667,0.286845296199293,0.345877637892885,0.182131710791436,0.546418876326316,0.0650171893536813,0.184699040106302,0.0926156045407063
21,"X10","D1","HSD_4_005","T4S","HSD","4","5",-0.247095900400288,-0.569912499972739,-0.715821680160893,-0.670187419185938,-0.458346814365243,-0.41976872346399,-0.426585426991654,-0.46226516134404,-0.449406427468337,-0.44942589743109,-0.356301086406637,-0.389663360544511,-0.492670359039355,-0.423168577438893,-0.581402490102783,-0.316371695212072,-0.438642034513258,-0.420073940383079,-0.775345635563977,-0.808138351900098,-0.366657085111315,-0.422842762144526,-0.61472527921263,-0.593781035162656,-0.50822143290319,-0.423213834202182,-0.717541773343608,-0.39318470527185,-0.464102990733156,-0.243187199975663,-0.385348053052466,0.046767475312758,-0.231006158807118,0.295764659257077,-0.223304823563952,-0.386605435884608,-0.334414927217262,0.231679208962622,-0.251336933806855,-0.347208338062794,0.439970195847969,0.759057657182983,-0.117140056184127,0.819838802607841,0.404450399283941,-0.395088901750519,-0.186626235568486,-0.692985408535266,-1.05418718624845,-0.44794673946849,-0.218989701475762,-0.223432756814384
5,"X11","D2","HSD_4_050","T4M","HSD","4","50",-0.234977391571172,0.300689831661717,0.0947652454519634,-0.115645868466344,-0.0158484429723416,0.216368508441312,0.114636438167693,0.0189608797742036,0.467790580784381,-0.297558646750541,0.325807840961126,0.13908415738535,0.560906847906355,0.104295215789315,0.208757399414421,0.203555424166206,-0.0648598362096902,0.0587678029643746,0.285525400350658,0.498981591905679,0.340011202172922,0.0893288009625612,0.202011228738026,0.238098275334475,0.090577020801029,0.100047284608956,0.0943659733924012,-0.0155387547147958,-0.0316888281420091,-0.0275544388361695,0.0156931507431315,-0.146490397092743,-0.0162523441562339,-0.299001691386577,-0.117286676899027,-0.160071800391007,0.00455918443843206,-0.159072378902626,-0.387436674144714,-0.174289847310251,-0.422987282759256,-0.804560991261331,-0.348301067421172,-0.610062251629623,-0.628853450633106,0.134239538650593,0.0329333475275648,-0.226940413497378,0.388176448298616,-0.203683411119518,-0.142763469586003,-0.230217748794109
4,"X12","D3","HSD_4_100","T4L","HSD","4","100",-0.0701466714843084,0.543901526911734,0.375927929326722,0.209992760532048,0.318608219219692,0.397747969701118,0.433195205591201,0.275574454744361,0.770486628054831,0.372038658144838,0.572765647284877,0.376693733884618,0.862643996714508,0.386707858262052,0.505045201606826,0.531951344815262,0.00409869428600729,0.16967196524731,0.466310079908841,0.645790254689555,0.404510130376424,0.550134618454143,0.49477259471799,0.295262538007352,0.187269273237772,-0.033882446085916,0.374159159990457,-0.14954769964085,-0.153118407982452,-0.145035731129913,-0.0633580183637639,-0.283090736433071,-0.0758809264547633,-0.522752730932384,-0.203498142813841,-0.217686712398718,-0.093166563721228,-0.642586056909337,-0.549269101398701,-0.236175722667141,-0.917574584458192,-0.889893550249323,-0.461520883139202,-0.818841115579243,-0.994077396622723,0.369185598593342,0.418567766197718,0.171167551398271,0.958732982215128,0.0858014448000795,0.0114559966990297,-0.0341473462226829
2,"X13","E1","HSD_5_005","T5S","HSD","5","5",-0.801277029475576,-0.338638627855466,-0.736052794518465,-0.694080297162443,-0.695819958238412,-0.514625071126008,-0.777105678964904,-0.535032316387523,-0.466417555334215,-0.210357543046864,-0.33091081656436,-0.636219325195962,-0.472068100049452,-0.687027055431999,-0.662137063017507,-0.441341881519847,-0.764752104238852,-0.563858569812533,-0.583646738276268,-0.382272289277894,-0.23902513273078,-0.733279794065154,-0.443959242878663,-0.414039547723608,-0.556270550482963,-0.548991892392181,-0.737463291558401,-1.24152311408273,-1.22176108565842,-0.968170139753216,-1.1219193832065,-0.839719517351914,-0.942862512525287,-0.744087771444891,-0.998567455148748,-1.10468000175255,-1.08334610896823,-0.649641352092051,-1.05871857788578,-0.955008611147356,-0.366779577095831,-0.640200624184958,-1.10415921955237,-0.137952263561252,-0.632114060421898,-0.631741378134294,-0.418719785689035,-1.50220790899143,-0.130000075174119,-0.715701636691293,-0.583960000441389,-0.59351884171671
14,"X14","E2","HSD_5_050","T5M","HSD","5","50",-0.0693880920806809,-0.146052102702324,-0.0536003430560807,-0.0250869030072387,-0.0515992429502665,-0.132517837295891,0.235723600888676,-0.0855717044241455,0.152138491362687,-0.260801090793474,0.0483813578567958,0.0134333409824947,0.190538057866816,-0.0103385539325052,0.00239891371085577,0.0685950509811297,-0.0171697588260553,-0.0451716860379525,0.0397193751974143,0.0396280298047405,0.24164981022289,0.146678209817957,0.125333696186942,-0.128256550480932,-0.0702317028077344,-0.0078322137974931,-0.0293762425315318,0.309165940887285,0.279564455034238,0.247131065552435,0.327912844293865,0.163159623071999,0.276756461138732,0.0656878979447475,0.245074043095407,0.123714314613689,0.280123846305241,0.168036111164674,0.0789111160726774,0.29897013361031,0.227660013082425,-0.0124556655771189,0.303399136014115,0.0119377560892131,0.131672104023063,0.00834282171220213,0.14007325268936,-0.0605665633898775,0.251649200337089,-0.102257240181616,-0.0947834430321883,-0.157589019725081
44,"X15","E3","HSD_5_100","T5L","HSD","5","100",0.0455550376977918,0.199810261765242,0.0599879034779107,0.253595453618333,0.261138374112363,0.0883603054923574,0.162802594419308,0.0790889510789787,0.494373268088684,-0.0458821975667778,0.125917846311565,0.184226810587802,0.500621393928273,0.194675051298265,0.0987716648132846,0.302525270446864,0.24891512240339,0.0757432461827392,0.232742321599774,0.227029358412959,0.521734938188871,0.0901722103328106,0.181092116004761,0.0829802513977214,0.104752979806768,-0.090363424885358,0.0551443414588944,0.468319858629282,0.3964797998153,0.320236989075976,0.400639178648437,0.131675562605514,0.385188113444603,-0.00335829747294181,0.33777854233881,0.268042594630217,0.488669066597285,0.0617119047870789,0.15152293783326,0.350916490415607,-0.151921033470045,-0.16744055182152,0.216693446431673,-0.424631788498264,-0.203245294922578,0.19060360243186,0.35446362578206,0.136532918089007,0.600610158651667,-0.000573720146756607,-0.0309113144775885,-0.596380154244156
36,"X16","F1","HSD_6_005","T6S","HSD","6","5",-0.52579651324284,-0.56528138193657,-0.685134279892547,-0.592030852379181,-0.340174574862281,-0.580359609482563,-0.723560685772482,-0.577281896608842,-0.395886205864387,-0.409437621219294,-0.28570256472981,-0.470835664627838,-0.447767314213082,-0.539957572983607,-0.722294186544576,-0.491051355906352,-0.506906968283579,-0.46200837848764,-0.694621984674169,-0.70758413034043,-0.606009706784243,-0.844428582008245,-0.527265162249324,0.00244772310743535,-0.400624163579958,-0.303958953517245,-0.687451398279889,-0.420132813186398,-0.542452140089591,-0.379564688489509,-0.546316637050942,-0.22333554178168,-0.395825650002418,-0.0472456640933849,-0.452679438520754,-0.607407852276804,-0.570791565336137,-0.0662027719675189,-0.601571683806823,-0.616780491697122,0.0287408778933074,-0.146036819091198,-0.663976713342433,0.32519058298476,-0.101461619730298,-0.462637581667313,-0.366821892846555,-0.832008389127271,-0.973196247997943,-0.68464941587943,-0.291109862929542,-0.433808360113322
34,"X17","F2","HSD_6_050","T6M","HSD","6","50",0.0986271061843951,0.184769235224319,-0.230630686612399,0.174047201478257,0.226113090979467,0.0947850927714669,0.20613952906329,0.22232178203137,0.443334684136225,-0.288780149323497,0.335318645743635,0.195880754854332,0.432752332699641,0.171064339965723,0.08956736785768,0.244625680433841,0.174627481196532,0.182662922015213,-0.123671268437843,-0.121248762505999,0.123387519669902,0.273048659998511,0.104676078834014,-0.0407405095818589,0.0813762184935793,-0.0543481607441434,-0.210419683166993,0.251086785465108,0.205502108535203,0.251603956784239,0.251208514413435,0.17827619210999,0.280219629060078,0.107538274746839,0.213811867401992,0.132065414172355,0.192990245406322,0.136105131850977,0.0739900846217143,0.268620588060916,-0.0620696573330131,0.0636036382369563,0.309261592038601,0.000507835904766551,0.126043318753227,0.187787403436673,0.254650705699395,-0.117201065530825,0.0769851982812186,0.0181780975476133,0.16704991077178,0.0938363032160847
15,"X18","F3","HSD_6_100","T6L","HSD","6","100",0.0733501001656904,0.120842110406572,0.14526514699453,0.300943945147351,0.33113979557241,0.100870418148078,0.186185481902915,0.024554118786023,0.474933025237791,-0.0183533754896557,0.27076345474684,0.310734195693325,0.517462708093156,0.355253826612469,0.228786628385541,0.281687460474673,0.144682954721365,0.00435536575090634,0.329341685564868,0.200015146204853,0.465427287576695,0.136926626446269,0.452930975430483,0.35031090860796,0.209041625754762,0.0251383394419218,0.143264675609778,0.409568275749509,0.377914439032743,0.302168530621183,0.359127529743713,0.140649587960524,0.322575993772767,-6.22787360669008e-05,0.246350057260821,0.227143529994732,0.294732672726955,-0.0274388001082517,0.0821143967625693,0.305343934662314,-0.296150854714479,-0.104486295005085,0.200089421294077,-0.719027584285346,-0.164641401023467,0.307798097489135,0.380876974613741,0.103586745383788,0.52002499238467,-0.0777702990950031,-0.10807369146306,-0.0109917710307679
33,"X19","G1","HSD_7_005","T7S","HSD","7","5",-0.383573666737087,-0.249599140807054,-0.775053628817863,-0.389091029953369,-0.429974836811246,-0.143460311218951,-0.78611939559789,-0.431338092363568,-0.549061430152856,-0.791516722136464,-0.479060671809352,-0.409195597385476,-0.576630771859153,-0.445754439572972,-0.722779310982332,-0.246359055040581,-0.472095780121657,-0.303463357147262,-0.473356012384854,-0.491841866674506,-0.277789179061465,-0.898624381234975,-0.646942086500793,-0.499293716414003,-0.484952875975426,-0.435663709069036,-0.776642854361847,-0.191226492339246,-0.178599797864043,-0.150001693006907,-0.194966245461819,0.0468672426963161,-0.125335325488646,0.183642183473303,-0.117760398151776,-0.20844727954356,-0.188392660145607,0.253672247456849,-0.20061026325723,-0.0802549713519598,0.621886420911595,0.260495779103908,0.0367155790899591,0.827880657188653,0.34389315145636,-0.406369656977599,-0.339038694530474,-0.870040415748137,-0.521611024865391,-0.657448643368245,-0.361089327527649,-0.228087952085013
32,"X20","G2","HSD_7_050","T7M","HSD","7","50",0.107595337589705,-0.404811124938144,0.0216132409885219,0.198948034547122,0.208252958696929,0.289434929623252,0.194420737446488,0.293512286160179,0.397764250853393,0.12908878242581,0.428490810597137,0.248421883362878,0.388235303993773,0.311904397710586,0.336441482607535,0.276491383903501,0.122072626356242,0.231923292976403,0.114761383767475,0.0369250829152108,0.462621370226194,0.228412118767484,0.337284599511499,0.0133788228354401,0.286449564256715,0.443455520226689,0.0532188282237014,0.287901961130133,0.282286576010898,0.25668714982015,0.306102811955067,0.212724096930538,0.295724121810596,0.0851564640310274,0.269136811384996,0.167561775757612,0.190996908112487,0.164147229358379,0.103498540161736,0.308291574718467,0.283036465159013,0.0389404551350863,0.257372286996772,0.253930246737483,0.198711471308337,0.242024520144466,0.327622417704026,-0.0107507314017505,0.252289925358808,0.0845206197783241,0.228612593896917,0.157611155261957
9,"X21","G3","HSD_7_100","T7L","HSD","7","100",0.109305031772954,-0.56581449126185,0.32746585650025,0.288186483096799,0.378797974807161,0.405429816388184,0.225782805676969,0.205119956882558,0.560427296406936,0.177032279649164,0.536753377728736,0.31793170536081,0.642292065846749,0.411909407349223,0.420653452934579,0.408625178136818,0.11669236617667,0.219280330022808,0.484047593662384,0.229906654169753,0.59992856086213,0.180459411887909,0.522846866175041,-0.0525081344667742,0.345191721010642,0.323031815323461,0.32360266397878,0.353665306312671,0.276849613522248,0.255452149699889,0.31987382024719,0.14638722601069,0.326393402279538,-0.0122525727634182,0.234383374439792,0.184034597229677,0.283421206742549,0.0694531548669177,0.0678908038135608,0.331395990343732,-0.118231144328809,-0.078034018266016,0.208261095744729,-0.290839653121488,-0.0101811526334856,0.330448743042936,0.417289069284986,0.19828035286903,0.759569511116292,0.0300307861975799,0.120602005137598,0.0412537550275069
20,"X22","H1","HSD_8_005","T8S","HSD","8","5",-0.423599820425042,-0.412413448184108,-0.822876494518911,-0.425328459977721,-0.524010312322579,-0.254696697812738,-0.754052902707119,-0.499748033729718,-0.7035707790538,-0.792991436568997,-0.535746796286212,-0.494824217145591,-0.729419319273174,-0.562523740822861,-0.93793076894785,-0.265877467784829,-0.576457911526955,-0.443357119813695,-0.542599827481559,-0.551937159437569,-0.182747427511821,-0.718829481895096,-0.624100544989665,-0.421314835524472,-0.607041422666592,-0.64006079299387,-0.822704793385974,-0.175795869752969,-0.301090009919935,-0.101796303227834,-0.246595106253201,0.0818605943323751,-0.0814004925481475,0.252765294951796,-0.0715198624831208,-0.273866830276043,-0.1378104335071,0.176586667938892,-0.252959259131882,-0.227746480836559,0.238889857446239,0.12699519678698,-0.122410265981872,0.65230721760148,0.190017560641793,-0.498205067362699,-0.363473484809631,-1.08962654263094,-0.360818369282692,-0.660061075780671,-0.427221129709841,-0.33341140282653
41,"X23","H2","HSD_8_050","T8M","HSD","8","50",0.107132851541326,0.0132980575438202,-0.0995428768964937,0.14087548214441,0.19989013170633,0.254489222457053,0.448744886685064,0.165586675870345,0.360445396821035,0.143139312332295,0.382287570624221,0.246355763762437,0.373206039745081,0.261025799386868,0.100611385830288,0.326179761821693,0.147472180913763,0.184797955785473,-0.0108451536497638,0.1229887602974,0.380039655162759,0.46180355060568,0.141208927021023,-0.027885275834687,0.156959243267058,0.10457136492521,-0.119724472285601,0.203628508587422,0.147698311684374,0.207645822063588,0.199078065894355,0.0734725965758019,0.23901083087117,-0.033713327432074,0.196254451545097,0.106505536632765,0.192667584317829,-0.0444359832141759,0.0386847897786291,0.243664544980916,-0.0719830515200375,-0.0761141822442255,0.24362779480785,-0.276901177552934,0.0148271227565928,0.244888283017611,0.343653204196906,0.0157902661647897,0.283295383089114,-0.00826899363751998,0.117446179430274,0.157480786701994
39,"X24","H3","HSD_8_100","T8L","HSD","8","100",0.134705745980186,0.150099500833135,0.167891366068168,0.140899972835732,0.159518450722953,0.0765835899854377,0.176314016230704,0.0576714261300539,0.318969011786039,-0.186999314053045,0.167966161583554,0.172933903271402,0.344744925794362,0.230714970104653,-0.0501840251266641,0.205489461482731,0.109640810710365,-0.00130332118838261,0.299792810114763,0.289925535468708,0.263354359668344,0.0910765079287641,0.336300121959429,0.409833206913683,0.0190675279469872,-0.0490359727874861,0.166792803296786,0.510640610461647,0.367022022116809,0.365234743694304,0.3583099123273,0.145259566952698,0.38842100409238,-0.0777533487033963,0.268176810159579,0.263776649601673,0.371921475929395,-0.26649027159285,0.0384537100982367,0.291327371972758,-0.605191122690779,-0.336741936649211,0.16038183628137,-0.405659806809953,-0.474935014230152,0.165667007559443,0.213726195996792,0.297636604928552,0.523949890463451,0.0522703796491184,-0.0831582202494925,0.086218990633617
3,"X25","A4","STD_1_005","C1S","STD","1","5",-0.448132505441603,-0.0410372796312171,-0.29406806163438,-0.172669193248051,-0.761794405744736,-0.464718739818064,-1.01926833336753,-0.351023315124993,-0.914177514562505,-0.28207752894242,-0.480660179871761,-0.519428089160338,-0.926039502469215,-0.562317008755375,-0.758066682844948,-0.535060096640014,-0.60939388434121,-0.505207071690227,-0.518716538961911,-0.344924819471154,-0.760702010494988,-0.938604071400268,-0.495407525851849,-0.652908911616684,-0.442830202500695,-0.20731359907438,-0.296080570964099,-1.16298276537057,-1.46760121133669,-1.20338736558504,-1.35004813035158,-0.802574298471259,-1.12611043821642,-0.543490927865123,-1.02198765123055,-0.918343453109566,-1.11137661818994,-0.538728848349104,-0.854606761884605,-1.168739238382,-0.221898988504473,-0.473110215351711,-1.03487800283969,0.101906821640666,-0.402294897368627,-0.520764259841076,-0.491351275270292,-0.233941743740423,-0.538189932888658,-0.279691258797161,-0.492168974878936,-0.31065867880995
16,"X26","A5","STD_1_050","C1M","STD","1","50",0.401741429668743,0.449965174693301,0.447283988843722,0.189341500394461,0.209272737670587,0.228900361133517,0.353097747262586,0.285103210710102,-0.192352502377443,0.382459610353186,0.0052396073811245,0.211867444788306,-0.160216863551109,0.269035362414908,0.258709951223228,0.201946832641304,0.339575781630504,0.247002540864092,0.260036469996354,0.245665933203911,0.071181908745146,0.31973815242516,0.226344286119732,-0.126164026609191,0.285521317330102,0.221355872873056,0.44518862927887,0.237393815885885,0.212359332066757,0.184077339356437,0.175812601745458,0.193224988681204,0.230359126914895,0.166487743370137,0.307449141906011,0.36810521132429,0.235558618242279,0.347620228564541,0.425218342858726,0.242154967506293,0.471256594274164,0.442310008636174,0.434841024602275,0.136480516016049,0.55026129962787,0.208214220244133,0.206696464443042,0.674415794511311,0.114265020437662,0.560451995245501,0.313751921828083,0.423204321592639
30,"X27","A6","STD_1_100","C1L","STD","1","100",0.649293622560465,0.118017884782562,0.5838033545373,0.335761856593245,0.471568943351662,0.413800151595547,0.324962297010007,0.415465797410658,0.0910045010715441,0.500265757989068,0.124184133136534,0.305378160073717,0.094231807687831,0.386672954161604,0.479355970702608,0.308213827939852,0.503546517334385,0.302217792318011,0.445657071848903,0.37720036813888,0.182666879569166,0.320389704131265,0.26611175264698,0.0657286335948166,0.373026100413414,0.268015531559341,0.58890993759103,0.461706039210549,0.458210762550824,0.263583083988439,0.337176162315373,0.203191334089841,0.310052581260396,0.118622501498439,0.406679381284762,0.500785644333893,0.375474903998582,0.0610471852723959,0.49542215680521,0.442073760687444,-0.018080334998265,0.317645800249482,0.467598728449853,-0.327090630499568,0.151936841647667,0.296582294996622,0.375980394072076,0.896457236186075,0.456989489799651,0.65276829371517,0.311270407887661,0.710390702238673
43,"X28","B4","STD_2_005","C2S","STD","2","5",-0.166200870937638,-1.18904237195148,-0.405959345005743,-0.140465833097984,-0.406854517801497,-0.418540983442205,-0.487484490930976,-0.367055933782354,-0.681883089165416,-0.257600685835977,-0.54547442788345,-0.464347935962134,-0.73514983758529,-0.465208991960663,-0.527523923211792,-0.605868837015643,-0.378153087736875,-0.33315639499931,-0.575702622012953,-0.687816850817575,-0.729634379436813,-0.451548338770692,-0.619636075422625,-0.695616933269289,-0.374270496761442,-0.0534060450689138,-0.408865283386898,-0.38831459685017,-0.402572596885491,-0.349712263800687,-0.426081897923189,-0.0361266819043502,-0.405396036218163,0.202301788550184,-0.286638201711686,-0.250270218119157,-0.357429007084716,0.158169134938199,-0.0750571049248263,-0.540279124208709,0.567152871766048,0.297986354824597,-0.281306130022566,0.799874951822461,0.5158545539413,-0.457673432743321,-0.407805245237491,-0.139342156406729,-1.074474249849,-0.332691430384754,-0.252052363821245,-0.0159188856731936
8,"X29","B5","STD_2_050","C2M","STD","2","50",0.0150924453385937,0.409947950507732,0.5447417226306,0.35590173558057,0.154370687821547,0.147720005087911,0.292851120995139,0.173664053245174,0.0371451062661787,0.515966958543258,0.135076072590331,0.0799225317422234,0.0775696489003561,0.110703011933822,0.170646126367026,0.0859930641980355,0.258431953158592,0.207554940788712,0.459183094494632,0.180646158067877,-0.00411065577519221,0.348067700342986,0.301517764828595,0.404522897283393,0.344222579752364,0.451047084714693,0.543300668553342,-0.0155947156016651,0.180201532723813,0.12108572230086,0.153957952830815,0.066300077029358,0.0918889238311822,0.0858829201269415,0.126804070399241,0.235344295885126,0.12748915005103,0.096655350549363,0.294005589039314,0.145900520787726,-0.0270097563138965,0.261633106930111,0.22167962390522,-0.138180836428106,0.0845224496430381,0.088071853346575,0.125199214672351,0.619176021209473,0.216154109125005,0.365765253941337,0.126123967828152,-0.0943693767204246
1,"X30","B6","STD_2_100","C2L","STD","2","100",0.0737003325322352,0.650488565781018,0.719438589334447,0.581706211987112,0.352657992713105,0.284680911399785,0.876899447014002,0.411802236126625,0.302102955076815,0.587206298102343,0.320751032449892,0.240476194804003,0.371287729248889,0.24619289912127,0.709599458412307,0.405998138810439,0.0780791064720319,0.355783993676216,0.56094610444774,0.834495216350996,0.104639559869153,1.00500254525646,0.309561561427329,0.259454475307388,0.092615702274494,-0.00510189337826716,0.718146291963792,-0.422510444277242,-0.262960140023063,-0.248209068406334,-0.221335727318064,-0.335624708210161,-0.214921402232823,-0.589289023125735,-0.231230395856714,-0.0907884228208218,-0.201216055475198,-0.708341563842624,-0.223408909772244,-0.206064932193261,-1.07642822773066,-0.733231631123251,-0.579854333532738,-1.08129905198219,-1.06232486078886,0.237128820777155,0.176992140799157,0.600625926538663,1.22345727164674,0.742661271693528,0.155293385911224,0.283464140073052
11,"X31","C4","STD_3_005","C3S","STD","3","5",-0.231605704227077,-0.203546070803727,-0.366096436345899,-0.447365388947187,-0.547221639303247,-0.535998669809623,-0.579121189002994,-0.351752672532408,-0.703182968627286,-0.358986194139432,-0.583457982364024,-0.48529781227036,-0.76318572292081,-0.502852881840179,-0.506454770258841,-0.579609684324322,-0.40352507907646,-0.432415034115858,-0.61263527680842,-0.709698605334583,-0.875078737908472,-0.550164334371598,-0.561754465814504,-0.618827459411712,-0.537354621388061,-0.431945367616023,-0.366557259060407,-0.364576767191251,-0.433200873091124,-0.343357049609312,-0.411654751743686,-0.0315865643714712,-0.394491428319602,0.308770170667474,-0.290117715269557,-0.272046789765891,-0.404390886426443,0.180561772701103,-0.0374192160462599,-0.442873936383213,0.644590082000475,0.467757091056821,-0.248314613230095,1.04656616999537,0.674245158898077,-0.487694192213963,-0.497938927574555,-0.0888419244824767,-1.27951064359616,-0.300307812492071,-0.230630456346834,-0.0816782253679325
19,"X32","C5","STD_3_050","C3M","STD","3","50",0.300623713738836,0.428851417750542,0.142973255390945,0.21938355512899,0.183116471180855,0.153597218867943,0.492196166131092,0.315615144046562,0.184233070152882,0.181421735023709,0.162905683527218,0.20160338571716,0.187204891139468,0.206870289460547,0.315025026491157,0.110455638301077,0.367295419190616,0.274141921679329,0.169233217345049,0.132964658939144,0.0524202819313064,0.560453447528638,0.0736776502717627,0.0341412826993475,0.166151900502981,0.029005565398128,0.14143321302143,0.237664022509234,0.358352645270796,0.237221715833646,0.292441801617153,0.183044380631468,0.193164010428269,0.209801521537004,0.250758733559922,0.332933739090245,0.266597330207183,0.345861673948268,0.499483449614858,0.390897330694154,0.393060893689711,0.422830413588307,0.448352733298679,0.0401878975903562,0.474241019407896,0.198720436595033,0.0146544419274317,0.516803418761751,0.0730013213520895,0.45882132788762,0.305985799756392,0.307135654438827
25,"X33","C6","STD_3_100","C3L","STD","3","100",0.37559093319847,0.469031740646309,0.415950465411036,0.423565034182326,0.247462719649867,0.0192072901939211,0.395220531616995,0.184748937564033,0.181007082716109,0.251473211317506,0.0380404068015503,0.22244072269369,0.18102742963265,0.257456718589415,0.317313376163652,0.111624955810018,0.420903105850867,0.146217073373998,0.330418562822198,0.389315513502585,0.176162902039985,0.330229714331604,0.276066902648076,0.286621451174601,0.211088393549702,0.177564832759953,0.402220145558029,0.51345585518346,0.555499871462125,0.314009133356037,0.429577448191122,0.215005692184636,0.291949685703671,0.151938765280107,0.381905156085843,0.472491766863786,0.418136909663078,0.0431263107002637,0.551967695833755,0.463314277148287,-0.181696261890083,0.304621249461482,0.512499972093882,-0.320308878144504,0.139519226318466,0.229135357532204,0.0978987319849525,0.448022996300591,0.343564411974183,0.349223752522711,0.240588588467188,0.218747440172339
26,"X34","D4","STD_4_005","C4S","STD","4","5",-0.172790354303785,-0.207082007027123,-0.593552809618256,-0.176326727860546,-0.492709428406085,-0.343564936686852,-0.355837085336644,-0.332677399296304,-0.492619227359095,-0.273658282137115,-0.509991096365358,-0.452661141578567,-0.513970794909654,-0.462695836513028,-0.37451225431026,-0.567617850748577,-0.320130086066339,-0.259377628451707,-0.585127576452213,-0.691870866040825,-0.715244838079063,-0.299456707526261,-0.71673006402086,-0.6596044364038,-0.443327538538967,-0.560528518536211,-0.594975026759084,-0.278236208750264,-0.227668324223705,-0.22102903236642,-0.292468972349705,0.0210879972737761,-0.309556009651498,0.309030338583058,-0.221677568685309,-0.182703884197595,-0.138493932258216,0.23411091564069,0.133720527910123,-0.15769341583478,0.717559599492925,0.521360247304127,0.0329792534058129,1.10925990717249,0.692929989357956,-0.455737642606781,-0.658000389506975,-0.527617747653201,-0.784212498228938,-0.344925075209395,-0.212978610554719,0.0211162400884932
52,"X35","D5","STD_4_050","C4M","STD","4","50",0.386676628147407,0.610957443554681,0.614368467604237,0.157208698409401,0.444993516313529,0.467603441707052,0.643862649185938,0.499466426390556,0.469277883523553,0.410015276802451,0.436979745275382,0.41253525690131,0.475297810733514,0.415786366673251,0.568130056333202,0.210696410020799,0.470094509882632,0.469141357962351,0.352585062899483,0.731796912342692,0.0641036834427346,0.728741051271994,0.390431124801734,0.391764662469961,0.53107816537772,0.561831580019692,0.613089674810879,-0.0266986034327799,0.0342222979614064,0.000571168258675314,0.0339007155787634,-0.0594491478775039,-0.0409422762023519,-0.111412699255659,-0.0179026432455247,0.11382303588577,0.0374939851008405,-0.0751127029037706,0.155665985883667,0.101460200222959,-0.167240543704466,-0.0567868856193101,0.0296325837791711,-0.55560957867852,-0.192892694397123,0.406853236531592,0.184588266515726,0.516184876917563,0.194547005388874,0.533101220732223,0.442551243877797,0.427336431003539
53,"X36","D6","STD_4_100","C4L","STD","4","100",0.421027687744077,0.256023137463727,0.339024152857097,0.340873530934548,0.242137089388342,0.043923690536686,0.28566839728431,0.213082593487464,0.310855659687825,0.397252932701097,0.0587644327448507,0.263019451780131,0.261502466689568,0.310634409703375,0.286389466304214,0.103891805073645,0.424859842871528,0.179628921630205,0.227855507507202,0.313905409758275,0.211797839491629,0.411335031684056,0.189852402692004,0.284682471465999,0.261139301035703,0.136882389477156,0.335690252185412,0.411151144437837,0.479809574891142,0.347394022629078,0.377630304922041,0.184841327496913,0.245136288450765,0.117262802609697,0.29581269707667,0.421985175187565,0.36081455190134,0.0857888678435446,0.427484574557207,0.43540366059728,-0.0441021364691645,0.214172655099356,0.380322969248838,-0.194071346628136,0.147793079866331,0.257068477090079,0.127553220144844,0.670194287001619,0.300294027652876,0.322324716648644,0.222114347999891,0.417375162083371
24,"X37","E4","STD_5_005","C5S","STD","5","5",-0.177076195018874,-0.30173134532168,-0.500517749871101,-0.0744681412495174,-0.475826962406833,-0.500155302863961,-0.660368011880778,-0.33659720330843,-0.547631330359732,-0.155737499462417,-0.439480152157681,-0.526682719510222,-0.601910608861297,-0.517037119061492,-0.499239263313018,-0.591076138499741,-0.426508804828668,-0.378282775188052,-0.671491848472616,-0.737489201870341,-0.73973012712111,-0.716304639816447,-0.706225974115906,-0.577859658818639,-0.444310615401386,-0.25677447392735,-0.502387290717405,-0.326985028959318,-0.434135540630646,-0.278273425785312,-0.378304384681845,-0.0213253291534867,-0.36914095719388,0.280199925025395,-0.303536777141651,-0.233291317021592,-0.388038990725598,0.257945913812712,-0.0762539168710319,-0.406180576971438,0.617697593054859,0.357592317265671,-0.210936995349407,0.945759869964635,0.604541497663219,-0.5245570167404,-0.463410347780791,-0.0576003196794641,-1.02053796865682,-0.305070470951353,-0.250717358991564,-0.0664085983855913
35,"X38","E5","STD_5_050","C5M","STD","5","50",0.143140874034519,0.534542430177292,0.558944301749642,0.562675794289773,0.303948424416393,0.0540673150158373,0.423825693304653,0.321528868517973,0.232067636867056,0.705494467327682,0.130688588549911,0.260084953051804,0.203260085340424,0.274786043347398,0.184174508205641,0.137992020712177,0.34481687944055,0.305934429434035,0.345486918296891,0.128742559311649,0.00649097168144319,0.410332988873306,0.308925967366342,0.514077355993129,0.395388042907569,0.560033869805989,0.557265060158683,-0.0692277839822371,-0.0148948241032469,0.0327776102813404,0.0108308240192274,-0.0382199382820598,-0.0333124750505771,-0.111510219990404,-0.00799099963157612,0.121621031937417,0.0103985116099183,-0.0603928920296868,0.140970153775271,0.00914161161260818,-0.131398758454653,-0.0449906747178979,-0.0248031388374166,-0.409510238421467,-0.0966595388195435,0.269491481259339,0.213611725817988,0.554988437629342,0.163392191544093,0.420396759712217,0.383695468577095,0.150073443027122
42,"X39","E6","STD_5_100","C5L","STD","5","100",0.412222321913513,0.627818688650828,0.334472810709401,0.567823803698205,0.394747105029449,0.277499004034185,0.636375362106667,0.394215980868693,0.446933796981089,0.533583026584478,0.308435786815743,0.306789148818922,0.467623957999298,0.373671637158759,0.460396313000221,0.189117716749202,0.424401491413989,0.312110851301973,0.28827918969763,0.287679436758111,0.167693713992115,0.665379757387815,0.237939279313919,0.202801637464869,0.290588573117632,0.113005066442621,0.33239509847623,0.415128781740917,0.47735623654686,0.355600977523103,0.436175826933268,0.168011588523804,0.269855436525561,0.0826030823435726,0.30748570593641,0.42472439329343,0.379160451684663,0.026817767928021,0.482516988557659,0.431746417119705,-0.227194831118805,0.138084233525775,0.394023052983818,-0.391171149499252,-0.0144485457718302,0.300495012224009,0.0698039341933452,0.57041624029165,0.36269888236338,0.542614272644088,0.225762752239878,0.331382510387471
23,"X40","F4","STD_6_005","C6S","STD","6","5",-0.267184337023977,-0.207527309102787,-0.47909296443131,-0.374127972787246,-0.738043855272712,-0.319970745682058,-0.731460172087782,-0.437079427083432,-0.652155456396065,-0.368495550573115,-0.684181069138192,-0.500086754142171,-0.673945432776628,-0.492977978136754,-0.390362786926976,-0.557850119145688,-0.38027570616388,-0.291133629788895,-0.4921768451476,-0.610832762863199,-0.63745828830432,-0.74991648057759,-0.5870033199824,-0.547666398468168,-0.527551659588081,-0.532159397252716,-0.484432019724919,-0.23328657052918,-0.158534707379303,-0.196895480907734,-0.249948072131537,0.00687136739370864,-0.242755156709332,0.287009628192065,-0.217488529106452,-0.166324194512613,-0.31761852809336,0.225213225089848,-0.00962797523020509,-0.248303004515923,0.66147738411012,0.324449889920773,-0.175756730002342,1.08275206727625,0.607508234053298,-0.476709833640116,-0.529224981086079,-0.365293319569906,-0.801683241304635,-0.397995043733299,-0.336377971074221,-0.227247102394347
29,"X41","F5","STD_6_050","C6M","STD","6","50",0.228137410995436,0.354156255270148,0.315146912418843,0.146698733373518,0.207754360482768,0.249025595929454,0.375529716806384,0.251999355814206,-0.00235174245300573,0.463734264927753,0.079394324474424,0.213629125154234,0.0191321077395425,0.263155665079756,0.47527951158414,0.13033313565754,0.244660588075853,0.233197630091595,0.195979989962781,0.116954013771502,0.128551491147229,0.435493036556005,0.191782212615741,-0.177793541373179,0.244012951321157,0.162985519637633,0.312960887750716,0.175191420226059,0.264875743280716,0.180274877465242,0.187751122308876,0.0711896407736194,0.116624253224014,0.0352267896321106,0.163955293019335,0.265445907599594,0.143381156487137,-0.00363321631894031,0.330042581027298,0.256280662429507,-0.23024511871855,0.159800360790618,0.25968835874388,-0.206558568897865,0.0579549035193523,0.219560814602311,0.133035990155636,0.47461351822592,0.0942653230273551,0.399763505374477,0.220769589215438,0.276044276193657
48,"X42","F6","STD_6_100","C6L","STD","6","100",0.256347361105516,0.684597074511166,0.611162834884346,-0.0380827267078079,0.315131884736704,0.324605883348243,0.636586177921797,0.437531764013595,0.341253756663679,0.52213718759073,0.295631612940904,0.216214490991322,0.327707762183763,0.173958562676856,0.379773713155792,0.148854943864581,0.404370770837594,0.300024947312734,0.41868045648306,0.298973236983384,0.27166344620005,0.720691950704229,0.378027378857889,0.79978469618984,0.546974495818008,0.493280821033652,0.610437035531394,0.144476087466889,0.202250437258609,0.0743666074554508,0.168165010477121,-0.0844609272618007,0.0517612060784103,-0.240082442095863,0.0752136263403793,0.197201679370628,0.0943625245664546,-0.426785056239987,0.0923352044768766,0.117510648939903,-0.73022581725716,-0.33917912009617,0.0148704554377597,-0.672081250931261,-0.5781705955332,0.213760509264204,0.181864488623487,0.650947966239728,0.359278342330573,0.531006215618584,0.314089633532452,0.0842517238611897
40,"X43","G4","STD_7_005","C7S","STD","7","5",-0.228626295211696,-1.20094382721341,-0.661713147821105,-0.34296390686961,-0.410656714226571,-0.129388800954763,-0.412471862721901,-0.279872803377316,-0.608265444995601,-0.0140867452471864,-0.599694830149528,-0.359453848325432,-0.608851000342574,-0.399248668936794,-0.340051223724216,-0.410015447124699,-0.324519562032319,-0.188013139472484,-0.58748516392784,-0.693740652049494,-0.361146790493608,-0.369565741286829,-0.650853208777596,-0.751641527248804,-0.366961252074836,-0.319115179789252,-0.663049160493434,-0.294350620711234,-0.236389324183089,-0.179426137321762,-0.22908402470108,-0.0133487173549076,-0.24479333103818,0.24330642369229,-0.185973839464038,-0.132130687260307,-0.17090058681028,0.352035636283069,0.0374130615567863,-0.137110519790814,0.772234944651289,0.465610350586664,-0.00800013179281933,1.01449414944143,0.60509087981299,-0.371579921491404,-0.529214826787596,-0.592320122292238,-0.878677722603513,-0.32973549251744,-0.154508208042083,-0.158499602961299
50,"X44","G5","STD_7_050","C7M","STD","7","50",0.0422421453406558,0.473696549015321,0.337333541924498,0.00125515280254973,0.242498827397843,-0.152030794772942,0.276889809015485,0.183057381918473,-0.126357281994599,0.416265382446187,-0.128332051513908,0.0711777437927203,-0.155845914229888,0.121703841872672,0.110517998722154,0.00149906302834868,0.174790378738257,0.143271620001868,0.159908961275363,0.0630136753338082,-0.111873347029146,0.218979167579146,0.150378538932921,0.529606903646685,0.159517708690215,0.290443634126858,0.336592257960648,0.00296088144339013,0.0390303204687372,0.027262905350053,0.0378450131133432,-0.041143737825875,-0.00551813461841988,-0.0611931668978922,0.0201618837183597,0.14932014480585,0.0221843317561783,-0.0678592690179798,0.201246959254,0.0662453250441519,-0.146451633689627,0.0463126531030857,0.00861519298642754,-0.407838247374511,0.0411210073239081,0.0908281740909169,0.00901480624617967,0.531120137458111,-0.0149778470246593,0.185744845982181,0.295411019043029,-0.0330859156425913
12,"X45","G6","STD_7_100","C7L","STD","7","100",0.390876045822735,0.768308389934612,0.751096709585006,0.238975755876988,0.427524991688027,0.448075073421332,0.716590770710634,0.499703065927187,0.279323913139727,0.461900873514885,0.45623156612282,0.370634414624703,0.310444909826869,0.36134165805094,0.522108691161478,0.228595867460202,0.451876894447864,0.40822165677368,0.589454867134518,0.802916718360314,0.317553968563129,0.775586668002867,0.518180143108325,0.658936276622386,0.610387530052168,0.660148324692328,0.749353473133708,0.285731976748544,0.270253545969905,0.215802134048885,0.256092216688365,0.107327441541979,0.169260483799776,0.0207024032066281,0.219351768595466,0.362611062576964,0.30088492435153,0.0425745050480977,0.339693246753797,0.35566008225782,-0.0963301148114164,0.101853172845451,0.314075985838753,-0.302828867664675,0.154039231214845,0.381990290578798,0.217928662571881,0.884416864809134,0.331942146253374,0.674311958805054,0.411714178144022,0.441224891076789
10,"X46","H4","STD_8_005","C8S","STD","8","5",-0.17138384192519,-0.529641386301182,-0.0567604248803262,-0.0225800581720881,-0.622618034398578,-0.350424948857892,-1.09127642576902,-0.51809672058291,-0.786624201190171,-0.372861001929462,-0.68773032611313,-0.417635047281375,-0.770804702613252,-0.453095914585347,-0.4625687527716,-0.629048265565284,-0.504295535938525,-0.408968217739008,-0.424451843147759,-0.578555010942524,-0.532198012109653,-1.11493124597884,-0.400529406772772,-0.357640296028869,-0.411498138107111,-0.0386490164862838,-0.045834794335625,-0.337912533137477,-0.299024247290508,-0.343742108488271,-0.359701378286162,-0.0647896876014675,-0.306367485969438,0.223215713860012,-0.268844064300442,-0.183436921813441,-0.338003039071173,0.243557714568232,-0.108995366805147,-0.598952405103772,0.528825633563003,0.133307651028826,-0.395778188644679,0.884178222497225,0.458797371628991,-0.422861128363211,-0.415610782832968,-0.0893237455212867,-0.61713066020945,-0.393658821309308,-0.375239712581797,-0.0691849773458157
31,"X47","H5","STD_8_050","C8M","STD","8","50",0.408796406463641,-0.469275474810339,0.42536397991325,0.254414660106197,0.448441184006032,0.47815681042518,0.450566330533143,0.391377267015338,0.124935009843041,0.660235810663227,0.236594741641885,0.405872133810077,0.102566507951199,0.470380414906165,0.590046698961645,0.342865060451059,0.396902371312596,0.380570939423564,0.318643303257569,0.180865356743205,0.286730121067468,0.481078347589603,0.289807739023034,0.0766203235773002,0.365871335628092,0.36111689368174,0.432062569042483,0.261194410836862,0.363296234355047,0.242738178071717,0.305925674305704,0.133429901373487,0.182878272845707,0.0951626845368612,0.253397639518402,0.352048985598541,0.37495415721469,0.138881191303086,0.468233407954933,0.423159196688403,-0.116682762589295,0.230605731360702,0.450618823951639,-0.240537936120162,0.0424451150020797,0.403438532714821,0.230022470293325,0.404130351932379,0.190044206795831,0.429954670464276,0.369976310392253,0.397583933879332
37,"X48","H6","STD_8_100","C8L","STD","8","100",0.471365808703321,0.595016070154785,0.481967456010912,0.263293623042704,0.307915827404306,0.25011992376584,0.431307719095383,0.343012334479539,0.104291561959077,0.383153459630547,0.163232764555576,0.30239012928541,0.0829823414579822,0.402832699211159,0.353913796156299,0.184825062055427,0.391125712404567,0.242734469996282,0.345511379393126,0.356139920898322,0.205837165572293,0.318378793758168,0.288535723238067,0.259134995346086,0.277825651604886,0.208742675144509,0.480778109612817,0.417934839563512,0.443039184837316,0.338501321494475,0.397458593027492,0.165685816554379,0.296265904150705,0.0985390522433303,0.371432065789294,0.491425327607423,0.438510145881067,0.0205835317212095,0.406574505906796,0.387216510925717,-0.18261007103685,0.168411180433887,0.405845562496534,-0.539752847682645,-0.0949561782721151,0.301366288583878,0.181674879176671,0.942267193380783,0.365811715120307,0.494290486736823,0.266514150889723,0.393123262664922
