Metabolite,Chemical Formula,Metabolism,HMDB ID,Column,Ion Mode,WA1,WA2,WA3,WA4,WA5,WB1,WB2,WB3,WB4,WB5,WB6,WC1,WC2,WC3,WC4,WC5,WC6,CA1,CA2,CA3,CA4,CA5,CA6,CB1,CB2,CB3,CB4,CB5,CB6,CC1,CC2,CC3,CC4,CC5,CC6,QC_01,QC_02,QC_03,QC_04,QC_05,QC_06
Histamine,C5H9N3,Amines,HMDB0000870,HILIC,Negative,23727,145251,218581,34296,180267,23407,108326,187124,34942,167480,266384,30932,147794,236135,38876,180464,269178,37785,221060,302549,41172,231870,318818,26227,208502,291443,48859,213901,282475,28812,193148,287775,40088,209347,331820,167028,166948,178831,178662,183550,187172
Ethanolamine,C2H7NO,Amines,HMDB00149,HILIC,Positive,4553,29092,47786,2333,33767,6367,26633,40319,2821,20097,30055,4568,21525,44905,2720,36672,32655,2028,15740,27536,3655,24802,42151,1796,14131,27461,3540,24372,32715,2602,16705,22634,3482,25739,41193,34795,26851,24151,23049,19667,20700
1-Methylhistamine,C6H11N3,Amines,HMDB00898,HILIC,Positive,510,10582,32016,808,18783,897,12974,30110,1549,18303,33991,434,10776,29176,726,25419,33038,646,13645,30114,1107,17257,36481,400,10839,24117,1183,18005,31051,538,15291,24376,1262,20753,39799,21477,18881,15449,13342,13038,12140
Isoleucine,C6H13NO2,Amino acid,HMDB00172,HILIC,Positive,177913,1091201,1565436,64426,610302,264187,1071228,1964700,41780,400846,624191,80049,827744,1715349,68056,599103,730816,101534,960206,1435802,88419,711166,1158681,102830,850488,1495507,103833,729218,1043866,137722,852556,1222569,103401,681092,1160969,962609,811026,800571,770736,685609,711785
Leucine,C6H13NO2,Amino acid,HMDB00687,HILIC,Positive,349570,1640532,2393434,140877,949517,469093,1739031,3024877,89024,692789,1101484,168921,1268891,2528619,154716,988657,1214703,203047,1461755,1967451,177011,1003965,1673848,219006,1459216,2314593,218398,1037537,1548982,268315,1435799,1773433,196963,1061790,1705498,1413425,1281144,1246926,1169355,1175686,1161165
Lysine,C6H14N2O2,Amino acid,HMDB00182,HILIC,Positive,279379,1277940,1918534,146413,1075204,352226,1318595,2293613,135323,833365,1190487,137130,880270,2048637,166494,1142865,1311844,155706,1066845,1576757,140908,793674,1381354,149225,955100,1639893,179537,822704,1263262,189981,1085425,1530557,162643,891550,1439768,1146163,1026350,954277,926626,865386,840407
serine,C3H7NO3,Amino acid,HMDB00187,HILIC,Positive,15581,54048,79347,12197,51577,22826,53035,89733,12938,43334,54519,14774,46479,78636,14875,54463,66624,12768,43838,64916,11557,34856,49819,12050,35572,57313,12051,36414,55560,16660,42577,57509,12100,38650,56606,45694,45843,45129,42751,40691,36297
arginine,C6H14N4O2,Amino acid,HMDB0003416,HILIC,Positive,4603817,15677333,24434618,4230514,17060627,4600700,14073315,23143317,4570052,18407683,22998408,4036815,16164294,25878300,4521312,19496086,23097337,3986661,17500465,23936160,2029260,15772986,22875541,3521964,16211631,24720278,4181111,15856047,21859235,4420375,17166957,23280759,4478168,16429122,23133622,17863943,16094925,15829319,15632120,15282245,14756680
Taurine,C2H7NO3S,Amino acid,HMDB0000251,HILIC,Positive,261783,1118557,1849147,275847,1127753,330168,1070504,1602226,283704,1025921,1243169,339439,1271745,1689525,303460,1242123,1407079,233157,1002853,1309627,296775,955867,1247829,209323,880266,1284951,258142,939652,1304184,227871,1053040,1385284,239467,991318,1290351,1195608,1045164,1031145,1012286,985735,982742
Glycine,C2H5NO2,Amino acid,HMDB00123,HILIC,Negative,45270,261715,437667,20744,136648,49598,276545,427129,17602,99196,163033,48940,219966,354633,20807,132680,178686,37950,198820,300004,32280,172605,246246,37060,216708,291301,30376,154945,218980,39001,202323,286822,28956,159834,231129,179470,184574,177858,197464,191681,193280
beta-Alanine,C3H7NO2,Amino acid,HMDB01252,HILIC,Negative,50376,247653,414399,81340,246369,71457,235092,351682,66156,249602,406802,45658,248044,352272,75424,268305,417327,74756,298768,422370,75290,383734,563825,58077,348943,417717,75599,358170,448055,59670,269709,367178,85694,369874,529652,289461,299618,311712,301208,291751,323144
Alanine,C3H7NO2,Amino acid,HMDB00161,HILIC,Negative,277923,1445950,2291013,234054,1432300,313061,1397071,2394969,205213,1389825,2088222,201801,1257263,1873255,236526,1318287,2349831,217079,1270495,1664424,212443,1724282,2467252,217066,1328945,1811385,258578,1518670,2032030,218140,1291521,1756990,223661,1555353,2027569,1231634,1355873,1314622,1382350,1365912,1440565
Serine,C3H7NO3,Amino acid,HMDB00187,HILIC,Negative,75223,360238,486268,53546,266838,85952,386948,578157,41297,224312,368050,63450,260997,475104,53140,263069,400884,59246,304852,374837,39911,261410,354183,51546,267423,319212,56238,249555,294998,58718,240474,349246,42845,224398,328362,244239,272468,249339,297975,286167,293765
Threonine,C4H9NO3,Amino acid,HMDB00167,HILIC,Negative,116312,582347,958084,77064,443265,147790,585853,1042874,50436,347273,619054,67448,469127,694073,76147,362186,734267,32251,226273,250794,58916,294710,411539,39868,214431,279533,68062,263689,408871,37242,193585,308351,37029,291363,372823,308581,322298,329959,339454,341160,362744
Hydroxyproline,C5H9NO3,Amino acid,HMDB00725,HILIC,Negative,25813,201925,239817,7035,61086,10229,189892,230442,9402,35754,63869,27947,159846,252926,4709,33556,62357,5351,71446,58320,1790,17458,37176,3005,21771,52312,1036,23314,17199,3836,22227,64569,5069,27006,20168,66720,72546,71056,74502,79334,86708
n-Glycylproline,C7H12N2O3,Amino acid,HMDB00721,HILIC,Negative,15276,114445,176216,19163,76980,16072,122035,205116,8894,76472,132390,16897,95093,148237,9854,66758,142920,17234,96287,97117,19094,98036,157080,12805,105997,134407,17815,89976,137948,12773,103217,128939,2951,106699,153972,70199,88613,88976,94565,68445,77741
N6-Acetyl-Lysine,C8H16N2O3,Amino acid,HMDB00206,HILIC,Negative,9036,48693,89777,5311,46153,10701,46297,92656,8112,57202,36357,7987,52237,88414,4653,45103,44221,7630,57907,62270,10194,65051,118782,7127,93221,149224,6530,51523,76190,10296,114371,125711,8781,88141,100947,72306,61784,64105,63204,52238,53578
Kynurenine,C10H12N2O3,Amino acid,HMDB00684,HILIC,Negative,22659,210320,434052,26451,165865,25732,220678,364805,20345,154814,336289,22787,177740,268217,22316,165369,320544,7617,93374,161888,22091,202844,285611,8420,125102,195982,23924,183733,269462,8137,116230,161296,17322,198798,275194,151186,158869,161838,159296,175506,172343
Argininosuccinate,C10H18N4O6,Amino acid,HMDB00052,HILIC,Negative,21076,163402,342586,12678,88093,8323,132953,298350,10357,106143,237440,27478,154817,312583,11205,116630,188107,11464,110051,191347,12760,84491,199422,10964,107180,176827,14918,152650,207098,16216,118017,157433,19807,100097,255065,115016,122344,119774,125482,121981,124373
2-Oxobutyrate,C4H6O3,Amino acid,HMDB00005,HILIC,Negative,96184,363943,810177,66774,206838,105175,359263,658705,62516,251313,407269,102094,351102,593588,85121,251165,403719,69849,279625,380602,54900,168187,299051,67335,319960,449457,66085,204409,381136,78843,336259,476156,55815,179274,405642,268221,267261,261583,283681,281821,280774
2-Hydroxyisobutyrate/2-Hydroxybutyrate,C4H8O3,Amino acid,HMDB00729,HILIC,Negative,8022,35558,68417,3105,36472,5968,35138,40019,2600,17663,35980,6990,24324,45291,3814,23181,54796,4577,19070,26381,7093,57111,69905,5762,23858,24727,6787,32269,30565,6617,26657,27774,7095,58489,36137,29437,30186,32042,29146,29650,29903
2-Hydroxyisovaleric Acid,C5H10O3,Amino acid,HMDB00407,HILIC,Negative,4303,127892,280029,644,21514,1752,134533,190785,1316,13057,36275,22900,154237,242730,679,21568,41662,1981,33300,65081,1108,13294,20779,1675,29516,51120,930,10835,16497,1895,34884,56008,904,13566,20518,41932,44818,43646,47769,47069,44781
2-oxo-Isocaproic Acid,C6H10O3,Amino acid,HMDB00695,HILIC,Negative,246296,1678132,2614181,83049,544749,298678,1804097,3244626,61902,593288,1310738,171458,1200302,2198136,127157,693626,1202132,104188,940330,1111884,80112,579722,1045189,109457,801418,1079511,124997,666817,1105424,110282,710359,1164293,50732,431961,1186989,775125,868702,889028,959326,940310,953781
N-Ac-Alanine,C5H9NO3,Amino acid,HMDB00766,HILIC,Negative,17101,95958,209805,5018,54049,14442,112716,210312,19594,83222,128362,13783,121411,191118,15022,87295,122034,8666,100041,139504,5989,70872,89111,4410,74342,146511,7045,71100,97412,8359,73054,132668,12595,65343,85744,86974,91194,83641,107875,91636,101282
n-isoButyrylglycine,C6H11NO3,Amino acid,HMDB00730,HILIC,Negative,4260,39780,69414,2968,31733,7764,36280,53485,5575,39244,58481,6121,37551,56886,6285,41916,56929,3183,32235,45563,4466,41005,50109,2862,24757,46712,1510,37366,53561,2238,31168,48614,6711,37551,55428,40841,37586,39504,39380,31999,46863
2-Hydroxyphenylacetate,C8H8O3,Amino acid,HMDB62635,HILIC,Negative,148924,1606426,2846559,252409,2149821,82548,2359745,2006302,535809,2777193,4905815,819749,2355018,2865802,336191,2556652,3764031,121729,979495,1228357,204451,1494963,1726400,97044,886678,1114006,375892,2015931,2821963,146183,983307,1536373,221808,1745833,2453203,1548180,1745029,1756702,1907023,1975627,1866143
n-isoValerylglycine,C7H13NO3,Amino acid,HMDB00678,HILIC,Negative,3345,49508,112836,3325,23289,228,49679,118289,2287,68537,80293,816,60975,64597,858,28524,81277,849,113225,149944,2450,61437,78946,1482,86750,115009,3875,58408,97011,676,61295,87479,2952,49320,63339,45644,49291,49875,53310,57899,56532
3-Methyl-3-Hydroxyglutaric Acid,C6H10O5,Amino acid,HMDB0000355,HILIC,Negative,37330,194593,340920,35822,109997,28816,191205,270643,17886,159494,313028,41799,175875,239637,29553,155877,339124,32551,160741,324747,36941,233093,341821,41631,142874,269105,37657,215888,277105,41742,149892,233232,29253,238018,266610,129120,125254,198148,193567,185415,196181
Pipecolate,C6H11NO2,Amino acid,HMDB00070,HILIC,Positive,252984,1095702,1635493,150603,953261,314227,1072684,1911755,147382,803703,993073,134248,813600,1784866,182897,1014316,1155240,153907,938919,1365078,148943,732272,1206276,149129,855652,1421357,180633,769409,1141901,187209,897604,1332519,161535,816053,1259586,1004700,893893,855083,798852,776189,777260
Hydroxyproline,C5H9NO3,Amino acid,HMDB00725,HILIC,Positive,15351,162236,263254,1181,40363,7770,140339,231898,2189,29337,61741,21259,128569,329420,1162,38991,47582,1100,34670,64655,496,11456,27564,619,10295,29593,592,13122,16511,1017,15032,46623,600,11631,19253,77388,64252,60562,55294,52779,51799
S-Methylcysteine,C4H9NO2S,Amino acid,HMDB02108,HILIC,Positive,267,3193,8674,383,3264,865,3506,5735,341,3380,3670,602,4308,8336,304,3468,3728,830,7642,13378,779,6845,8606,421,6485,11966,787,6733,8715,1033,7070,14191,1331,6197,9948,8505,5723,5324,5192,3768,4185
4-Guanidinobutanoate,C5H11N3O2,Amino acid,HMDB03464,HILIC,Positive,21774,111854,118245,4823,55508,10247,61502,139047,5178,46966,73203,13202,81291,168577,5708,56788,72015,5175,60284,68116,4097,31130,45373,5813,36735,61385,3305,27397,40227,5462,45002,91652,3765,31137,48737,52980,48552,47010,46448,43151,44218
N-Acetylornithine,C7H14N2O3,Amino acid,HMDB03357,HILIC,Positive,13917,54052,106341,11378,47226,4819,54084,138866,15521,30274,62171,11749,35393,138564,20091,53947,65677,18640,167174,722722,14634,43454,65230,14153,289921,698048,17108,49489,76455,21976,411670,393897,14634,47923,78512,150666,114604,110346,100628,82793,89508
Homoarginine,C7H16N4O2,Amino acid,HMDB00670,HILIC,Positive,33498,141056,270139,5523,34577,18130,145010,230308,4740,24856,49043,13620,110488,209860,4584,32434,50649,10570,114669,118670,5413,34179,50526,9415,77003,105635,6355,32730,52604,15525,81546,189091,5663,33820,50162,86189,76480,71458,70448,73140,68854
Dimethylarginine (A/SDMA),C8H18N4O2,Amino acid,HMDB01539/HMDB03334,HILIC,Positive,288007,732736,1033962,40615,197680,137183,583081,1051158,32619,161404,306585,98279,556068,1057425,35656,210650,286557,90937,657670,572072,41658,232065,310896,79121,477867,571921,44847,203590,266456,100241,519879,976835,40396,185585,289072,401642,374572,371158,371915,383301,389027
Phosphocreatine,C4H10N3O5P,Amino acid,HMDB01511,HILIC,Positive,2034,16161,30665,2644,13873,3521,11631,20992,2988,18644,22870,2464,21113,29563,3492,19658,24859,1618,14193,20206,2146,15508,23635,1643,13143,20558,2337,18713,19636,1693,11493,23312,2469,12870,22051,16792,13888,13704,17385,14262,12607
N-Ac-Arginine,C8H17N4O3,Amino acid,HMDB04620,HILIC,Positive,5933,162301,97809,26582,687462,4202,70505,160415,18688,227576,587492,8480,56082,354309,13133,571042,556130,8551,144806,361398,12404,276359,539985,15490,91261,173761,6746,240163,183317,11534,110869,166766,6965,299490,480907,234575,201453,200953,205377,195431,200634
Nicotinic Acid,C6H5NO2,Amino acid,HMDB01488,HILIC,Positive,48451,260084,335354,28669,276707,48476,234437,319473,36369,226505,319286,49577,197647,327936,34706,283211,326652,25810,163341,243557,33441,207817,330979,29864,151562,230556,37122,188768,234536,33515,181077,214506,33158,180841,304393,231134,208513,196685,186151,184887,185975
Erythronic/Threonic Acid,C4H8O5,Amino acid,HMDB00613/HMDB000943,HILIC,Positive,74888,445011,786775,77475,646486,92034,427128,715979,78055,444135,601292,69058,410200,714054,79217,675361,807228,61147,366900,501296,58069,450183,569619,50961,408311,625567,68675,328435,421384,71303,423070,581067,75311,505546,459404,430506,409592,379962,379501,370218,344669
N-Ac-Glutamate,C6H9NO4,Amino acid,HMDB01138,HILIC,Positive,21518,295765,441030,24526,36068,469,121890,335084,21628,422160,408158,419,334717,249651,1015,87130,322852,711,424418,799495,16733,88495,86074,2374,264444,715392,21838,267169,383741,1380,298980,395157,54427,125428,381753,196703,248072,227922,243805,226683,228506
Methionine,C5H11NO2S,Amino acid,HMDB00696,C18,Positive,150926,532184,617644,51611,255387,155080,484315,726172,32095,203526,302645,83002,440057,595888,50814,241880,313072,107307,528761,538155,61963,256408,322565,110969,488067,637392,75680,254654,296207,104184,427691,529564,64241,259739,373076,346987,382691,375286,369704,361961,399952
AMINOADIPATE,C6H11NO4,Amino acid,HMDB0000510,C18,Positive,4579,17343,24914,2226,15532,5327,14708,22710,3742,8627,13301,5254,10662,16578,3102,13092,15519,4007,19266,24729,3244,11002,12758,3886,13053,15389,4782,11296,11809,2718,13570,14535,3786,7714,16976,17673,16476,17715,15749,14450,13481
1-Aminocyclopropane-1-carboxylic acid,C4H7NO2,Amino acid,HMDB0036458,HILIC,Positive,66266,419779,403756,109896,632987,78818,441254,544234,130781,677189,765489,41867,252850,712106,109774,836854,773618,69415,509756,805490,80157,432442,666889,47620,393533,679349,72047,548083,730807,76396,392493,539626,88430,478381,825597,631551,515127,477403,471676,427283,444969
"N6,N6,N6-Trimethyl-L-lysine",C9H20N2O2,Amino acid,HMDB0001325,HILIC,Positive,123325,672002,948623,45591,326781,146419,635742,1163684,26179,215368,358758,63080,517413,1032190,49186,308867,401596,67455,550811,773369,43354,308913,490476,66521,489588,830293,65091,321720,482824,81297,470127,765047,43427,306081,517156,452281,432794,430744,431624,424188,397666
Asparagine,C4H8N2O3,Amino acid,HMDB00168,HILIC,Negative,93765,455530,715803,83639,478200,110629,494027,844303,80485,456240,705794,56569,349194,758420,96830,557873,770909,76860,495620,773315,68996,394840,700709,73956,478222,796970,91180,465157,686894,100281,482798,761964,77460,425650,740627,476899,494895,470717,453611,440282,420454
Aspartic acid,C4H7NO4,Amino acid,HMDB0000191,HILIC,Negative,3847,47868,43968,5047,50186,11572,48889,52844,6980,33722,73906,5855,26568,49000,8325,61941,61122,5629,28171,33887,4965,47734,81032,3950,21456,27789,2865,43979,40997,6068,32902,34701,4774,34756,59762,43177,39842,39192,38476,36650,37277
Citrulline,C6H13N3O3,Amino acid,HMDB0000904,HILIC,Negative,7588,19605,20400,2440,9385,3430,20405,27579,4370,10602,21243,3941,20083,29581,2497,15772,19588,8388,19193,44765,4792,10045,25021,6326,27484,35155,4177,11152,16910,5832,26199,28743,4493,17437,18396,10409,14588,18529,20040,17387,15318
gamma-Aminobutyrate,C4H9NO2,Amino acid,HMDB0000112,HILIC,Negative,64673,400873,604819,41016,394052,79747,338838,584223,45648,274847,534442,66216,295598,503216,55404,469523,605317,41612,266147,370407,51839,333319,478082,46216,303530,442951,55169,247677,334471,47813,338615,471380,35590,256595,418299,312566,326162,307538,301438,304842,331939
Glutamic acid,C5H9NO4,Amino acid,HMDB0000148,HILIC,Negative,574696,3242917,4870683,357439,3077532,662406,2876037,4624968,367622,2125497,4500001,553211,2490471,4054124,466678,3643097,5098721,376733,2239332,2942103,429922,2648719,3923061,403827,2442577,3669091,474733,2010383,2750098,404121,2747249,3960902,304145,2055768,3546653,2506671,2540063,2428403,2529950,2652037,2630400
Glutamine,C5H10N2O3,Amino acid,HMDB0003423,HILIC,Negative,662216,3639176,3329383,1101789,4259861,589336,3700871,4335967,989922,4536644,7046650,360077,1716267,5051922,999721,5214395,7156892,788989,4246355,5833166,644284,4022063,5420687,526741,3754585,5026540,698830,4216135,5464408,680691,3054760,4306768,678103,3786339,6410730,3779674,3877421,3749116,3949476,4084097,4120045
histidine,C6H9N3O2,Amino acid,HMDB0000177,HILIC,Negative,1470211,7921044,11986925,1948879,9098789,1252381,6151924,10478572,1857429,8720085,13780550,1651439,7848183,12176193,2126086,9285311,14408451,2071881,11870655,14956727,2235786,12275994,17386698,1590736,11030825,15354767,2628572,10865010,14618783,1616648,9963466,15356783,2143805,11208999,16546247,8680998,9360043,9529125,9402581,9856652,9596113
L-threonic Acid,C4H8O5,Amino acid,HMDB0000943,HILIC,Negative,18763,211969,399406,10381,157702,11315,212841,295730,22617,161411,345980,45262,204098,347638,14266,179908,281326,17294,155633,215284,17564,149401,215893,19494,142644,175081,17451,148627,196153,18699,140302,207819,14916,153694,231519,152200,152913,144785,154813,152313,175629
N-acetylaspartate,C6H9NO5,Amino acid,HMDB0000812,HILIC,Negative,63958,1088137,2631498,57020,555659,106838,1274271,2356977,85072,1005436,1738272,138402,1544309,2212165,82902,906796,1427874,42904,1024619,1623168,40571,732830,1004761,31459,900208,1655385,42249,669933,1117121,15750,880692,1515888,51249,770788,958177,908325,1037053,990909,1026675,1031429,1028123
Ornithine,C5H12N2O2,Amino acid,HMDB0003374,HILIC,Negative,4666,20168,30000,3089,17355,3387,25214,34759,1613,14962,19212,6868,19811,29995,2869,19615,22352,5723,27627,36807,4528,20386,32157,6228,27833,41901,4610,13464,21364,6867,23367,33091,2034,18590,29270,17764,23620,21584,21952,21511,18445
Phenylalanine,C9H11NO2,Amino acid,HMDB00159,HILIC,Negative,338098,2127476,2278753,130198,892111,396777,1885651,3440012,63709,604124,1331311,155676,1324577,2347231,138045,888125,1460207,164542,1421285,1484767,134572,1294125,1784427,177628,1247236,1566857,188510,1090931,1296295,185692,1111498,1348825,123542,1084312,1622510,1060343,1101166,1135228,1178437,1259199,1208441
Proline,C5H9NO2,Amino acid,HMDB0000162,HILIC,Negative,553510,1363900,5793659,610077,1295128,528674,1482696,4724287,476053,2624478,3625087,384073,3082916,2903316,540530,1360432,3254689,355637,2042344,1510837,461208,2073063,3187845,409871,2848575,3981690,555960,1866459,4168139,359288,2709166,4135531,492421,1852533,3592949,1993046,2173201,2169061,2163489,2341333,2329027
Tryptophan,C11H12N2O2,Amino acid,HMDB00929,HILIC,Negative,207341,1573020,2494431,107998,697677,235089,1405034,2893123,61492,598101,1247547,149488,1154177,1974042,97132,826388,1237760,115624,1076485,1459759,114051,984857,1626139,89427,1003398,1426250,129690,977592,1522162,126217,831133,1301847,97181,911853,1666367,911293,997942,969334,990081,1014771,1027367
Tyrosine,C9H11NO3,Amino acid,HMDB00158,HILIC,Negative,45630,909639,1716890,26326,434966,28320,822892,1190677,13237,293473,796359,49713,861695,1343789,12970,187145,510038,89594,2213099,3494038,107518,3881835,5516147,103024,2449723,3509719,285304,3188667,3771238,103661,1787269,2806502,151386,2812962,4317866,1329019,1478059,1307608,1554143,1476090,1712729
Valine,C5H11NO2,Amino acid,HMDB0000883,HILIC,Negative,121712,738331,971130,39869,261583,137306,720832,1245763,20932,184058,347399,51746,475350,959255,39970,238330,392632,64569,575048,767513,46671,415300,638064,67856,575109,850023,64225,368429,531790,81276,524563,722631,48979,358187,571386,411565,444129,438196,459205,462750,455817
4-Aminobenzoic Acid,C7H7NO2,Benzoic acid,HMDB01392,HILIC,Positive,49192,303381,608867,49661,387698,64357,342161,552205,65847,404386,598375,51611,322254,602794,47517,479275,558433,56555,338778,569238,53824,341081,552933,47818,311775,551851,55330,361450,527954,58126,338305,507991,59737,370901,583534,410354,375696,346036,329859,310246,327417
Phenylacetic Acid,C8H8O2,Benzoic acid,HMDB00209,HILIC,Positive,3009,32996,95104,2420,65536,1956,28238,66545,2241,44157,99177,1943,17210,60104,1750,53311,106060,2110,34864,80394,3724,72327,139424,2011,34891,86793,3660,64165,121319,2464,46831,71729,4928,93009,172778,52157,45614,43715,36240,34107,48843
4-Hydroxybenzoic Acid,C7H6O3,Benzoic acid,HMDB00500,HILIC,Positive,1900,5535,22510,2799,7568,3283,7595,15604,1627,7571,9472,2208,9375,14076,1712,8038,9394,4084,14937,16409,4981,10264,16395,3488,17953,30653,5130,13534,25905,4790,23727,29290,5469,13451,26757,13901,10256,10309,12039,11753,11634
Salicylic acid,C7H6O3,Benzoic acid,HMDB0001895,HILIC,Negative,18574,60175,161600,29037,80786,8871,82806,126140,8036,40412,184069,18265,83830,153497,28615,54530,111026,23795,124069,173940,17538,168764,222104,17280,109871,203683,34342,131958,196959,23597,123122,209047,12001,128933,270256,64409,109888,103474,69787,137199,127878
Aspartylglycosamine,C12H21N3O8,Carbohydrate,HMDB0000489,HILIC,Negative,19466,82928,92524,7910,52938,20712,69717,103457,4758,45000,50924,12428,80123,90481,7663,57870,57479,10975,40732,78253,6740,31004,49306,9179,42991,67001,8007,28975,39934,10895,64636,55394,6280,28903,44767,55868,69716,63939,57009,61520,45273
lactate,C3H6O3,Carbohydrate,HMDB0000190,HILIC,Negative,99106,859146,1502497,55565,748549,85997,1139813,1446329,40375,491810,801472,181989,901009,1478911,45896,453721,1137930,66318,607454,844499,53705,1050144,1209581,75869,661556,909172,76654,639146,581866,75030,632269,922888,79906,1090650,556779,634249,705533,685695,681108,715241,710901
Xanthurenic Acid,C10H9NO3,Carboxylic acids,HMDB00881,HILIC,Negative,67803,585623,1244527,80954,508048,79326,624988,1044155,72170,487017,942515,64892,506523,801963,71073,517213,950106,21989,258577,465191,76665,596034,885905,25457,356167,575327,76133,524907,845065,25692,334103,471058,60965,590682,854307,440538,482476,467071,472439,503184,481396
N-Acetylneuraminate,C9H17NO8,Carboxylic acids,HMDB00230,HILIC,Negative,74454,357380,454506,10478,58986,78956,353227,547336,7044,38586,69116,46881,350058,462327,12875,45268,65557,16592,64049,93393,7002,50035,72466,11387,62754,90417,17889,43587,83915,15025,67304,78792,9588,52899,70332,120565,137102,138913,133674,132772,139504
Aminoacetone,C3H7NO,Carboxylic acids,HMDB02134,HILIC,Positive,30240,141177,252410,21141,125587,45985,139377,229970,18892,106234,116947,20347,123199,219082,22560,128182,149488,6797,54781,80443,16142,54793,84637,8744,45506,76800,16150,58928,105287,11311,55235,74082,13435,64336,96191,111437,99165,89082,89677,83495,78380
N-(1-Deoxy-1-fructosyl)histidine,C12H19N3O7,Carboxylic acids,HMDB0037839,HILIC,Negative,3657,45491,111934,3835,26418,2436,54126,68251,2564,17781,45742,9348,50899,64788,2932,16751,39086,9308,73924,116402,2585,40530,44141,6770,87009,165502,4779,27374,44406,5964,81186,136798,2094,30812,34370,33034,42511,40611,43912,38881,48120
Carnitine,C7H15NO3,Carnitine,HMDB0000062,C18,Positive,374891,839227,1760597,380503,791640,333489,826012,1381568,359755,957348,1095173,474998,1306689,1393181,332731,859708,1128017,407630,989166,1163296,417793,1174907,1410030,282655,943774,1358080,437415,851901,1322555,376653,976124,1546419,507903,1206212,1524645,985964,1011269,1061493,986537,915136,906884
Acetylcarnitine,C9H17NO4,Carnitine,HMDB0000201,C18,Positive,1014901,4253949,5063546,882345,3901474,1073133,3605373,4857995,871979,3667551,5040285,1141657,3380841,6369511,989925,4173633,4867139,1461490,5422519,7469630,1970836,6013084,8662620,1042319,4060058,5257879,1385645,6420267,7083310,1243896,4129654,5583141,1871349,5828209,8791489,4774672,4769162,4427041,4274333,4111758,4439581
AC 14:1,C21H39NO4,Carnitine,NA,C18,Positive,19765,221028,224440,11852,156839,50248,340143,322921,13831,151620,244960,16564,249667,925281,14561,197173,166743,50897,428395,1474389,120739,669924,1423230,49231,468764,1057686,85392,994579,1400378,51714,475496,817094,208128,641143,1879888,581925,478669,494028,490684,446419,438757
Myristoylcarnitine,C21H41NO4,Carnitine,HMDB0005066,C18,Positive,408875,2825517,3712527,267282,1211585,502573,2880452,4027622,441426,2646661,3283471,328038,2417001,5801845,226319,2172487,1949507,643737,5046688,9345957,2165851,4688538,11108111,454541,4275857,8239452,1755602,12097301,17348017,648333,4395715,5869803,3743432,6356795,19024410,5605579,4645194,5031842,4738110,3939781,4218209
Palmitoleylcarnitine,C23H43NO4,Carnitine,NA,C18,Positive,1012795,5656571,6943618,493127,2323731,861353,5822629,7579193,732072,4661287,4868734,806667,4815786,11321142,405597,4294306,3330861,1310840,10402966,19614777,2914097,6750770,14535752,920345,8985665,18957216,2604848,14824239,22979085,1415385,9167117,13357523,3699704,8666031,23059171,10314684,8761048,7906979,8022961,6985867,7127447
Palmitoylcarnitine,C23H45NO4,Carnitine,HMDB0000222,C18,Positive,1630342,9858812,13362179,1282090,4602429,1605704,9316149,11936503,1188332,8782213,8389267,1456697,9702614,17260248,939568,6489603,6706820,1991418,11520137,19201387,2264610,5950682,12797353,1237108,12308783,18107538,2708776,12474353,19181577,1853501,13324278,15852074,3502980,8037072,21323579,11907304,9356979,9045093,9261550,8074110,8169221
Linolenylcarnitine,C25H43NO4,Carnitine,NA,C18,Positive,132369,1124976,1568731,73217,247090,152694,1209521,1488901,70326,406248,552470,122005,1024690,1904775,52214,350410,457810,32450,267600,494441,32840,122601,166688,18724,227311,532320,29856,184389,331507,32416,276452,374683,42791,130541,302159,564644,456068,541614,483158,423090,404098
Linoleylcarnitine,C25H45NO4,Carnitine,HMDB0006469,C18,Positive,591485,4233099,5985445,204311,1859984,523445,3846163,5818043,234862,2202975,2901820,618194,4808201,8214232,207705,2092307,1930095,541548,5064758,10033838,502453,2183358,4098353,315031,4415970,10383321,628848,3452998,6719199,543593,5125189,7959634,704147,2538587,7153808,4658422,4466216,4039365,3841269,3270817,2862708
Oleoylcarnitine,C25H47NO4,Carnitine,HMDB0005065,C18,Positive,2554105,14596324,16155210,1261772,6150305,2442202,13728450,18006714,1264186,9684505,9728349,2487179,15209718,24056798,1043714,8389307,8289996,2522512,16415256,31650061,2499233,7168329,14871460,1820312,15970125,29824084,2366649,13469189,24194903,2331570,16335043,21742394,3537046,9858019,27186202,16116476,14559006,13995162,12630812,12087341,12063867
AC 20:2,C27H49NO4,Carnitine,NA,C18,Positive,41839,213526,311787,51775,222857,43568,201423,305768,56588,346663,405386,39107,237309,458152,42283,317403,305889,51091,256470,664568,93128,209090,512555,31019,308422,708094,102730,419559,892557,44664,306949,499949,80680,271316,1100714,340235,317801,313019,281268,284445,282504
AC 20:1,C27H51NO4,Carnitine,NA,C18,Positive,64596,378540,376491,31657,159240,52893,274227,285379,16049,190510,152993,55530,330525,560491,25737,223528,195147,24575,211092,397535,43316,114073,235308,32896,277834,461621,36626,235045,336068,39435,323605,564868,48501,145623,397046,267472,256748,223917,207459,203437,190997
Stearoylcarnitine,C25H49NO4,Carnitine,HMDB0000848,C18,Positive,586853,3410957,3104153,345646,1574468,538191,2362335,1390731,375953,2613487,1668007,482739,3014660,3619008,289687,2340877,1715478,387263,1753028,2920031,419912,1033452,1533169,310014,2415289,3035412,381989,1696268,2283410,389732,3105783,4432874,421757,1177634,3004271,2360375,2101639,1976560,1710355,1662572,1646081
Succinylcarnitine,C11H19NO6,Carnitine,HMDB0061717,HILIC,Positive,2355,14852,12655,2046,13317,1550,14613,13596,1700,13885,17798,1541,12463,13716,1307,10617,11996,2076,31604,25474,5607,37000,57174,981,19450,19724,5007,43863,47214,1874,17024,18223,8265,40452,63394,24433,20210,18561,18094,18263,19857
Acetylcholine,C7H15NO2,Choline,HMDB0000895,C18,Positive,36351,184373,192462,15805,40474,21262,240147,240261,20473,95882,105108,40130,142303,270381,26847,63950,91654,31531,122505,153838,9078,30167,36253,29584,161093,210299,8987,39505,56014,27592,137081,223214,8180,33226,44252,107061,114708,113117,103901,84273,111378
Choline,C5H13NO,Choline,HMDB0000097,C18,Positive,602183,1267612,1734863,399445,1383511,671014,1246794,1713087,444361,1131253,1340688,563569,1179341,1906361,431983,1279947,1501704,366413,974063,1333418,372281,999505,1227467,351824,913160,1133022,375447,840993,1059717,375228,842513,1001820,351218,985626,1214304,1107817,1213749,1110383,1029280,948710,959435
phosphocholine,C5H14NO4P,Choline,HMDB0001565,C18,Positive,2600766,5522942,5593347,2078793,4075228,2452646,4715343,5559218,2043072,4183968,5021031,2137024,4304586,5638766,2066484,4160779,4858427,1239779,2655205,2809751,1383919,2465572,2088329,1159657,2718451,2518441,1318272,2457832,2767853,1080521,2208695,2449994,994029,2191467,2653790,3209751,3289583,3346421,3402479,2992556,2938446
Cytidine diphosphate choline (CDPcholine),C14H26N4O11P2,Choline,HMDB0001413,C18,Positive,18682,48382,50342,10854,41025,20111,41151,48111,8268,16901,20446,18825,26974,45501,10083,22639,32204,17930,37018,48754,10922,49682,40767,15334,65582,62555,15868,35182,34850,21434,47971,43688,13688,39027,30791,33069,31860,33685,34148,30669,28655
Glycerophosphocholine,C8H20NO6P,Choline,HMDB0000086,C18,Positive,29116,93256,136476,33468,76643,32966,111638,104259,28439,68210,71978,61541,90170,99851,25837,59917,74269,102540,201315,230207,29144,88944,80164,69358,250472,306257,49146,66214,81276,76222,217964,211755,37603,81317,69769,105440,112765,115299,113766,99527,100723
Cytidine diphosphate choline (CDPcholine),C14H26N4O11P2,Choline,HMDB0001413,HILIC,Positive,86356,990884,1812277,48250,706668,84409,834458,1726704,33197,311383,731453,80542,643264,1489247,31881,446805,907062,70560,701023,1343944,46032,895574,1553273,62255,933402,1787967,61357,644030,773917,80791,921291,1239872,48285,792877,820610,703779,668466,629956,654197,622897,616826
Biopterin,C9H11N5O3,Coenzyme,HMDB00468,HILIC,Negative,121763,560933,810943,289555,1224982,130635,569182,756369,186084,1085875,1911855,114064,477651,750354,278697,1402498,1763721,97929,480385,573911,230725,1612109,2170678,111381,549444,642318,287927,1340973,1753048,91120,520332,772392,202950,1477570,2005030,823058,817394,813212,806949,847226,886934
Neopterin,C9H11N5O3,Coenzyme,HMDB00845,HILIC,Negative,377666,2290462,2874459,328833,1687878,357868,2285059,3122016,236040,1672312,2456963,374106,2229074,2734894,310429,1831802,2473177,249844,2283323,2842487,223545,2150781,2955081,235699,2190588,2773601,296732,1902480,2548826,262888,2132038,3526826,184630,2105761,2814693,1776683,1796228,1788028,1857337,1826048,1851641
Fumaric acid,C4H4O4,Energy,HMDB00134,C18,Negative,5178,21518,67502,8336,28301,8702,31114,59140,9651,20586,31059,9290,50883,46116,7077,21191,24939,9458,40794,65998,9761,25666,42089,10546,47605,93534,11749,37423,59387,21155,66397,82031,9764,33965,48095,38003,39167,41764,41229,38021,35614
Pyruvate,C3H4O3,Energy,HMDB00243,HILIC,Negative,129915,238190,1028259,159411,195784,157138,408022,771301,126216,289815,337630,154441,359844,651441,126452,186068,300879,187966,307555,431090,63480,142833,318594,123931,523390,881392,105512,209056,484623,145798,456555,769477,84405,193919,391690,328480,320890,330843,364753,376391,366318
Acetylphosphate,C2H5O5P,Energy,HMDB01494,HILIC,Negative,2054,17689,34796,2868,15657,2043,18459,33911,2380,24530,39730,2013,18460,36600,2978,20426,36244,2154,20655,33277,3839,21569,41133,2082,22924,26953,3229,24812,48945,1671,20347,32289,3176,24093,55966,15372,20629,21615,22497,24863,23208
Phenylpyruvic acid,C9H8O3,Energy,HMDB00205,HILIC,Negative,2046,29958,60477,1329,20728,1302,30969,41069,818,11960,31383,1932,32619,50192,701,9012,19883,4224,70421,122132,5079,125928,185468,4299,79066,117059,11574,110539,123225,5968,64890,98482,7064,96123,146645,48020,52270,48834,52107,47366,53627
trans-Aconitate,C6H6O6,Energy,HMDB00958,HILIC,Negative,2179,60848,103927,4476,118242,3559,59563,87225,15804,152365,285488,4252,58514,107512,5413,160491,214915,2829,55832,74306,11001,142784,189905,2815,48517,76091,17188,171839,202107,1914,63474,79679,13586,136756,216831,94816,106150,105800,114443,124632,115068
Glucoronate,C6H10O7,Energy,HMDB00127,HILIC,Negative,953,61564,270375,2172,50372,9572,36832,75492,10376,83096,64357,18818,72691,163259,13316,49280,81683,5641,33547,154787,8821,23976,55489,1681,49414,125820,8853,21087,41642,8255,43081,76023,7697,21817,56912,74899,64391,50854,39555,45969,31601
6-Phosphogluconic Acid,C6H13O10P,Energy,HMDB0001316,HILIC,Negative,5462,30291,81889,8315,21460,2989,37325,101916,6745,58105,108002,6591,40338,77764,10792,40398,70725,33302,293406,369330,98797,107791,192497,19131,199481,238469,92210,403922,864640,23554,192301,279161,72557,299009,1095689,133929,139910,142740,141602,151149,154338
2-Hydroxyglutaric acid (2-Hydroxyglutarate),C5H8O5,Energy,HMDB0000694,HILIC,Negative,195083,771882,946298,69327,981173,140796,819126,898885,64545,374690,761999,183986,512570,1067195,76636,596329,1219522,104154,433967,535780,156206,1455149,1662645,147062,511632,572767,154001,744452,592737,144487,564155,650106,153600,1429207,768417,631400,689716,662848,665290,658367,652754
2-Oxoglutaric acid (Ketoglutaric acid),C5H6O5,Energy,HMDB0000208,HILIC,Negative,176714,609554,1404322,129287,328689,177071,622864,1210065,106554,421257,738864,184119,617052,1027814,145229,394696,726539,130780,501525,663224,89953,252198,474891,123434,549000,764134,118586,331399,639300,134002,592294,830943,95817,268938,672948,414083,435540,443658,471684,474433,476254
cis-Aconitic acid,C6H6O6,Energy,HMDB0000072,HILIC,Negative,1521,52327,80592,1952,25709,772,44744,81608,1622,44320,101384,5132,43559,79709,3447,35230,74273,2301,57248,62624,1416,96309,80199,1425,46482,49628,2997,65624,80635,744,37766,67493,1227,52365,96843,33335,32340,36133,41416,59475,63794
Citric acid (Citrate),C6H8O7,Energy,HMDB0000094,HILIC,Negative,59631,3228017,6021976,91784,2989878,55358,3365262,5784823,152344,4857738,6444681,135983,4017548,6958545,90800,4038134,6058144,57537,3376876,5950979,209263,4191919,6959236,60981,2887544,5306874,135241,4535587,6670345,56793,3804035,4945028,209098,4194232,8082633,4054895,4189123,3951815,3803428,3581914,3464008
Isocitric acid (Isocitrat),C6H8O7,Energy,HMDB0000193,HILIC,Negative,18747,455155,636385,18304,233567,26720,403384,698938,54643,362512,858090,75471,341630,662901,29595,282595,605507,18158,514861,506085,43397,603161,644572,14957,431149,381963,29087,534279,638625,15742,330955,582040,32462,450148,790542,281434,280331,291572,353764,416566,485874
L-Malic acid (L-Malate),C4H6O5,Energy,HMDB0000156,HILIC,Negative,63859,241124,990111,84216,267390,65888,352316,820423,91475,230260,465339,96158,573968,554696,68264,232726,347696,118244,449380,630544,108607,314203,468052,104561,546998,1013310,120583,413670,616332,159839,627613,952039,105516,377281,643864,394590,410963,396631,404332,436141,420966
Succinic acid,C4H6O4,Energy,HMDB0000254,HILIC,Negative,59496,208994,294240,42997,31040,24991,188083,279332,21080,57929,233951,35073,226979,119305,27282,35400,136227,36973,116000,70100,27446,145687,112854,38633,124811,120402,45360,100863,77992,26354,100750,189791,15920,190736,84308,48397,68433,103485,134151,161323,163358
Azelaic Acid,C9H16O4,Fatty acids,HMDB00784,HILIC,Negative,8733,34167,65015,8461,38597,7664,33149,62478,6499,47545,56480,11352,51524,123966,6864,43746,42691,4477,35600,45411,10067,68690,152990,5616,51983,94538,8206,61085,80673,10495,74062,96224,6987,96200,137381,50804,62239,61626,48875,50712,38761
Decanoic acid,C10H20O2,Fatty acids,HMDB0000511,HILIC,Negative,25862,97169,163235,24542,97934,26990,91008,154216,26119,125271,185161,31153,90190,167901,25851,101077,158857,26341,95423,155832,20750,82838,130372,20885,111954,145612,24258,80624,133646,26917,106434,132633,22888,95869,147576,103581,93033,106355,111157,122361,110032
Dodecanoic acid,C12H24O2,Fatty acids,HMDB0000638,HILIC,Negative,4240406,9182274,16585664,1917746,6318113,3333189,12670347,19666018,1411499,7072435,9946960,2481991,11974503,15464177,2143309,5966521,9355950,2063401,11365749,11450657,1563812,6744583,8559502,2389017,12091468,15252617,3058216,6762722,11812785,2647256,12611015,13947717,1889334,6464858,9954039,9537870,9608087,9503917,9993094,10055941,9622753
Myristic acid,C14H28O2,Fatty acids,HMDB0000806,HILIC,Negative,4209127,11743234,14047922,2833771,8810041,3053729,11988861,15911265,2052999,9172674,13306760,3246888,10944205,15590123,2416553,8485387,11691914,2681738,11489438,11589912,3101391,11962799,15913873,2813517,11454029,13163268,5447314,11263089,16077868,2993659,11169498,13813757,3094039,11808781,17423940,11093647,11342993,10735727,11687310,11636088,11483459
Myristoleic acid,C14H26O2,Fatty acids,HMDB0002000,HILIC,Negative,3391160,10175148,15166886,1400167,5694278,2561511,11732418,18183826,978298,5235754,7789746,2292728,11505002,15970982,1643357,4526462,7164184,1395323,8765067,7939349,842470,4183591,5249758,1535458,8331124,10764803,1803144,4153776,7050194,1801344,9138476,11546105,1018386,4182610,6223719,7565316,7922663,7559400,8178128,8115810,7953681
Palmitic acid,C16H32O2,Fatty acids,HMDB0000220,HILIC,Negative,6295662,14361747,12001833,4931313,9835027,4748216,13042869,13687817,3580675,9114529,12479379,5209171,12168236,13980451,4287737,8756012,11604198,5245151,13844365,13929192,4354449,12129295,14247363,5353223,13294065,12581371,5805908,10953416,12740750,5974378,13286144,15282551,3961452,12678029,14444233,11564605,11694666,11268145,12086467,12243841,12039464
Palmitoleic acid,C16H30O2,Fatty acids,HMDB0003229,HILIC,Negative,8109799,28305471,26720453,6456024,27109632,5223833,25062016,29652567,4882159,24119054,40441042,6462660,21181669,34417053,5799649,25715162,37836152,5845507,29716143,38309531,5913222,33650380,43812833,6248091,29703798,38035698,8577484,29479070,38843861,6633687,27452338,35530118,5509163,32464274,41917213,28116848,28464978,26657321,29133905,29080459,29267135
Stearic acid,C18H36O2,Fatty acids,HMDB0000827,HILIC,Negative,1289662,2197054,1315494,1368786,2074833,1215882,1990284,1553672,1142171,1864560,2167070,1154191,1842753,1646197,1242918,1964590,2028502,1122368,1599230,1522185,1184801,1821551,1684728,1134770,1437393,1153480,1206340,1852438,1678696,1345193,1551497,1589584,951061,1875392,1866832,1958914,1839919,1844600,1902127,1996583,1890081
Oleic acid,C18H34O2,Fatty acids,HMDB0000207,HILIC,Negative,8282954,36425332,29709591,6002334,28254628,5876928,32210878,34932183,4674818,23737307,44606510,8715674,28832331,38098085,5891364,29385040,43781995,5360349,29520218,36447396,6306721,42515891,54453000,5726103,27999174,31160101,7882324,40378731,44284903,5827049,24235821,33590475,6323805,38317877,48811049,31390027,33554100,30010399,32976510,33144772,33056297
Linoleic acid,C18H32O2,Fatty acids,HMDB0000673,HILIC,Negative,4622083,22008993,21006797,3719219,20956025,3590833,19437989,23246180,3243665,16440141,32120918,5462424,18123320,25045390,4168455,21226207,31826598,4010178,23016733,29761220,4844815,33672450,42457410,3731832,20192371,23543497,5995624,29473536,34466627,4573155,19144748,26143702,4185933,28073435,39333614,22664082,23075781,21664052,23623288,23438236,23903529
alpha-Linolenic acid,C18H30O2,Fatty acids,HMDB0001388,HILIC,Negative,1644691,8177975,9995503,1515688,6314144,1536794,8188300,10736194,1161580,5860419,11140688,2060986,7959772,9584424,1418328,7829521,12018734,449152,2250970,3020873,404134,2979427,3872452,368966,1958344,2365872,506829,2465312,3037733,507805,2036091,2739503,374304,2703523,3542625,5156323,5395493,5136508,5511459,5544381,5441821
Arachidic acid,C20H40O2,Fatty acids,HMDB0002212,HILIC,Negative,88526,140313,47016,67468,132779,65448,113618,65182,54902,117759,106115,71875,83110,68059,52143,125190,105177,33902,70187,47621,37935,119156,64236,38860,64081,40343,62469,88035,45749,41503,76859,51984,35224,90081,47632,64031,74290,88578,79785,100787,71407
Eicosenoic acid,C20H38O2,Fatty acids,HMDB0062436,HILIC,Negative,46137,184200,115519,26725,116682,33254,162488,174417,23909,99409,160272,41402,166817,144823,25647,96320,167128,23281,101700,99668,24711,168961,189236,24817,98506,78579,41557,142877,141248,27944,93881,104078,26612,160525,170787,124040,138189,122079,133044,133417,124668
Eicosadienoic acid,C20H36O2,Fatty acids,HMDB0005060,HILIC,Negative,23445,152868,100408,77847,332088,15344,118887,126882,59823,279739,542292,30449,88629,152376,57109,310847,459762,29078,136567,178642,38268,366981,459818,20744,150469,166134,84196,306000,384378,27513,108871,135502,37616,354548,418348,202927,215180,217332,236498,241603,249125
Eicosatrienoic acid,C20H34O2,Fatty acids,HMDB0002925,HILIC,Negative,920,11042,7730,1193,4183,2209,14727,15942,1686,6567,11055,3675,8208,6195,943,3083,3070,1256,1877,3683,2186,2700,6762,276,3802,1789,1449,4230,4143,538,2033,1495,1714,6749,10500,6843,5246,8011,6799,7484,6870
Arachidonic acid,C20H32O2,Fatty acids,HMDB0001043,HILIC,Negative,1118,3469,7569,516,1859,2294,4966,4057,1240,4474,5927,668,5123,3087,688,3144,5388,1619,4178,8418,1383,7732,8513,1259,4262,4529,2066,5897,3788,1206,2974,7437,93,9963,6040,3410,4983,3103,3724,4964,6649
Eicosapentaenoic acid,C20H30O2,Fatty acids,HMDB0001999,HILIC,Negative,3496,13037,22279,2221,4223,3062,13011,34832,1813,5094,12648,1161,14168,23081,3117,3189,7161,3020,10828,11704,1880,6470,2960,994,7798,6301,1234,3137,7048,2269,3891,5625,3261,3530,8904,8719,2360,6022,5667,9960,9249
Docsanoic acid (Behenic acid),C22H44O2,Fatty acids,HMDB0000944,HILIC,Negative,110920,86689,22519,70108,63838,74721,55561,29166,65011,57201,40703,107826,44082,39407,69793,60143,45310,87132,61283,56525,45808,86060,38503,108828,55451,33132,49182,60292,35345,97919,55887,31937,33462,51289,23747,40101,45161,69755,61960,60862,46085
Erucic acid,C22H42O2,Fatty acids,HMDB0002068,HILIC,Negative,18218,24130,5197,22654,15788,9638,20979,11665,13820,17391,20508,17053,15905,5148,17209,9385,17076,12981,14330,9252,14424,23950,13492,18352,11488,6904,25956,16627,6866,18647,9159,13002,10840,25122,13939,16516,13601,12944,21844,16540,15538
Docosadienoic acid,C22H40O2,Fatty acids,HMDB0251556,HILIC,Negative,2347,19521,7392,6439,13252,1410,12384,13629,4327,21160,38366,3734,9247,10667,3498,19782,32634,2817,11423,12809,2487,21578,31118,2646,14977,9967,8534,23919,26047,2772,10379,12487,2259,24059,23467,14494,21121,12642,19627,18069,17791
Docsatetraenoic acid (Adrenic acid),C22H36O2,Fatty acids,HMDB0002226,HILIC,Negative,537,5131,5323,509,2061,4252,3526,6822,1165,4947,4142,1449,2712,4418,1290,1383,1617,2074,7096,10406,3750,7781,8802,1540,5737,4392,1305,3017,6296,1788,5042,5591,2090,5680,10769,5394,4122,6737,3911,5178,3118
Docosapentaenoic acid,C22H34O2,Fatty acids,HMDB0006528,HILIC,Negative,7827,29724,41933,6077,24050,13615,41438,48186,8457,20836,16165,6816,22140,44243,4941,19428,18245,5738,15390,26085,10744,20579,25919,5415,11654,17292,8459,16669,28145,4736,18797,17603,8675,18256,31283,22278,21364,26386,19082,25689,22784
Docosahexaenoic acid,C22H32O2,Fatty acids,HMDB0002183,HILIC,Negative,12795,60280,72323,7766,42564,14115,88064,113018,7450,48849,73686,8309,28148,113607,14947,40878,69249,12264,67979,99153,8123,26908,42584,8573,72668,108511,9503,26999,50501,11647,54015,94175,9020,27836,39588,44128,45407,50306,57933,47761,58154
Tetracosanoic acid (Lignoceric acid),C24H48O2,Fatty acids,HMDB0002003,HILIC,Negative,18553,7874,2071,21940,6444,25503,7034,2531,26422,9834,4156,22480,4213,3176,25751,10773,6734,16710,5041,6861,20698,18531,8556,26787,6078,3911,15390,7945,6118,26068,2993,3020,16433,8521,4344,9013,6993,10305,12544,12390,7843
Nervonic acid,C24H46O2,Fatty acids,HMDB0002368,HILIC,Negative,7288,19217,2298,5483,11381,3565,7080,7899,4677,8008,17033,9369,7079,4877,8017,14476,19765,5655,8405,5107,2734,44840,31179,7466,7631,5694,3922,26141,8543,4512,6196,9162,6263,32671,11986,8805,15472,15184,17320,16364,14922
glucose 6 phosphate,C6H13O9P,Glycolysis,HMDB0001401,C18,Negative,72562,77393,239435,64135,43249,82210,81517,154729,69596,100341,91348,48628,148629,138415,56824,53990,69507,132913,199886,213397,145789,135522,132127,108512,280434,376247,163155,120188,194885,107685,321330,215493,188923,100940,240596,160770,113396,170670,147106,153964,164516
Gluconolactone,C6H10O6,Glycolysis,HMDB00150,HILIC,Negative,6548,25256,77605,8624,21953,5125,37527,69394,7798,70823,79245,6785,44991,72300,6787,38312,52759,5440,40002,50675,4707,14373,34158,5419,35399,46504,7591,42946,79952,6103,33614,40293,5654,26189,60541,34017,38085,40249,39187,41204,38659
5-Dehydro-D-gluconate,C6H10O7,Glycolysis,HMDB0011731,HILIC,Negative,24809,49834,91139,16398,23113,18910,41443,79368,13046,22651,36997,27333,37298,48856,12551,29750,42309,20845,31329,38258,17673,26916,51838,16541,36687,59927,27254,33734,43309,28044,33366,41675,14844,24661,38491,44281,29259,48144,29639,55485,36600
glucose,C6H12O6,Glycolysis,HMDB00122,HILIC,Negative,18796,107816,122204,14347,116942,17094,89926,118097,16861,70297,135659,17822,76662,144363,18102,120192,159269,12644,82007,108088,15817,131151,169978,17637,69417,90862,16812,115017,107508,18666,87077,117080,14554,136638,135047,84697,86541,81788,86011,92569,91354
D-Ribose,C5H10O5,Glycolysis,HMDB0000283,HILIC,Negative,7874,31736,43568,4764,11073,7285,29898,57993,3122,8194,26349,1718,26638,45301,4928,22089,25171,6421,27327,34521,6673,18960,26115,6250,32330,37528,4346,17279,24252,5956,24857,35306,2171,14851,33613,18462,18856,15693,19694,23577,21431
D-Ribose 5-phosphate,C5H11O8P,Glycolysis,HMDB0001548,HILIC,Negative,99695,607969,1130001,178664,576832,77084,679957,1197792,140110,869822,1520277,123082,695043,1214584,184510,860428,1363929,120040,775168,1130600,211788,834913,1453666,105680,862094,1079333,186791,1078171,1875273,112103,794329,1151463,155575,931293,2074017,742278,808158,811756,830243,846109,820053
D-Ribulose 5-phosphate,C5H11O8P,Glycolysis,HMDB0000618,HILIC,Negative,46869,480018,1111748,56406,447018,38387,408749,972589,39061,553933,1033539,41265,542981,812395,38173,498446,960124,85429,908791,1327796,76541,1180608,1684511,56041,972105,1423384,83526,1003470,1663254,71031,914236,1272372,83214,1200172,1835672,600153,662949,691260,720520,681639,744656
Sedoheptulose 7-phosphate,C7H15O10P,Glycolysis,HMDB0001068,HILIC,Negative,108599,503525,1660953,85065,358695,102134,559251,1332711,66457,465935,875268,100201,782986,1138440,74376,423912,728234,203496,1145210,1672916,163018,749318,1263407,158536,1654079,2719075,240092,1091966,1974175,164987,1884239,2166139,181665,984437,2095815,852723,911898,854768,865613,875568,867432
galactose 1 phosphate,C6H13O9P,Glycolysis,HMDB0000645,HILIC,Negative,93733,886025,2508209,105608,488878,112144,917868,2097810,81258,664216,1227145,97105,1013606,1859456,71885,740475,1085506,177528,1315123,2466482,175482,1218844,1971478,96772,1988619,3420704,185536,1332936,2560245,113320,1939144,2539231,184179,1131514,2345093,1074975,1127536,1113500,1127688,1204065,1164932
glucose 1 phosphate,C6H13O9P,Glycolysis,HMDB0001586,HILIC,Negative,61133,318547,943232,50317,122477,79279,390009,712345,50185,216140,336797,61727,428216,613561,43400,214544,275015,131536,616795,1015203,113674,364381,635399,87569,999316,1528368,159163,582952,921137,93195,1022240,1272852,153504,458645,1024829,463800,479305,498725,482777,475383,534324
glucose 6 phosphate,C6H13O9P,Glycolysis,HMDB0001401,HILIC,Negative,146954,945827,3508974,124137,400821,194091,1131848,2493646,120781,652550,1113339,139053,1418012,2167134,103672,437988,917948,277446,2025601,3710626,266054,994640,1969563,194315,3499471,6576518,394887,1782396,3415751,217471,3819715,4616935,392293,1372555,3377401,1510613,1613985,1603362,1518370,1545170,1578510
Phosphoenolpyruvic acid,C3H5O6P,Glycolysis,HMDB0000210,HILIC,Negative,125,7795,30389,58,3891,37,9429,38436,15,8488,23593,109,7317,30057,28,6606,19546,146,5109,22936,110,7613,22723,6,4311,11878,41,10843,21738,156,3497,13361,100,6488,30636,6803,10766,7680,8094,6424,8452
Indole-3-Propionate,C10H11NO2,Indoles,HMDB02302,HILIC,Negative,1668,22303,30248,8301,64351,1514,22375,26340,8207,62961,105243,7093,19951,50228,8230,60165,81972,9976,72080,123050,18804,135420,161549,6528,43791,63527,6619,92541,114301,8682,47627,65649,11809,82191,132377,46348,56949,61542,67022,67866,59245
IndolePyruvate,C9H9NO2,Indoles,HMDB60484,HILIC,Negative,18490,101491,229961,11853,54978,17419,87774,147931,7247,79454,133586,21007,126148,168887,12479,52227,114291,26447,183259,299770,19627,203527,279852,18141,167033,302308,18875,177029,223929,24407,169472,298596,26147,168969,274913,128349,119210,110519,132350,114190,115943
Indole,C8H7N,Indoles,HMDB00738,HILIC,Positive,1525,13910,34975,1737,19426,2706,15753,32586,2650,17399,26074,1476,15309,28999,1982,19659,26892,382,7633,16168,2311,14094,24184,571,9772,21206,1694,15460,25458,523,9925,14127,2230,14930,23879,17845,15819,13626,12466,11748,12167
Indole-3-Carboxylic Acid,C9H7NO2,Indoles,HMDB03320,HILIC,Positive,41711,235200,384907,28788,156396,52798,241828,317445,31506,164903,215490,44850,263276,332648,35095,180542,219429,38312,238097,293080,31197,161553,171198,37509,214341,299671,33827,153504,151981,49934,230882,333090,30899,153485,175661,191834,175387,171347,163700,154627,158502
Indoleacrylic acid,C11H9NO2,Indoles,HMDB0000734,HILIC,Positive,189347,1445355,2071981,90180,844396,254902,1330038,2366281,84142,607333,965262,152982,1030202,2086053,77113,942950,1040286,101821,931489,1474464,128308,888890,1462553,81202,816584,1304010,117923,872961,1178835,130695,744520,1147371,131696,861049,1381303,1109779,958198,920855,867530,819207,857023
S-Adenosylhomocysteine,C14H20N6O5S,Lactones,HMDB0000939,HILIC,Positive,5440,42849,77148,5984,39631,6356,38674,62923,5265,32058,59327,6173,37335,67096,5782,35284,54701,5244,46055,62422,5964,41969,62403,5892,41884,64226,6814,40467,52116,6580,41271,64791,6805,45598,59253,38982,39197,34257,38544,35281,32241
S-Adenosylmethionine,C15H23N6O5S,Lactones,HMDB0001185,HILIC,Positive,285628,1707615,2225843,143375,1202489,376884,1449531,1953165,125522,618235,821156,330620,1128421,2316121,132088,984433,941553,283276,1576646,2508073,146004,636215,1015131,226667,1489862,2557939,199157,668690,740184,384230,2071643,2384858,168084,783845,1008210,1242755,1263675,1202372,1151711,1060544,959789
o-Phosphoethanolamine,C2H8NO4P,Lipids,HMDB0000224,HILIC,Negative,99358,526166,861158,80706,354981,86429,504982,725994,87337,427975,798522,107827,471352,699384,90431,442906,736301,49956,344078,325066,62765,347116,447076,45701,358106,420031,93795,312496,436371,48507,371885,559111,50464,359019,462230,332214,385611,368974,403069,395087,386986
CDP-Ethanolamine,C11H20N4O11P2,Lipids,HMDB0001564,HILIC,Negative,137589,1405309,2481535,73564,452775,98876,1293443,2094623,26439,305406,807790,136425,868016,2333778,52389,403253,842812,141103,1029935,1971157,46658,715914,1086959,128931,1801733,2739960,105298,653428,878912,151000,1577214,2164161,56082,527691,983949,859238,878387,897944,915365,906234,949488
glyceraldehyde 3 Phosphate,C3H7O6P,Lipids,HMDB0304402,HILIC,Negative,946,31333,49808,1353,16571,554,33279,47212,1081,23535,49362,860,24683,53514,1154,26764,48323,1225,31220,62314,1844,30710,65776,680,44435,58594,1595,40777,79207,498,21805,59535,1490,32502,76182,22953,24078,25544,30381,25361,27416
Glyceric acid (Glycerate),C3H6O4,Lipids,HMDB0000139,HILIC,Negative,12392,58365,159305,5222,72994,10900,75091,131465,7871,77157,136553,19301,92681,101289,4639,79443,133396,26771,106658,117843,6952,88151,137133,16268,110430,167025,14724,98279,156431,21703,125343,128699,5729,85909,132299,73842,90849,79903,87862,84265,90299
Glycerol 3-phosphate,C3H9O6P,Lipids,HMDB0000126,HILIC,Negative,127119,3911706,5787267,72314,1257874,83180,4559659,6727226,78676,2298030,4096983,144380,3212092,7339709,96192,1978367,3942224,148921,4047015,5839394,293354,3547696,6113603,112090,3902964,5840801,316882,4779079,6858734,99949,2810096,5637855,411204,4647587,7589608,3477536,3607437,3391966,3681366,3627141,3616674
Glycerylphosphorylethanolamine,C5H14NO6P,Lipids,HMDB0000114,HILIC,Negative,540638,1705645,2970841,574026,1788196,517123,1691312,2774261,391730,1368995,2277811,479479,1346364,3001942,463268,1512558,2351338,741414,2564275,3729508,576223,2863755,3899304,715562,2814488,4253760,653597,2184850,3323040,823145,2666477,3335060,592732,2615596,3153180,2122838,2157674,2204696,2021123,2231152,2402369
LysoPC(15:0),C25H39O7P,Lipids,HMDB0114755,HILIC,Negative,1598260,5689523,6548209,1260791,4743693,1243587,5128294,6004916,1064833,4262033,6047831,1471731,4650219,5602702,1136859,5015559,6152277,1164498,4501119,5362332,1085692,5108399,5493098,1150065,4766489,5333312,1265267,4566485,4713901,1169635,4486542,5332123,1023981,4519044,5527935,4708774,4530515,4141897,4851156,4783990,4723132
LysoPE(0:0/16:0),C23H48NO7P,Lipids,HMDB0010381,HILIC,Negative,6330142,21018836,14678931,3920114,10619960,3555773,15391470,12522448,2700315,9644856,14851274,5589312,13225671,14394323,3483563,11511593,13490805,4712813,17061864,17092794,2983195,17968506,15628175,5281262,18159012,15502123,4767061,15595227,11227726,5163704,16756605,19245251,3064347,15638701,15428651,12278398,13095716,12685292,13397876,13619301,13364791
LysoPE(0:0/20:1),C21H44NO7P,Lipids,HMDB0011473,HILIC,Negative,712039,3416914,7724597,581188,1826633,418940,3717274,6758608,363897,1755932,4163018,838176,4485321,4241274,541038,2091482,4133595,580177,3382163,4135734,439641,3594918,4572220,556698,3713790,4735836,868963,3330802,4051224,659355,3770080,5468414,560884,3336574,4414197,3243310,3503435,3420432,3969462,3968084,3895909
LysoPE(0:0/22:6),C25H48NO7P,Lipids,HMDB0011482,HILIC,Negative,18934,122522,107715,15909,17178,5927,87444,119244,2800,21538,123754,30219,113780,122854,16690,28487,101495,13339,84652,95811,3883,142810,140388,15256,91888,98702,19804,107523,88591,14137,94075,128228,4128,117619,88247,49035,80681,84177,93117,98482,99069
Methionine,C27H44NO7P,Lipids,HMDB0011496,HILIC,Negative,53683,349822,530575,24065,114467,58741,318879,650046,9303,89340,199103,31070,251645,437342,20424,126120,197602,42018,349154,412195,33031,160648,272694,39737,333284,481979,27159,161394,242709,45979,304971,418567,26959,147272,294149,201349,223046,216198,220978,234649,231415
PE(18:1/0:0),C23H44NO7P,Lipids,HMDB0011506,HILIC,Negative,5037269,30605964,43685503,5381097,20402587,3956543,31092317,41398151,3614684,19422795,47602618,7104584,32857735,36821489,5933387,28547960,47980934,6152845,34388050,49302470,5201458,55518692,77193635,6181169,34014789,40094889,8942273,48494650,52358476,7042299,34397547,46538773,5624116,46418509,58832093,31411166,33843991,34466578,35490434,36903581,36688086
5-Methylcytidine,C10H15N3O5,Nucleotide,HMDB00982,HILIC,Negative,9885,141965,213861,6279,106176,4816,112539,262747,5006,60423,165365,5211,94339,222354,4367,74209,162095,2866,116504,161523,4055,82843,164761,3894,86555,165979,5765,77633,123364,5070,93956,152284,5076,86197,152136,81305,86562,90736,93051,92967,97332
Adenosine,C10H13N5O4,Nucleotide,HMDB00050,HILIC,Negative,18474,135890,282947,22870,82703,35845,134506,232527,17482,78487,134797,14244,147769,201371,22749,95452,137452,26132,139297,174582,18413,103684,119984,23136,159815,211431,26143,104418,120641,23654,148092,210536,18891,97011,126615,99091,107183,106779,110061,113563,111780
cAMP,C10H12N5O6P,Nucleotide,HMDB00058,HILIC,Negative,6156,80781,249635,1113,14297,8161,87376,174963,1064,11536,29362,5583,56864,174378,1161,12256,23244,6017,73163,181373,1177,22563,35723,4887,136742,323194,1149,19013,27510,5376,103937,140869,820,15745,36967,49082,53939,49452,53870,51622,54355
Deoxyguanosine,C10H13N5O4,Nucleotide,HMDB00085,HILIC,Positive,30127,229318,419973,4847,44920,35875,205982,440362,3379,29579,49240,20295,201382,307097,6378,35339,50558,8016,41029,69832,3747,36603,60024,4927,43184,77304,7151,31071,52697,4140,48533,54032,4350,38846,50967,80538,81913,77543,76061,81632,74910
Inosine,C10H12N4O5,Nucleotide,HMDB00195,HILIC,Positive,63124,398556,783153,57768,375406,87333,408617,760582,56806,346165,556704,42738,394267,681599,54307,409453,557574,68718,464296,706720,57235,443452,723232,59541,406378,721728,64670,416384,608442,64967,428267,630983,71084,434053,699896,460413,433835,395376,393310,375291,385559
1-Methyladenosine,C11H15N5O4,Nucleotide,HMDB03331,HILIC,Positive,10977,60520,114549,479,2263,13389,57719,127604,1186,2463,1526,5319,64990,78332,1102,5094,5685,895,9994,11706,698,2388,10151,1269,3959,15212,662,3033,3904,939,5542,12981,335,3124,14457,13904,21606,19726,22774,17911,21534
5'-Methylthioadenosine,C11H15N5O3S,Nucleotide,HMDB01173,HILIC,Positive,17634,72176,93708,12701,46654,23188,53305,79219,11607,36786,41703,13293,47364,101777,11729,42840,44224,23203,41643,100347,14984,19061,50195,11581,69573,107824,13788,24466,30315,21779,84197,104309,14525,33331,54993,58385,58983,50591,56642,52629,41948
Uridine 5'-monophosphate,C9H13N2O9P,Nucleotide,HMDB0000288,HILIC,Positive,3869,17179,23450,1810,20973,2921,18766,28522,2554,12410,12718,4119,18434,23913,2612,18629,25954,1370,8288,15218,2011,20957,16724,1768,15136,18825,4054,16738,14576,1444,14276,16782,1944,22631,16363,14880,15662,15599,13960,15488,12741
NAD,C21H27N7O14P2,Nucleotide,HMDB00902,HILIC,Positive,238360,633682,661377,243472,526342,279518,666504,678620,250347,631626,585057,212363,576102,586009,210575,596702,560635,230605,817591,812560,268456,798663,708641,196249,861103,863870,259983,749731,760793,233981,862600,829430,307667,737301,819087,768716,724738,674135,674473,651301,715859
NADPH,C21H26N7O17P3,Nucleotide,HMDB00221,HILIC,Positive,3260,7280,3433,3527,9646,3525,6796,4514,2383,6431,5179,2843,7263,4435,3202,6172,5844,2168,8914,4333,1795,7712,3747,1296,6441,4518,2135,5346,2999,3117,7207,6133,3289,6838,3072,6378,5777,8039,8538,6642,8426
FAD,C27H33N9O15P2,Nucleotide,HMDB0001248,HILIC,Positive,11256,49194,32983,10084,57323,15008,50242,35677,11996,53949,55784,11982,39871,43261,9399,63115,54058,9444,46471,41000,13155,55358,48261,11031,40308,37494,14799,52181,43454,12330,42290,36256,15261,53152,58379,50580,44054,41946,40694,40941,44130
Succinoadenosine,C14H17N5O8,Nucleotide,HMDB0000912,HILIC,Positive,66939,785214,3440755,20132,569067,87205,967979,2835752,20380,349121,714271,73944,1157544,1743605,23328,468775,800830,23744,578575,863333,16973,554171,887105,27315,624624,1319014,34601,502341,789552,46384,774246,1126242,24996,510704,786826,699493,665021,661852,659856,664748,613681
5'-Phosphoribosyl-N-formylglycinamide,C8H15N2O9P,Nucleotide,HMDB0001308,HILIC,Negative,2137,23814,29789,839,14358,731,25391,58279,613,23142,42623,2131,15306,59217,779,20535,28046,2399,29512,60216,2151,26162,33565,1189,42372,79634,2449,15626,60649,2982,42109,99065,1883,28842,78163,18252,30774,27514,24803,25425,27931
Adenine,C5H5N5,Nucleotide,HMDB0000034,HILIC,Negative,42799,509298,586153,43928,259542,53291,522456,554449,33148,212360,562774,74525,315441,643032,35841,363101,529782,68277,516104,1219904,74541,999693,1509452,61010,406664,778366,60385,1066466,1246132,59734,364653,627850,99245,885057,1780020,496087,533642,559047,587031,558568,583938
Adenosine 5'-diphosphate,C10H15N5O10P2,Nucleotide,HMDB0001341,HILIC,Negative,354613,2504634,3710391,371433,1158490,324675,2182104,3530341,189346,1445587,2693753,374869,2239436,3559699,362778,1373412,2703518,426810,2331350,2777825,261710,1674601,1657615,337245,2680896,2641398,390457,1581253,1932962,357223,2368456,3322240,318659,1863381,2286587,1557256,1626875,1629764,1728179,1662479,1750327
Adenosine 5'-monophosphate,C10H14N5O7P,Nucleotide,HMDB0000045,HILIC,Negative,3645441,30352320,53965219,4090666,19772677,3630331,30583036,51649982,3419358,25574557,47819681,4055178,32042421,50935895,4708756,29305706,43025248,3591870,31399362,46684827,3291109,28158883,45340004,2465413,34106194,48657251,4010297,36723593,44461519,2827762,32023206,50893045,3127526,31348238,50679987,26247183,29140023,29347420,29104298,29168678,30247273
Adenosine diphosphate ribose,C15H23N5O14P2,Nucleotide,HMDB0001178,HILIC,Negative,2356,28726,77956,2824,17413,928,29258,60190,1393,13815,57690,2040,23848,57915,2262,14216,47505,2167,28984,54034,1504,45964,61079,2168,43340,77921,3161,40546,59053,2255,32400,70206,1765,28187,76684,26427,29029,26401,28102,33787,34532
Adenylosuccinate,C14H18N5O11P,Nucleotide,HMDB0000536,HILIC,Negative,19602,68536,889381,50454,24101,20316,140238,483587,27143,106101,151979,42227,473685,317342,36029,25380,71657,26427,106703,128006,20144,26002,26016,20474,182223,271310,42452,44362,72581,32087,246082,413126,28787,47625,75793,103993,118877,117142,117101,119320,120210
CMP-N-acetylneuraminic acid,C20H31N4O16P,Nucleotide,HMDB0001176,HILIC,Negative,1374,14668,110903,489,404,296,18169,66840,202,780,3556,1860,58290,38011,285,592,2030,1764,21442,33465,212,2202,2420,1654,17120,29885,568,2081,3046,1686,29651,110046,198,2477,2466,6470,7896,9851,11600,10134,10205
Cytidine,C9H13N3O5,Nucleotide,HMDB0000089,HILIC,Negative,466970,2245954,2780626,349061,1210831,332233,2045947,3042405,232596,1239014,2389897,372399,1982227,2330997,301811,1287731,2189352,166108,1036646,1215016,154457,1118346,1367291,159212,1025743,1226055,187567,918363,1249621,145423,1050518,1359424,101458,985765,1198857,1130919,1253528,1405743,1399085,1561086,1512538
Cytidine monophosphate,C9H14N3O8P,Nucleotide,HMDB0000095,HILIC,Negative,27878,229452,522814,19337,136490,27600,235931,455037,12946,98874,229686,29160,260970,532610,19911,149092,281499,15892,199815,292024,13258,138923,145066,17898,327989,459068,20407,100727,161116,20448,264589,401031,12264,141603,156678,149956,179514,185193,173839,182538,186261
D-Erythrose 4-phosphate,C4H9O7P,Nucleotide,HMDB0001321,HILIC,Negative,3553,23501,84443,2947,11506,4941,25914,60585,3203,15927,26604,3372,30644,52176,2291,10688,24156,6018,46867,82185,6849,22809,47476,4616,79731,148845,9056,38599,77415,4967,88248,108002,10067,30830,77138,36297,33176,36501,35731,36446,35746
D-Gluconic acid,C6H12O7,Nucleotide,HMDB0000625,HILIC,Negative,178100,1264099,3797252,125244,1395507,169648,2416179,3799712,118536,1402829,1494880,392732,2055135,3626607,139590,1555383,2080960,205617,1566297,3162203,190369,2001970,3894551,220718,1708838,3734423,314096,2019150,3085949,238418,2188943,3170771,249438,2394689,3451870,2139355,2060253,1824014,1801521,1559483,1308802
Guanidylic acid (guanosine monophosphate),C10H14N5O8P,Nucleotide,HMDB0001397,HILIC,Negative,274280,1474645,2495522,220807,733415,234878,1463617,2120891,119372,729727,1282817,276150,1532183,2247332,187584,750523,1174064,240836,1301943,1493640,149807,872193,811690,214059,1770498,2159437,222385,781617,936678,241174,1670835,2253391,153893,836883,945722,963428,998520,1007974,1023255,1023566,1073734
Guanosine,C10H13N5O5,Nucleotide,HMDB00133,HILIC,Negative,194975,1376004,3116005,211727,859810,238617,1354577,2496689,116378,811289,1851409,133724,1301211,1975683,166293,915613,1496861,163306,1345197,1616826,128918,1233489,1714401,140794,1689146,2300673,194763,1188155,1755577,130974,1327719,1815084,133621,1031809,1690960,989915,1105156,1134964,1163475,1270559,1323302
Hypoxanthine,C5H4N4O,Nucleotide,HMDB0000157,HILIC,Negative,333103,1881147,2262614,128172,1717386,220634,1779833,2593270,75927,820411,1974044,291999,1081364,1881164,107569,1325243,2333454,338203,2097810,2795302,247322,2722623,3897638,325671,1836194,2275565,325336,1821513,2223198,399786,2239784,2789850,216801,2331988,2618474,1544507,1553286,1567179,1679506,1665011,1740265
Inosine 5'-monophosphate,C10H13N4O8P,Nucleotide,HMDB0000175,HILIC,Negative,441546,4779834,10086932,455539,4845203,432778,4313569,8429123,285021,3022911,6867008,421379,4012627,8149796,415620,5648047,9009976,366784,3809381,5402414,254024,5265933,6817545,306440,4632646,6191955,390657,2949916,4548641,374560,4216059,6318243,328973,5583064,4863703,3117818,3797762,3699351,3718923,3745317,3795442
Uracil,C4H4N2O2,Nucleotide,HMDB0000300,HILIC,Negative,128152,673760,915700,93593,224521,73344,617161,928134,41730,247205,740976,74697,387722,488082,44371,240564,635649,78624,425992,323755,35585,383980,438707,83076,445899,341064,73766,261387,334153,50971,309459,569178,27020,274711,375611,240096,264847,332225,447726,461284,478205
Urate,C5H4N4O3,Nucleotide,HMDB0000289,HILIC,Negative,996490,2679477,2205485,720164,2125167,542428,2053725,2272223,511920,1600162,2221710,770941,1845292,2686212,567233,1991552,2304747,532080,1936590,1676182,556605,2489323,2304584,517768,1610149,1469236,631610,1822976,1818716,483713,1365132,1846067,496983,2061023,2285173,1541147,1665463,1604531,1721345,1852680,2158262
Uridine,C9H12N2O6,Nucleotide,HMDB0000296,HILIC,Negative,751687,3853128,8256158,366638,1261611,672589,4159637,7431326,208819,1461954,2522508,508556,3842509,5932647,252303,1298546,2456643,583417,3551527,4889649,330487,2295640,3420466,523960,4491358,6789145,517198,2276868,3693707,508927,4033670,5343910,408385,2112278,3688650,2650670,2874165,2903075,3013358,3096333,3212540
Uridine 5'-diphosphate,C9H14N2O12P2,Nucleotide,HMDB0000295,HILIC,Negative,1824,21564,61487,1277,6426,2161,23610,58503,388,4541,11644,2418,17170,51722,526,4804,14961,1639,17111,26824,727,11035,12952,2018,33208,32521,1928,8480,9624,1993,34827,35604,1027,11006,12435,10122,13602,14380,14892,14232,14694
Uridine diphosphate glucose (UDP-glucose),C15H24N2O17P2,Nucleotide,HMDB0000286,HILIC,Negative,10926,138691,581907,6873,31215,12756,182548,532419,2287,31048,109147,11800,148360,437064,4572,27192,106355,9910,86805,161578,2429,40579,72366,8011,136939,224538,4848,44222,92025,9337,136278,228380,2590,47190,97737,72766,92257,87470,92606,92270,91597
Uridine diphosphate-N-acetylglucosamine,C17H27N3O17P2,Nucleotide,HMDB0000290,HILIC,Negative,345838,8482199,15903473,162072,2256710,144453,7668098,14797885,54870,2222798,8492246,293159,8359305,15583516,152738,2216778,7375824,291707,7732663,12336622,83275,5775419,9950505,185727,8829099,12381309,214307,5617263,9953495,242663,7578535,12607994,141632,4837235,10487338,5889506,6323344,6363569,6253071,6345386,6599957
Malondialdehyde,C3H4O2,oxidation,HMDB06112,HILIC,Negative,18125,118361,166823,19809,116968,18083,105281,162096,19532,105506,203145,17395,84602,137056,16740,122934,208941,21878,126699,186988,20980,168940,230792,20027,108967,155150,22924,157603,169623,19840,106422,157195,21371,154490,204878,97969,112249,113752,125842,124527,126414
Carnosine,C9H14N4O3,Peptide,HMDB00033,HILIC,Negative,1028,35298,39936,1322,22490,2146,22587,53087,2256,16603,49132,2027,18074,39323,408,20956,47765,2065,27262,31212,1728,25645,59923,433,28494,44178,2595,31512,32003,2291,26512,41667,754,20656,42390,22790,23634,22756,26897,31631,29695
Phenylacetylglutamine,C10H13NO3,Peptide,HMDB06344,HILIC,Negative,35416,205644,394258,103101,354221,40178,300835,387408,68372,434970,615780,31865,265994,359876,76945,355446,520843,6780,57624,108538,36012,447101,567418,5565,102639,147729,167420,561370,710120,7902,53940,89680,95807,446676,644879,270569,285093,257654,285799,278696,258221
N-Acetyl-Aspartyl-Glutamate (NAAG),C9H14N2O5,Peptide,HMDB01067,HILIC,Negative,17020,122116,123659,7324,79719,26110,125139,160180,4361,58552,88168,8477,88811,118485,11767,78395,74953,6323,70530,64242,5630,59045,81200,7856,63714,70988,6716,62468,90890,9766,62782,55561,8190,54862,84179,80402,90227,81108,75044,82562,75213
Glutamylarginine,C11H21N5O5,Peptide,HMDB0028813,HILIC,Positive,28383,239009,498797,15807,195299,37649,237069,473006,19122,210116,362691,24014,254406,461869,19213,306006,429521,39444,387511,604136,28775,232284,420405,30237,343830,562908,27769,229175,406965,40755,396027,528870,31204,229023,446007,293186,281694,278430,290694,289726,293976
"5,6-Dihydrouracil",C4H6N2O2,Purines,HMDB00076,HILIC,Negative,16565,92266,143357,15860,104995,23522,98965,169005,17577,105495,137885,14252,72452,162181,19591,125563,163629,15267,92458,174924,16308,90060,170562,14488,97204,173098,16174,108540,157734,20218,94376,154511,19202,97454,167950,113738,108388,101109,108805,79663,89041
"5,6-Dihydrothymine",C5H8N2O2,Purines,HMDB00079,HILIC,Negative,60758,310721,248492,100156,348031,50805,314711,325216,87223,393380,581196,30044,132745,387690,87697,428499,606141,68630,373111,467985,54922,357357,441655,45669,324557,393047,62579,373228,449772,58161,246038,330810,60984,322435,513117,304757,320428,314151,335060,346939,359475
4-Pyridoxic Acid,C6H7NO3,Purines,HMDB00017,HILIC,Negative,5351,26234,55044,3451,10426,5796,28906,46489,1947,12582,16464,3693,29069,44244,1676,10261,18485,3713,24343,37601,2410,15718,22871,4033,28727,51851,3640,15733,25195,3425,26605,35958,3686,14275,26308,20126,22100,20509,19571,19774,22005
Xanthosine,C5H5N4O5,Purines,HMDB00299,HILIC,Negative,12066,11344,7731,5001,9293,15200,13260,8531,4615,7839,6156,7081,7763,8509,6231,6352,6761,5086,7028,4596,3987,4815,7181,5389,5662,4624,6537,7107,6941,4993,5999,4743,3162,5698,5604,5568,9946,12149,10546,10659,11177
Thymine,C5H6N2O2,Purines,HMDB00262,HILIC,Positive,3203,36748,45296,3873,59649,2423,21811,39293,3039,36858,60150,4944,24421,60425,2239,48673,60740,3035,38275,76890,2845,37621,56511,3827,27913,42898,2437,25771,45377,3666,27304,49482,3702,37605,51946,41473,30811,33136,28731,24283,31322
Oxypurinol,C5H4N4O2,Purines,HMDB00786,HILIC,Positive,34362,175667,191177,16373,182400,33221,160406,188920,14218,100252,165169,36423,102821,166735,15230,144137,180362,28523,136130,181414,29731,174141,223881,27962,127065,183596,30945,139694,152950,39036,163838,187063,29200,155379,186825,153308,137955,131764,125189,129809,131039
Xanthine,C5H4N4O2,Purines,HMDB0000292,HILIC,Negative,581188,2853537,3481433,259951,2205462,435058,2664874,3631918,175785,1357495,2807218,508843,1700267,2424598,249091,1758909,3143330,478453,2670340,3037206,420778,3284346,4063261,451157,2434971,2952645,519195,2420592,2834400,557359,2575776,3314522,363868,2706247,3205288,1869794,2033861,2142797,2240039,2396858,2429915
Cytosine,C4H5N3O,Pyrimidine,HMDB00630,HILIC,Positive,4136,44769,124335,3389,26688,9270,52466,113633,2823,19274,39651,3425,43424,96533,2356,20180,34563,4598,40510,80775,2681,17122,34495,3294,52079,112765,2787,23358,45618,3958,53366,73655,2221,16303,32001,46498,39468,36396,33021,29592,32744
Ascorbic Acid (Vit. C),C6H8O6,Redox,HMDB00044,HILIC,Negative,183071,1630509,2745720,1647,38735,191838,1901948,2590219,3648,28646,77082,520780,1742824,2298407,4169,52708,160973,113648,1249458,1276252,4688,72887,116523,119308,1015393,1249907,6869,73280,66831,125771,1187372,1630084,6736,75655,82480,797562,879036,918339,949841,1013016,969058
Reduced Glutathione,C10H17N3O6S,Redox,HMDB00125,HILIC,Negative,3887,78196,859891,69,555,95,146931,789425,59,6761,7933,134,449536,463874,78,1001,5827,78,343756,751809,731,4759,8629,1303,361863,872074,2740,15136,29109,340,310962,859975,1837,10188,26478,101287,110270,107255,106066,103519,101499
Glutathione,C10H17N3O6S,Redox,HMDB0000125,HILIC,Negative,6669,25189,179735,3575,14044,7514,40942,104758,2442,12408,13264,8905,141854,120287,5489,13935,11346,13719,57767,194063,2849,12769,21123,9150,92188,434028,5430,14550,34643,20141,159039,262329,6222,15620,28702,118049,78086,57375,42138,31168,37395
Oxidized glutathione,C20H32N6O12S2,Redox,HMDB0003337,HILIC,Negative,9078,98395,935974,2231,5259,3797,143214,556551,1009,4617,20256,12503,445559,304092,1974,6304,16890,13331,160003,275925,1395,14572,14596,10217,132447,249687,4834,10616,18187,13029,203626,823303,1709,14600,19415,60743,56817,66296,73857,68149,71175
Xylonate,C5H10O6,Sugar,HMDB60256,HILIC,Negative,53438,324472,595748,40666,317005,38230,392183,469992,72046,344497,534293,146916,360786,627471,51314,414665,477036,44085,179082,326602,43600,227799,420236,51231,158223,289398,52209,301469,388590,52214,208101,308823,36574,291784,415951,298097,309264,292955,269911,269152,281703
2/3-Phosphoglyceric Acid,C3H7O7P,Sugar,HMDB0000362,HILIC,Negative,14545,85299,224466,15170,37890,7280,106685,241651,10719,69468,131033,19052,105266,164509,11371,47929,113452,50097,265356,309961,32384,92642,126915,37612,259921,273325,40074,100797,231759,39926,248703,356288,36672,114824,231579,102192,101806,113339,123397,125026,137513
Glucosamine,C6H13NO5,sugar,HMDB0001514,HILIC,Positive,29740,145845,226855,32075,175267,29480,135343,201270,33939,159694,225826,29989,131637,220055,29624,196934,258814,34045,167387,272416,37040,209367,300305,32348,148923,222912,39586,210440,237083,37434,161470,199542,40235,190902,289670,183174,164656,168052,154176,152135,153251
Arabitol/Xylitol,C5H12O5,sugar,HMDB00568,HILIC,Positive,2091,15894,35128,1927,13268,2445,15463,29321,1604,14505,21285,2258,15784,32408,1780,15009,24193,1780,14576,23055,2650,17367,31741,1743,13826,27276,2545,17408,33853,2042,16210,21998,2481,16315,33439,17966,16805,15440,14791,13797,13888
Allantoin,C4H6N4O3,Uric acid,HMDB00462,HILIC,Negative,9703,41831,44742,10618,88061,9201,38567,107741,14405,94318,227313,67151,26471,63842,14908,91867,148474,10583,55348,47206,6124,32673,55293,8396,44066,45779,9235,27191,35411,9580,40065,52229,4014,32578,47066,40995,49363,50409,51184,53684,59550
Pantothenate,C9H17NO5,Vitamins,HMDB00210,HILIC,Negative,193277,1848719,4492393,96240,1176803,164018,2096946,3639868,71170,1160670,1964391,157460,1882838,4110851,93179,1472672,2300199,141598,1355749,3289009,86370,1491942,2903810,106055,1784024,3528122,98940,1409266,2327679,125403,1982443,3445554,55737,1485291,2424190,1634970,1779942,1719681,1677588,1612843,1438452
Niacinamide,C6H6N2O,Vitamins,HMDB01406,HILIC,Positive,118539,384584,1101539,94119,668767,113734,399629,825609,97769,534229,739100,129395,607106,647727,76184,535432,781011,143593,630792,851404,174244,861066,1343025,124063,485405,835192,160553,773519,1204037,158805,628939,816644,183578,948659,1260525,717567,647321,611662,589553,575354,588716
Riboflavin,C17H20N4O6,Vitamins,HMDB00244,HILIC,Positive,95886,797892,2200526,333557,2591292,168232,934423,1974857,438277,3098328,4965684,81214,886100,1571978,363449,3246103,4828402,114615,1288579,1536643,197867,1860250,2872537,87267,769439,1448610,160655,1610769,2252667,119111,938244,1607985,274651,1760957,2922431,1593920,1518554,1479932,1412518,1348217,1388265
Folic Acid,C19H19N7O6,Vitamins,HMDB00121,HILIC,Positive,2791,15803,17920,2350,23852,5159,13288,19925,3228,24612,27362,2310,11712,25450,4341,31804,36909,1103,15434,34628,4229,24163,42563,1155,16951,31243,2314,25089,52169,2977,15526,24036,3987,32475,68592,25699,18934,18799,16166,15848,13110
