"RunOrder","Tube","Cell","Sample","ID","Diet","Population","PoolSize","3-Dehydroxycarnitine","Carnitine","Acetylcarnitine","Octanoylcarnitine","Myristoleoylcarnitine (AC 14:1)","Myristoylcarnitine","9,12-Hexadecadienyoylcarnitine (AC 16:2)","Palmitoleylcarnitine (AC 16:1)","Palmitoylcarnitine (AC 16:0)","3-Hydroxypalmitoleoylcarnitine (AC 16:1-OH)","Hepadecanoylcarnitine (AC 17:0)","3-Hydroxypalmitoylcarnitine (AC 16:0-OH)","Linolenylcarnitine","Linoleoylcarnitine","Oleoylcarnitine","3-Hydroxy-9-octadecenoylcarnitine (AC 18:1-OH)","3-Hydroxyoctadecanoylcarnitine (AC 18:0-OH)","Arachidonylcarnitine (AC 20:4)","Eicoseneoylcarnitine (AC22:1)","Docosanoylcarnitine (AC 22:0)","Dodecanoylcarnitine (AC 12:0)","Stearoylcarnitine","Acetylcholine","Choline","phosphocholine","Glycerophosphocholine","Citrulline","Cytosine","N-Acetyl-D-glucosamine","Methionine","Adenine","5'-Methylthioadenosine","Uridine","Niacinamide (Nicotinamide)","Uracil","Creatine","Tyrosine","Guanine","Nicotinamide mononucleotide","Betaine","Glucosamine","Methylhistidine","Cytidine diphosphate choline (CDPcholine)","Aminocyclopropanecarboxylic acid","arginine","Pipecolate","N6,N6,N6-Trimethyl-L-lysine","Guanosine 5'diphosphate","N-alpha-Acetyl-L-lysine","Spermidine","Spermine","Ethyl 3-ureidopropionate","Thiamine monophosphate","Riboflavin","Guanosine disphosphate mannose","5'-Deoxyadenosine","Adenosine","Adenosine diphosphate ribose","Ophthalmic acid","Epinephrine","3-Hyroxykynurenine","Lumichrome","2-hydroxypyridine","2-oxobutanoate","Dethiobiotin","17,21-Dihydroxy-17alpha-pregn-4-ene-3,20-dione","Sphinganine","1-Naphthylamine","Oleoyl glycerol"
38,"X1","A1","HSD_1_005","T1S","HSD","1","5",0.139798231428101,1.45765587556714,1.547495633999,-1.40204998891383,0.298823524338194,1.61077086902657,-0.900358914495465,1.82625560923137,1.66856422231132,-0.202699875349835,-0.186817576373206,-0.127186086689738,0.35964204238253,0.956294350580862,1.72256778438921,-0.274414086740528,-0.602305649355636,0.0680059378059319,-0.270673127575879,0.500994275291341,-0.151076623935385,0.812855896260483,0.123496696268336,0.660710296132597,2.32785766831263,0.561918658572051,-0.298486039315095,-0.431278330071986,-0.514457225222816,0.259354940439974,0.723598913886176,-0.344537370055021,-0.745637045210163,0.195493426661348,0.0198757406769889,-0.805726134382365,0.0934139841468324,0.548217671893597,0.202187120931433,0.923038119799322,-0.643957146890106,0.990182819584962,-0.113165930490236,-0.203654365276417,1.97984687416385,0.606986715257463,-0.593039850311235,-1.01217067395447,-1.16964426406474,-0.0376213597486732,-1.81496900936043,-1.5112650128795,-0.447193527341044,0.367952613855067,-1.0422701784961,0.272237461079209,0.166518442464305,-0.964718813010145,-0.571828373342258,-1.10427169725741,0.261412948720017,-1.20511484606617,-1.77079748574346,-1.32937168716145,-0.887104085388271,0.334521716474742,-1.34150344788322,-0.456364235775573,0.889182982194894
13,"X2","A2","HSD_1_050","T1M","HSD","1","50",0.150306520856311,1.45190044144602,1.41094464396505,-1.2949254592265,0.621142711788913,1.74646671202753,-0.526790907713494,1.92478961339501,1.78626006658218,0.136902777959894,0.000707952491515229,0.217810238252005,0.593440972602278,1.15374132304023,1.8380391045465,-0.0726413035599283,-0.310066931094396,-0.0312847491491226,0.00041152648886289,0.19467401763686,0.264316621263463,0.883478214797255,0.103135019571467,0.503456852367704,2.17634911552375,0.46100801749883,-0.596973809602144,-0.486848039498557,-0.48366738610643,0.273782079190354,0.579470220019049,-0.403749042349468,-0.47698717216671,0.317192449075892,-0.418733523848115,-0.746870150670937,0.208571624534466,0.623259010067815,0.0868806076388902,0.806144025789971,-0.612189266554481,0.876973064500362,-0.141241200205766,-0.462062723970154,1.68249115660228,0.351348593507355,-0.705656434297939,-1.26741413480652,-1.06950217479954,-0.0548498896739336,-1.4981281368618,-1.69271641463029,-0.632505566727186,0.623463543826737,-1.34107744497278,0.0233841984280776,0.207090081613164,-1.18835301469984,-0.739540621593455,-1.00309442258377,0.472259027136701,-1.36510902033459,-1.63600392367931,-1.32941044045339,-0.701824647277383,-0.320971345692453,-1.91690704292859,-0.188410497936339,0.964914693632581
6,"X3","A3","HSD_1_100","T1L","HSD","1","100",0.184837412903454,1.46596084882039,1.36620284981757,-1.12612066005032,0.846974578199524,1.82746999783944,-0.301157957835328,1.99562278844218,1.8743764166518,0.368817849210449,0.105342089796899,0.371259885760546,0.62259838784334,1.26552793306581,1.92854353897398,0.0471962298606607,-0.238963904989242,-0.145768754291728,0.0380577818582193,-0.0249465900491792,0.508539527024105,0.955154382179416,0.154437486128535,0.462921293337023,2.12139104284299,0.389003615242924,-0.718145931374213,-0.540695811460197,-0.661754050763708,0.258053260804896,0.450838985184551,-0.404066834922332,-0.47197918787599,0.270122618229408,-0.626336372788118,-1.02336496080005,0.208049599924611,0.583019393403538,-0.00557427637757613,0.821789097215698,-0.630096437145149,0.862492517667707,-0.166263793231473,-0.686980263602197,1.57859119470439,0.153466295689038,-0.840998809824567,-1.26385947142329,-1.07969509930191,0.0888122789096322,-1.52975487877337,-1.77081545470496,-0.559448820777241,0.7373685354743,-1.41342018759842,-0.0818642047416569,0.229183004219299,-1.18820154319992,-0.693829141299022,-0.85675400390221,0.534035288979205,-1.44475963418435,-1.59239153599709,-1.31030590334121,-0.681081002496495,-0.492696505640213,-1.80157086907715,-0.16445821956082,0.862063067195171
7,"X4","B1","HSD_2_005","T2S","HSD","2","5",-0.0956510576469372,1.57868840156318,1.38492385010834,-1.43919434441305,0.430839666421485,1.68642505154647,-1.11180054615699,1.91604899907401,1.77616665774954,-0.122909349252697,-0.0479288297118448,-0.119282832321379,0.279774018512969,1.02098772972419,1.83868945642553,-0.148141005470994,-0.524236944780567,0.326822064753238,-0.15893346647531,0.523945163195681,-0.089802690334813,0.857897476713294,-0.112869717929152,0.643784343867029,2.30104753197913,0.463340838020015,-0.289601179552737,-0.391522157974924,-0.454307404539704,0.242526132568536,0.754379414308,-0.467500642401514,-0.735072376174677,0.272232914050425,-0.0521470002519226,-0.443389230879295,-0.0119123776827283,0.553628266159007,0.158853771600899,0.580977343403106,-0.672683588990309,0.923790373134123,-0.127736874722179,-0.183469804817861,1.97492716276571,0.589971256178984,-0.705515266251616,-0.599416411485395,-1.09079079439984,0.0309771511161685,-1.38829024538405,-1.31296791648478,-0.399195105533376,0.338545333998795,-0.906161415808719,0.0858027630228975,0.256358008380372,-1.04711096828541,-0.852452011507821,-1.13043128353456,0.3257117842912,-1.16276492838483,-2.12281579479235,-1.23912553580145,-1.27363662473851,0.49104150699315,-1.64654226904886,-0.539880404786831,0.608085967084558
54,"X5","B2","HSD_2_050","T2M","HSD","2","50",0.0839807320531385,1.51168202946168,1.31955199526837,-1.22477429224088,0.873723362428845,1.79049631112791,-0.445662368786397,2.00007267506543,1.80439003411714,0.315683481733461,0.114947963453143,0.305162876193024,0.472481544698847,1.17890396843525,1.92906998551453,0.0769924630698684,-0.253242634899591,-0.150264282844839,0.0140485298456472,0.242007623337527,0.498584984891828,0.93232091720931,0.0408037926645797,0.462277160171936,2.17185773502717,0.230511874427404,-0.658657837728562,-0.495659830358093,-0.561525925135904,0.279357421203451,0.53040160943452,-0.350893567599035,-0.561082931532682,0.296875124375305,-0.490977525568689,-0.848792416062089,0.171163624806531,0.576868424079972,0.0287140782444082,0.564569283359806,-0.612432669314224,0.867067620718041,-0.221226977685808,-0.586606114492946,1.67215178252367,0.263785198151237,-0.823351486715676,-1.23825644295585,-1.16485094723499,-0.0178342204522535,-1.56707479473134,-1.7694013219469,-0.579639705486826,0.684216236165582,-1.32714711623924,-0.0537032033963047,0.233219027147344,-1.08504515754789,-0.830279229083771,-0.927732634833937,0.491187113405118,-1.34835033407319,-1.48536077760949,-1.42227742817662,-0.834000419864086,-0.249716285410359,-1.64422115769514,-0.202335485177445,1.00324893907
47,"X6","B3","HSD_2_100","T2L","HSD","2","100",0.0813199197028274,1.50080197083411,1.27437159116106,-1.18864080855354,1.04855684351027,1.81946569212873,-0.291951554363147,2.04511765124293,1.87744331131238,0.516124429617461,0.142379231174906,0.450440320011137,0.583984563576256,1.31465020783757,1.97115917852407,0.16640999318092,-0.150936553272697,-0.0595891501983408,0.0838719714943243,0.00957065452898931,0.708302526705102,0.944536874927966,0.0345233298793399,0.444909845552083,2.09773094827669,0.187346554716413,-0.675017444561876,-0.46634730875962,-0.67358354734481,0.259563599472854,0.550592758605837,-0.336656789214127,-0.509131377937107,0.302895441064001,-0.617367979280219,-0.890493882325194,0.320237273830282,0.533590871563314,-0.0338150213778956,0.576829136262369,-0.657764796594813,0.839644703178032,-0.270765233639645,-0.756999565946574,1.65463917387642,0.255874158497592,-0.843849297854629,-1.09455175497271,-1.10350479156494,0.100197700839483,-1.56294434909224,-1.67450934724913,-0.577427690733328,0.787507908611091,-1.51216599789667,-0.142947384168846,0.204479400784322,-1.22127567251628,-0.889895417003515,-0.803992321253185,0.541309066580435,-1.39122783551375,-1.92303062582846,-1.45166747470475,-0.68671398302563,-0.624502801456302,-1.78764509805256,-0.17168769849527,0.812221751690217
22,"X7","C1","HSD_3_005","T3S","HSD","3","5",-0.104689242341524,1.56763989433826,1.35499375585291,-1.93639188933712,0.464850188554001,1.65386709110558,-0.689086034847581,1.87115244701508,1.72495182051511,-0.199790806203744,-0.0908810368657065,-0.0974696010718032,0.557545129503087,1.10995589911041,1.76684514438762,-0.207488650439388,-0.522838579566046,0.251855374626841,-0.0635596674851007,0.454880350293783,-0.132097052726857,0.834590417083288,-0.137233654528246,0.594385857831102,2.28850514537934,0.837229602984563,-0.312787117013047,-0.316648484268675,-0.579680054878275,0.0793823775225828,0.784324097447412,-0.424176923740894,-0.761617123495783,0.300731164597718,-0.0195587069661114,-0.573170193753927,0.226548940448157,0.636053471321894,0.0720880362749003,0.543673703265477,-0.709229569494274,0.927787272751199,-0.0856988316423655,-0.174269637677018,1.97438137029952,0.715871746621303,-0.579141946575639,-0.456462982648073,-1.0999538605371,-0.000682652974156817,-1.42293441550813,-1.70536422346849,-0.515467097241513,0.477914832836091,-1.05061744926535,0.136936714157617,0.204770986758315,-0.947932263955559,-1.00322510725439,-1.00330790701355,0.402243314334431,-1.0698167924119,-1.88453771682071,-1.2891280610447,-0.997418247135279,0.327753551519434,-2.13185091558433,-0.388651069115391,0.541145868160707
49,"X8","C2","HSD_3_050","T3M","HSD","3","50",0.0589603190137362,1.48623737489181,1.24045083104704,-1.29584372047872,0.833775197390931,1.84027232331435,-0.211693586347009,2.04331904951358,1.81163299017714,0.310562548459496,0.0331640896616578,0.288272157412431,1.04404264007193,1.34089399656203,1.91663181535786,0.0453190037272657,-0.408413947774058,-0.130357901922032,-0.106215130690866,0.190016297012131,0.47247621393798,0.855092739698455,0.0255258091546144,0.489631947569984,2.14195245307033,0.68585529007329,-0.650201222710415,-0.356058658353057,-0.597340702738962,0.150029224211862,0.542438285413245,-0.339765042837821,-0.500653833145789,0.312725537178205,-0.449644112996443,-1.08045794755618,0.120770171213133,0.644042487479539,-0.0543776772857258,0.575906417462653,-0.684965782328997,0.807405663360714,-0.0816137727618198,-0.560813605047849,1.55712381557178,0.168803323421504,-0.895573466494824,-1.16485993184175,-1.15134469761138,-0.0677870617378087,-1.47831923771979,-1.76224861257794,-0.590319216024908,0.76555286009822,-1.24144146727345,0.0364392650590206,0.234078701954611,-0.967076686570192,-1.05264543528273,-0.898908397397069,0.472546115957314,-1.20626611882218,-1.81635736204288,-1.42598368104472,-0.872175976819212,-0.325007643063115,-1.72295088618081,-0.223174225832661,0.828909793813333
51,"X9","C3","HSD_3_100","T3L","HSD","3","100",0.16520585561257,1.51806501488389,1.29247554736392,-1.22405776426589,0.898989846474008,1.80431151175541,-0.24392491809761,2.03392898004683,1.81355482861678,0.383165073475414,0.0652752471449389,0.346072541757144,0.935704766951123,1.36693346784551,1.94600308030101,0.0714391239915422,-0.320891003848703,-0.174086688349217,-0.0233340905921429,0.0159035462332717,0.545168309969369,0.873520409270713,0.122599041885556,0.476817342544329,2.10210831148626,0.570306406677025,-0.706382912227554,-0.361986675498246,-0.82103539095657,0.174437396831278,0.527146112037125,-0.325029984011857,-0.473310684434725,0.342395854475636,-0.557490982431803,-0.922223653071306,0.284655885562698,0.613345005770076,-0.0696557765542645,0.619976348828616,-0.701612817590855,0.809341121010267,-0.176578074978403,-0.589859625576321,1.63329552164437,0.177140188373638,-0.809989018319662,-1.20870155798494,-1.07064538293757,0.094335597708433,-1.38703953196881,-1.79514894460797,-0.568574798321838,0.814068841252678,-1.45506433781878,-0.0550481878987092,0.276426864813432,-1.09926174956966,-0.880908460394343,-0.780984002414249,0.545226900458929,-1.09460113594391,-1.86826910690376,-1.47962312402164,-0.725327998135889,-1.58549888953546,-1.55579192201651,-0.135228935448545,0.987828233673909
21,"X10","D1","HSD_4_005","T4S","HSD","4","5",0.125528097826743,1.57494055378725,1.48025713879477,-1.83572946853556,0.424873261244538,1.59724977133721,-0.88688612549891,1.78541670592013,1.63550842042596,-0.196625982028359,-0.128048464731854,-0.0757351285741485,0.369495167781671,0.927524912221515,1.70975646935139,-0.239177776233044,-0.525106311581756,0.207805644428789,-0.146416735813681,0.54110830921331,-0.0778889328069861,0.827120599662241,0.0514185787115222,0.548371988474921,2.35300040345494,0.578484475371443,-0.249765286317964,-0.530089170968636,-0.520509086397909,0.16442500928841,0.768718580128576,-0.391775971754555,-0.774576640637638,0.335593176736067,-0.0884136128829187,-0.37471982962794,0.38993061982796,0.518851108120415,0.11471432657032,0.647747189650777,-0.598715103402179,0.958319336875903,-0.2884580416724,-0.17294533453121,2.04728274813436,0.811615386948896,-0.496736492282706,-0.598534384596628,-0.847227418982669,0.112864574050178,-1.82105445272674,-1.37680873891336,-0.492391769672203,0.331722299890449,-1.0894256178323,0.250068319674768,0.170594003350122,-0.862415816580356,-0.788487975224721,-0.928016223426845,0.394422405903661,-1.21676798996316,-1.91249024751979,-1.33781868733466,-1.23885849736821,-1.3859496752073,-0.653585310444378,-0.320067046326856,0.713489765241324
5,"X11","D2","HSD_4_050","T4M","HSD","4","50",0.073913296335137,1.44600287810254,1.23589310967446,-1.31408902092231,0.977202492592848,1.84943435312156,-0.269296266358159,2.02907695566865,1.81129498379439,0.339952340384876,-0.020941031824913,0.303819030220733,0.802349524374968,1.28498575540842,1.87969187219946,0.00987018239936699,-0.344369602513132,0.0588326217770376,-0.0722370292963488,0.197219151709266,0.624555278653363,0.859029730470737,0.0395594507441732,0.478691810794675,2.1483411980278,0.591959152475215,-0.715820411050592,-0.386015391434617,-0.608298691904496,0.206552988768082,0.638615839622209,-0.523322343178682,-0.541356160958638,0.297971382557427,-0.418285695849637,-0.829601315713998,0.14515542205544,0.559020563477616,-0.0538887255395464,0.628479272640417,-0.660734866623627,0.818613391711204,-0.178179515733058,-0.485423500263735,1.60008582341286,0.202853305616306,-0.957514202679121,-1.13793646103518,-1.21696802896718,-0.0410815420718933,-1.35149271266574,-1.58228447354399,-0.581307496534909,0.658271831091085,-1.28153609591,-0.0161181602780331,0.270152828894264,-1.07839381615861,-1.01924006265451,-0.909049179862969,0.42632353620224,-1.43063217882082,-2.14700051511622,-1.38340940690465,-0.952153173206746,-0.216573749262015,-1.38939650886209,-0.325362560969447,0.945538539690778
4,"X12","D3","HSD_4_100","T4L","HSD","4","100",0.0708044996330566,1.4540218005783,1.21003267853541,-1.17105482339528,1.17801896653326,1.89858185570679,-0.168540145744661,2.1138714576612,1.86001262887188,0.505104299229183,0.0867345950051375,0.426207882618097,0.785554601679131,1.3572171980386,1.96392302139411,0.134016948637992,-0.253725052218233,-0.0860772957937632,0.0385432560280252,-0.013824938595711,0.81867439048612,0.905606348222037,0.0436248993313146,0.47161039488795,2.0919853514471,0.476517088170171,-0.763191455167086,-0.463115399749639,-0.696684754685926,0.217079455425963,0.539503081435859,-0.461433679866722,-0.493467834690126,0.266423642255129,-0.647062891511657,-1.00075786344712,0.230445542523714,0.550356094771178,-0.128515445024258,0.590621974210699,-0.71041593540172,0.789804056761632,-0.253680086751031,-0.585601483194537,1.53644619608867,0.19822168665508,-0.948214357179572,-1.3558744729475,-1.11887586800449,0.0833897746698744,-1.43384014890121,-1.91160398962474,-0.598815826691344,0.814562956490838,-1.40152292605282,-0.176223698136562,0.269179144501115,-1.19583519640136,-0.943108497361006,-0.85257822662894,0.551947625349987,-1.48264941656184,-2.01101852627231,-1.35523078078324,-0.682130663099431,-0.512617917396551,-1.52899077502122,-0.214298514606884,1.09193349307386
2,"X13","E1","HSD_5_005","T5S","HSD","5","5",0.24673218048591,1.5821128247085,1.37108915260138,-1.83753730933762,0.385181020698782,1.70386614272294,-0.963455868389177,1.89291928417622,1.66949399301341,-0.26415537140633,-0.0464284631116714,-0.195142582268049,0.239126787013757,1.07920027872233,1.77850817216161,-0.276387839349369,-0.510217745211247,0.308122726614596,-0.114162839786008,0.563762701457059,-0.121406633642981,0.760972934614368,0.239042041129317,0.605060936677575,2.3259316379475,0.696516743787906,-0.350299486364128,-0.543820808692272,-0.497576614811583,0.154694684311917,0.789383962960543,-0.452434515194695,-0.866105213887357,0.276105052668847,-0.106269809953151,-0.648482030118221,0.231322603698139,0.521485414356555,0.150153593748574,0.852407393574299,-0.644670372814834,0.981555837156431,-0.194886846973072,-0.132228742558143,1.941109100383,0.478825162284313,-0.864630881870996,-0.53785995988851,-1.12792380904174,0.0351414759594055,-1.54061085631573,-1.29746033214429,-0.520857835916519,0.230728984444774,-1.07839991847624,0.207092634389475,0.188521716338688,-0.857294146049019,-0.72049806648082,-1.1903218050004,0.429276987708801,-1.30056592817363,-1.77614711204114,-1.28219244608735,-1.16120655799126,0.406445701074982,-1.54213113359903,-0.453398874100541,0.695278893455226
14,"X14","E2","HSD_5_050","T5M","HSD","5","50",0.156107836491802,1.48190583009925,1.29985470202234,-1.28032482434399,0.947383442044889,1.76453940442658,-0.399879888765319,1.94010883432253,1.79758978778369,0.372972815780821,0.143586316418228,0.333061034515207,0.613787591905202,1.19845434138634,1.90235669607033,0.109695520448565,-0.276766859943231,0.0172068409536461,0.0872043193945009,0.28379472170853,0.563735139051049,0.979031971664521,0.12173646886535,0.490397442783975,2.19292281735311,0.467779649898349,-0.642397686371426,-0.545871178947955,-0.502346300193722,0.213822150502848,0.614246999855314,-0.407576852961609,-0.555699747328079,0.368151465837646,-0.435459103324225,-0.738713594682916,0.362854529580494,0.540592841100132,-0.00672635452691672,0.796687573108835,-0.527936125304394,0.875377908208814,-0.211506571056904,-0.533809180213761,1.65288372235901,0.305707309433333,-0.830970758685086,-1.1544227235915,-1.05482266063081,-0.097940860652673,-1.66222998892194,-1.69075919502552,-0.616847002217016,0.602863778344404,-1.37968701161812,0.0161392954349759,0.194894110632678,-1.11568989573619,-0.85104566661236,-0.933029105706057,0.560528035491086,-1.44756691621985,-1.96042692944656,-1.39915509552945,-0.90633105323006,-0.358194350735655,-2.44717837928439,-0.20097231055727,0.802320927086604
44,"X15","E3","HSD_5_100","T5L","HSD","5","100",0.153777847692652,1.45794742676869,1.24748836130617,-1.1273627374216,1.16844284203859,1.85878378722072,-0.0563566860112052,2.13781088765041,1.82772466612183,0.524169723920976,0.11505626700681,0.41295754747448,0.910254377306925,1.41509535419078,2.01068214273054,0.127775218708228,-0.304516013591273,-0.18569742595638,0.026795305210042,0.0374822255658858,0.79224041619199,0.884369716016888,0.119006595656915,0.505192403723301,2.11969193293523,0.55980209515346,-0.737002989363348,-0.553109563972246,-0.935801063361276,0.196383233756205,0.549156065269734,-0.379366691142117,-0.555233837734455,0.317315758398102,-0.692491071333357,-0.987949951461418,0.309040399016715,0.54924814081593,-0.142024541324028,0.850205928621015,-0.722050613960453,0.82869696859994,-0.176564184292786,-0.722575406909064,1.58417537701609,0.138230768282727,-0.892916529653058,-1.33111524071211,-1.08774212034976,0.00541767057360243,-1.50107919257991,-1.78294442899111,-0.564298580682323,0.711861608879288,-1.3881004349822,-0.130745934329026,0.211526176730498,-1.19804988465995,-0.874768861352403,-0.875706489854657,0.54996720048999,-1.45434957674764,-1.96625116402732,-1.46132998378348,-0.702230817790367,-0.560848374275311,-1.82144717946584,-0.155679391230096,0.813934526260208
36,"X16","F1","HSD_6_005","T6S","HSD","6","5",0.0941239949008477,1.52361498862808,1.40301475815967,-0.733892296159577,0.477748891592094,1.70583888397508,-1.00790809514944,1.90447505236479,1.66420179547858,-0.23063584556064,-0.365814987915322,-0.165098880061437,0.395063525907988,0.989251702634919,1.7105614235059,-0.380605412492582,-0.572229221184611,0.169368579130738,-0.224932729382323,0.529486670566023,0.0650802507954884,0.809406257968379,0.0397028255524754,0.526066891132705,2.31578079792367,0.324384389336228,-0.285822205314922,-0.597170859900134,-0.496859584678257,0.0972841206705803,0.715589638472034,-0.463159692368778,-0.901101876331811,0.259518314098867,-0.0846979268360695,-0.691796611372717,0.223534787733136,0.534663998415603,0.165317753289303,0.830405621820741,-0.669629167027546,0.965891216623922,-0.239359183728936,-0.179829427615267,2.00455746405525,0.688852884776675,-0.666920145800044,-0.627038252915262,-1.09851928574132,0.0679653141308627,-1.72570659969141,-1.24564440103561,-0.48560325323495,0.422784215722282,-1.16197662234233,0.203043734910146,0.23911687175486,-0.926867241744991,-0.767307369200924,-1.10673337973261,0.280622154875556,-1.06424966436374,-1.75845143564771,-1.40918987862435,-1.12860292958389,0.289087203187352,-1.68992442906168,-0.43600900514245,0.953880922852828
34,"X17","F2","HSD_6_050","T6M","HSD","6","50",0.112252990924055,1.52848089873785,1.30951540111475,-1.35659361623968,0.981204267924536,1.81033472750116,-0.289697179818689,2.01289905415168,1.79234580225185,0.384960995437495,0.074429119773189,0.360895818109662,0.624358651085457,1.22992234799481,1.89266567149985,0.0851975497358231,-0.296310082506379,-0.0879940761932705,0.0100600370662853,0.340782999965461,0.547628817535641,0.926656965781119,0.0690879149107095,0.485774692671386,2.19872901871169,0.369254845621913,-0.611336620370521,-0.492846017023695,-0.603960578806169,0.223905176282618,0.610392615498921,-0.447407490435408,-0.552643885683793,0.342918273451003,-0.390438218633763,-0.821332894259216,0.341244463259942,0.533988458873813,0.0050463670413734,0.544558299430889,-0.599849038955955,0.864472680717152,-0.272658669151435,-0.469926187827018,1.66869542060555,0.318396290255953,-0.917261245093801,-1.1954536813167,-1.03048677793806,-0.0919670229750178,-1.6052377771422,-1.73176544704067,-0.570815799411692,0.567858244624003,-1.33076223848408,-0.0292678531038852,0.2056470504189,-1.1870105392758,-0.929454714191881,-0.929364497294873,0.548274764300359,-1.40029685223838,-1.72810916858102,-1.35199314448486,-0.968511805642098,-0.28932470512987,-1.85160366566175,-0.206646973793949,0.715491771438734
15,"X18","F3","HSD_6_100","T6L","HSD","6","100",0.146529540824342,1.51612616589898,1.28842589773483,-1.0197249324788,1.16512321020625,1.90452252697295,-0.0733635169819618,2.17182250813636,1.86699259246775,0.560745017801557,0.130139623587099,0.465944033255149,0.768800232307322,1.41543445717107,2.02796262256266,0.140984337317462,-0.310794566053266,-0.0776099283794567,0.029930681191404,0.0533697544568019,0.8057622740561,0.91044055205758,0.127373058829559,0.486854352482015,2.12811132327923,0.406571811902496,-0.69593367142862,-0.487488745878592,-0.615146835156934,0.22332168273182,0.54750376809736,-0.432801445478946,-0.511165897419021,0.335989329261309,-0.669846905970691,-1.05872601768408,0.304283079765672,0.512901975695482,-0.111738201801995,0.578492592422081,-0.640016812293692,0.843636265720636,-0.203659284910948,-0.656673666064798,1.59967807872833,0.163390987674167,-1.02331214739432,-1.30025984585289,-1.10808658851533,0.024151207590827,-1.58153991482375,-1.69052848794734,-0.531507448554819,0.764472692302401,-1.41784435413593,-0.0404636668225358,0.278043651078669,-1.25716626680733,-0.790392037733735,-0.876597879905145,0.554405729627073,-1.41536555314983,-1.93779374780414,-1.4210888598378,-0.672029441330902,-1.51331594635473,-1.76160108953583,-0.177608373646099,0.832954462939441
33,"X19","G1","HSD_7_005","T7S","HSD","7","5",-0.422311176039463,1.57669426654759,1.4849998777702,-1.47781764930188,0.342334243630652,1.71538129082934,-0.650381991559299,1.8909322422877,1.74412977768805,-0.237055909652306,0.00562828608499277,-0.151336461440504,0.608034414451731,1.20060179495959,1.78465574884552,-0.213778565716192,-0.693306737526253,0.122067342439815,-0.18260563186911,0.575096736981108,-0.137722454024919,0.866649669486736,-0.514685481805056,0.660878648376196,2.34640636566948,0.724545291711109,-0.343462152746485,-0.310974775226704,-0.444702202820909,0.22442501730366,0.723271951089048,-0.286806291189086,-0.697848293621895,0.331239413070613,-0.014889756179314,-0.629547116045889,0.0656943577229878,0.736175275230741,0.138033602689756,0.234009864759519,-0.609980061177625,0.96340120019546,-0.00892858685407649,-0.154949222860925,2.00426332172003,0.66954317267893,-0.528065728018059,-0.562647862515352,-1.06250217540921,0.00534908851162719,-1.61637915133993,-1.49033161281941,-0.461598924201332,0.420956224006114,-0.895180011541171,0.151768346148474,0.126785936449115,-0.890669042828506,-0.922705404811215,-1.03329321459867,0.376083995614182,-1.17527915848846,-2.26858960334845,-1.19075574483964,-1.07736187375107,0.371128150830041,-2.14324674620487,-0.27683741113285,0.587369267725969
32,"X20","G2","HSD_7_050","T7M","HSD","7","50",0.0392656974509409,1.51966669819576,1.29531024406885,-1.13422968357871,0.848255460972863,1.77350604916843,-0.452034087889144,1.9729065296837,1.78993207848161,0.340241921312042,0.127765434846194,0.323990117461904,0.558157664399281,1.19263802941977,1.91147691158395,0.0736161819244643,-0.295351980522313,-0.112113134333985,0.0360768109891323,0.317088103589599,0.474813677437178,0.943830760372943,-0.0505224329211851,0.460296868908668,2.18399689830185,0.383226165150836,-0.662839566517643,-0.389389496642677,-0.634715176386949,0.206131727150384,0.544874923708165,-0.393675151599316,-0.522445526816278,0.350374536856904,-0.441572744964852,-0.773712395338799,0.29148755068598,0.563713875130594,0.00986304316649278,0.540114815142082,-0.634280105684836,0.832283113260551,-0.169278861871782,-0.508841444004775,1.63792721224521,0.300770174145311,-0.879760314284114,-0.91570502550339,-1.11657129004575,-0.0757911181703728,-1.56308182465982,-1.62810312337287,-0.568211573295549,0.748972835985336,-1.325529595229,-0.00348518436342538,0.18348707144259,-1.16194552772363,-0.850456167245079,-0.877096602976643,0.525069317120163,-1.36533802254575,-1.93888769445208,-1.27051314565703,-0.934596219921866,-0.309651318651183,-1.85754653739597,-0.178934408036159,0.695077982843164
9,"X21","G3","HSD_7_100","T7L","HSD","7","100",-0.217839188614861,1.50657964662744,1.26279968997211,-0.933560429202384,1.09800183597836,1.91822996283727,-0.0981789467175789,2.15884473987177,1.91583998972459,0.543576053933025,0.170481263904347,0.451410391072108,0.823696328048768,1.45671238161629,2.03775521173804,0.174414377784699,-0.221738689853717,-0.0532106781246284,0.0875066832346079,0.166155180907189,0.731279344446377,0.955051654073601,-0.207361522592575,0.506495008408939,2.13181920305381,0.426754179952462,-0.682653936143011,-0.505834059023782,-0.617174382560561,0.224628469476248,0.469119025709647,-0.40536804187387,-0.485646822223311,0.350585305942338,-0.58958265453684,-0.978173985928434,0.206607125925899,0.56617579494692,-0.0881831182218589,0.40598729170021,-0.653584233963572,0.793302960260006,-0.15787059222325,-0.618880538672455,1.60549396082262,0.17022622111782,-0.8766297168294,-1.2718375897752,-1.14219710921743,0.00895186263150283,-1.55503511393038,-1.98861261891547,-0.611920969373196,0.870901173924631,-1.36748310269182,-0.0630369024574824,0.205485634258288,-1.28140096360035,-1.09613634095895,-0.811852161778042,0.53473273858704,-1.29428344603229,-2.22796284472216,-1.33191584437938,-0.812577674963852,-0.614409411057603,-1.73855964326264,-0.158540931109004,0.823633513042378
20,"X22","H1","HSD_8_005","T8S","HSD","8","5",-0.0938908488312613,1.44519141378401,1.5158413164172,-1.95651338087842,0.510610128167751,1.71175737936127,-1.18828990800941,1.82818556057364,1.71762687099628,-0.118813021607685,-0.218806434778169,-0.0809015542830362,0.511039433031334,1.00136976420308,1.74586265296631,-0.242682408550078,-0.677894601495455,0.228095347222263,-0.13291915112482,0.4654773413701,-0.0546309717051727,0.837600757704331,-0.144146456761934,0.693959766889019,2.35628348530461,0.894187798982625,-0.308269567779448,-0.420169709594111,-0.548274123800505,0.12879823256149,0.746086130995455,-0.420634827682414,-0.828151422554585,0.26341190342746,-0.0280755762525455,-0.544558329255879,0.0418044971030698,0.654448687587953,0.119274533486304,0.547274694678712,-0.691037114265179,0.970190590451556,-0.0317586726067054,-0.172061969713202,2.01278748008417,0.669970652312605,-0.525444303028181,-0.394952332876084,-1.10409185394599,0.0106621514750485,-1.60411477234521,-1.30787269032232,-0.500926896333213,0.274922953064304,-1.02844889323702,0.196034725475375,0.181386416437002,-0.945434873929194,-0.883105159489332,-1.02621958929431,0.409747240795675,-1.30655318039767,-1.89739675904274,-1.30537774901255,-1.18658864182765,0.313045063563611,-1.49998120551642,-0.352935478095487,0.768989459749783
41,"X23","H2","HSD_8_050","T8M","HSD","8","50",0.104583599715951,1.49911408241213,1.24920978349695,-1.24132929840726,0.953568043572876,1.84228755586292,-0.358604155220721,2.01257388771709,1.82189927720608,0.383494546212612,0.137373230805516,0.363229458049626,0.673734375751256,1.2078600260565,1.89486351533098,0.1097740385375,-0.264378728610497,-0.121242634639418,0.0376647208745755,0.180704055288298,0.578406421110966,0.919660421261773,0.0834551610972509,0.521523584942725,2.18535620351323,0.533495020323945,-0.629899680102766,-0.5197656355043,-0.612648540773002,0.184605910068256,0.55903118069917,-0.406929078622693,-0.496246884159328,0.369302651997432,-0.429480519501858,-0.757379220146403,0.305048198919793,0.585640899719579,-0.00584394856444881,0.688783375521297,-0.632663484557686,0.886957730393918,-0.161111753219716,-0.45743680686238,1.63321640522234,0.284425178661952,-0.843474123111631,-1.22343450616931,-1.15842052665698,-0.0778691700592198,-1.62477820007958,-1.63040939724531,-0.570963053402208,0.539304768446127,-1.32320515682892,0.0299991752778279,0.190236261497795,-1.13881348399168,-0.890466791424256,-0.907546228076946,0.526250748871783,-1.53108888578761,-2.01883576790304,-1.37338326702228,-0.933239286267001,-0.44607109214741,-1.92253284508373,-0.193468563585824,0.826327219297411
39,"X24","H3","HSD_8_100","T8L","HSD","8","100",0.204315265124083,1.52225466907896,1.20845288751855,-1.14829279018962,1.04659582284094,1.88936633143718,-0.223850346173616,2.06515371800399,1.83949983549055,0.461502949835805,0.0881999230961794,0.395585846765414,0.710472042460369,1.27292267953865,1.93281546570459,0.136446874040664,-0.283334623352206,-0.236292975068952,0.0271157257974792,-0.191233186274904,0.682660932137498,0.877821207979349,0.166295104692643,0.491694792214519,2.0910171633182,0.449429647484187,-0.708663555205556,-0.499452657154206,-0.860424200071732,0.220806180116243,0.582412001643882,-0.38284839930557,-0.486928519615122,0.321155389586131,-0.575810024208619,-0.841220184546581,0.444126983409378,0.571106111434002,-0.115071191530661,0.649270229893263,-0.727730161939037,0.790530980310463,-0.213559702478211,-0.720463864085475,1.63704086402491,0.234298386486057,-0.935347986491124,-1.32749116342582,-0.989086456015713,0.151453697734613,-1.29883716324305,-1.66732342143198,-0.571849750194118,0.703327663007123,-1.42931663860471,-0.136315266925993,0.152097083229687,-1.22961673758954,-0.872523180892919,-0.802842335804426,0.596556046539822,-1.43920037251374,-1.72389844258732,-1.43564624879301,-0.719642168395544,-0.57936901643184,-1.77231311304136,-0.105154336675299,0.637149678282222
3,"X25","A4","STD_1_005","C1S","STD","1","5",0.0332347473663646,1.38985940237497,1.48529465727957,-1.25633217348133,0.151015954154207,1.41677944422191,-0.449782727060018,1.49535474424686,1.61141440985432,-0.854483788092668,0.488778717344591,-0.296021443708939,0.051391194958252,1.09262112114833,1.6293356777188,-0.650345882723848,-0.385885317904864,0.192881025728247,0.132004740245744,0.950072309713881,-0.301469637362693,1.10927857964464,-0.0699490944282246,0.454749438514622,2.4254983694207,0.0909780898265033,-0.230361097826798,-0.710681295786689,-0.565877666060766,0.162108819966337,0.669592244707561,-0.404103962995364,-0.783868358410624,0.211103042121955,-0.0409576858493717,-0.305238753307265,0.525032234241652,0.57513307793605,0.242542127077393,0.605714985077745,-0.606006043680314,0.94954402854078,-0.229809337789696,-0.142088844504157,2.08195216780051,0.785909228950953,-0.353706242400699,-0.612163241227401,-0.957848609302935,0.29530839191763,-1.39459292194729,-1.168610586274,-0.520643849527259,0.314412618737539,-1.15610911980542,-0.11797557306009,0.00849244774558322,-1.01033211104131,-1.05360929351574,-1.05321674030646,0.392244733943336,-1.00592511374136,-1.80689691815529,-1.58055913092139,-1.27477331811323,0.286469438107537,-1.39473875922587,-0.144375775937991,0.583238204842316
16,"X26","A5","STD_1_050","C1M","STD","1","50",0.214825803491314,1.27981797834312,1.49004313269047,-1.5402333269878,0.458438872191881,1.57005194544028,-0.426914672163758,1.67353424159664,1.77701825801193,-0.179400952508122,0.67575089997173,0.176193225923444,0.308981344667572,1.23739710604183,1.79051208974558,-0.223258395221394,-0.188393807771575,-0.0185370787867285,0.231149125465795,0.582731098429553,0.135761631552922,1.14427659241464,0.138595961881005,0.417688488943693,2.25088551791309,0.038109049171716,-0.580821714764969,-0.636088860366909,-0.51481025137325,0.423002762472526,0.520703780717362,-0.217580757212524,-0.527888680021938,0.306403440509791,-0.391517828443177,-0.622667618133249,0.254307069591214,0.606046543944697,0.21682347726384,0.886716754950203,-0.532141095321051,0.794951076389886,-0.123385954438731,-0.445256628732807,1.69692552684997,0.25640237396683,-0.460066267167733,-1.08050097403591,-1.06099155456285,0.0949173037816822,-1.49919728812806,-1.32329936009439,-0.527808349264683,0.553486414235378,-1.3043920296403,-0.302314332733865,-0.0362508396026442,-1.37418179265484,-0.91904108840825,-0.886392109575815,0.499554969115955,-1.28885069832398,-1.53502007452215,-1.62264736750777,-1.03449173482221,-0.283197444474307,-1.31609922349557,0.00594197557174336,0.315694318014002
30,"X27","A6","STD_1_100","C1L","STD","1","100",0.273853881065257,1.22746451238142,1.47569315727157,-1.16651192239219,0.659242679334227,1.66836633631496,-0.241417863958723,1.81363433413582,1.80252451265151,-0.00447151733869777,0.616188320092339,0.171806685252805,0.527329917421614,1.35099346509614,1.8263899860572,-0.162088355019305,-0.21190783822117,-0.278880389666835,0.18140478740113,0.202835499675403,0.444340957437311,1.03553715617867,0.217702292576594,0.432660104862847,2.15362570276659,0.0642250724122126,-0.66277069578466,-0.557821237418236,-0.692000613180163,0.467211334457564,0.461614941600798,-0.108386753119475,-0.473517434864247,0.263035907515501,-0.504445651844661,-0.919212936228629,0.260338708980127,0.630696843487845,0.0865680238380353,0.956997333205257,-0.585920668330825,0.764626965298051,-0.0609407868450305,-0.610369752533559,1.64069403780166,0.161601954437646,-0.47783094500924,-1.23323719627243,-1.02311505059863,0.211789419422175,-1.4311918656566,-1.25659661786887,-0.442712887260769,0.725157767775289,-1.35537097877056,-0.544380110064733,0.0028147419586757,-1.38945947576477,-0.869912991729236,-0.829556454403071,0.489814320356556,-1.27831313826061,-1.8715689106126,-1.63024843864546,-0.826680180787538,-0.560931796714616,-1.1764981953616,0.0247427843229708,0.144745205683975
43,"X28","B4","STD_2_005","C2S","STD","2","5",0.141053438330072,1.42451254050885,1.40865317483876,-1.66248648477864,0.14663896388763,1.41140451450653,-0.655699323162559,1.5436882692382,1.58156526579917,-0.597710556538713,0.500846394116987,-0.22276227380315,0.0647748734626843,1.05583165222309,1.61043954846883,-0.621660781871092,-0.313349830865207,0.0401135384612283,0.0713075167316211,0.806810960225508,-0.248465220578915,1.05564611010974,0.0578234629684626,0.360978810693982,2.37937062923114,0.0983853046213179,-0.258679428291705,-0.548182763847602,-0.524343192828756,0.18002736731673,0.683970188235197,-0.341989738249163,-0.714695654272902,0.270099755251471,-0.0271098570018955,-0.331474297979363,0.495493811405558,0.559464044079935,0.169239314351186,0.860180692471888,-0.62703263759079,0.920040085557225,-0.256757641153269,-0.16001714611953,2.05302802824675,0.675669439812052,-0.294828325632702,-0.547589629705172,-1.00657531666043,0.158914501506365,-1.72546671517841,-1.14516657986019,-0.506822821953119,0.365711125116773,-1.09964589006692,-0.232696086225567,-0.0857181411883543,-0.985369697779499,-0.884825316843478,-1.01893719726089,0.407147695018995,-1.08650037234403,-1.82877202240339,-1.64921174437295,-1.20913903009578,0.377296186987059,-0.588650134131207,-0.137366007046152,0.209570653900485
8,"X29","B5","STD_2_050","C2M","STD","2","50",0.342370123165476,1.38360511472871,1.30625785386024,-1.29790336044381,0.547245304804473,1.61113426555545,-0.287223691546012,1.7459429787862,1.77773048214502,-0.0864254181788864,0.575990072699555,0.149195534871128,0.450253594204406,1.33228113672188,1.81570903838237,-0.236459517155347,-0.205828945278873,-0.0941990710321043,0.194625787353814,0.345174638110102,0.223756777532764,1.12110819825483,0.300357305841865,0.397862049830237,2.25847108885854,0.0587588407026738,-0.590775961162191,-0.335437757889055,-0.534417566386511,0.479794495011449,0.567001419239578,-0.215613583045475,-0.460282739716222,0.307263589759658,-0.383961709836503,-0.757520582302474,0.32847321818221,0.642189013246745,0.137665612539294,1.01353772936127,-0.534726790921738,0.784535618236982,-0.0885658695129914,-0.41374101141581,1.61618548991287,0.282460762390992,-0.53137023832869,-1.18960964795605,-1.06940584145249,0.0947192472239298,-1.63820749076838,-1.32547879697068,-0.498688235499745,0.765110398767415,-1.27107468934899,-0.165585134391026,0.0175151834206808,-1.41551582017487,-0.806961026349193,-0.875462708055497,0.521219511149893,-1.21079007016447,-2.00010782151135,-1.54557171516258,-0.769980256554508,-2.10080607653532,-0.865581514446479,-0.0386147426136514,0.34639392725522
1,"X30","B6","STD_2_100","C2L","STD","2","100",0.387536545147381,1.43733446705741,1.37177664763244,-1.28377979594913,0.547583532467487,1.64251344770871,-0.265828602881159,1.80690404426695,1.86274378457247,-0.0646677504238582,0.662956858084635,0.16268410975935,0.458538570072609,1.40517647243874,1.87400983442155,-0.23430585299557,-0.136941105865812,-0.10683258751123,0.22231041123539,0.0976184413378798,0.201694688009356,1.04259626912583,0.351011486412512,0.492407817115063,2.21746147744906,0.0889312255489427,-0.591012395570284,-0.447102920700068,-0.763797453526065,0.5336702323866,0.596515514829175,-0.170017896891921,-0.422921150633096,0.324212100867237,-0.489853338011007,-0.856114631515133,0.331615840276268,0.656803834544958,0.114784657567412,0.988375016864663,-0.543499079462896,0.747229268149216,-0.092224642246836,-0.585330048929543,1.63827668195355,0.184267149387595,-0.509103389998411,-1.20968762316887,-0.978810395498788,0.250759904844434,-1.46056755489679,-1.37997055055021,-0.457633680961042,0.832069743061918,-1.33585619502099,-0.44755506785759,0.096830466842512,-1.39843737655092,-0.782602979995697,-0.814689854090464,0.598003277444558,-1.2588701969724,-1.91097172300803,-1.37566213129706,-0.727525203655865,-2.2712762044284,-1.0139433193007,0.0167436025538104,0.143445278928154
11,"X31","C4","STD_3_005","C3S","STD","3","5",0.299670294066579,1.43875086582941,1.43970292655876,-2.07058777409669,0.139953214723376,1.39664642203509,-0.419127212635217,1.43137785222445,1.61118315279752,-0.730420760536263,0.52896072385263,-0.207650777433034,0.03749741509115,1.05674861768663,1.61026909001666,-0.55019875104857,-0.331263771819149,0.15990250298113,0.0648825018974817,0.907230241800997,-0.362026637394374,1.10432271850883,0.233892984202429,0.440782021153213,2.43189968082089,0.120170746029032,-0.217791743376904,-0.554725522489426,-0.512549646965628,0.191466199628076,0.696819403856963,-0.389998796343994,-0.843238319050919,0.209178246028639,-0.0480747608707039,-0.415525166261227,0.136433287387522,0.483649348287893,0.133665148128868,0.935269273872527,-0.656620891874967,0.930848703662233,-0.326561674803753,-0.130447093592807,2.07073997516354,0.698589060169496,-0.233967359520854,-0.995321185360381,-0.922181302311309,0.209575155218777,-1.41059558347472,-1.17704274023439,-0.449951246017602,0.446616270271071,-1.12349021065956,-0.118066611134349,0.0177534045621055,-1.00881564069075,-0.898419995034594,-1.01649386048524,0.347511956872004,-0.973252293208353,-1.94583610791032,-1.29650500819073,-1.28477508655308,0.40745308131632,-0.691972209802918,-0.196431172748853,0.140514427229333
19,"X32","C5","STD_3_050","C3M","STD","3","50",0.295873342960319,1.38113102435093,1.23615822387456,-1.39780119279924,0.442513044582872,1.54891351887576,-0.410756622994475,1.71332060780954,1.74609645682041,-0.150492491776615,0.571133364604078,0.144814924410449,0.469322924935464,1.33931880047981,1.79014021821652,-0.244748769844563,-0.207482056586712,0.0171904790132773,0.130239804480985,0.40071414621532,0.0787904016380612,1.03819288374834,0.256961415663863,0.3917794067319,2.19961003197282,0.0204803189663112,-0.617062159440482,-0.372456099286095,-0.620577381810744,0.406795407756057,0.515540132098297,-0.187513913522587,-0.468538243689799,0.284087597880299,-0.445560997056664,-0.808052279502147,0.226746204537801,0.607482361254613,0.131600259814125,0.983276703977189,-0.561022112589339,0.795475001703267,-0.182354003706625,-0.441898935660615,1.59108417025963,0.148518798782575,-0.601141344769199,-1.14047912286696,-1.13333787796227,0.107495872728925,-1.29652986075215,-1.27705664048852,-0.535564553423758,0.689582177283445,-1.2835878694394,-0.24317718744476,0.0241617327019146,-1.39238947620689,-0.917529161960616,-0.891038986578719,0.481374212439643,-1.23566556765905,-1.75022279739639,-1.41955760360131,-0.938626852749569,-0.366060761002939,-0.800252667508613,-0.115738837015097,0.248358455523533
25,"X33","C6","STD_3_100","C3L","STD","3","100",0.324608184428533,1.43069824850182,1.28796766509126,-1.14021708343699,0.638448190929621,1.66086649054102,-0.223797339311335,1.83254324645453,1.82627573292759,-0.0156558070354569,0.657491114068717,0.165215211593126,0.562546094359212,1.43352688153421,1.8892196567419,-0.199993391815166,-0.147244343405655,-0.158118530497036,0.196830731616438,0.124708269545548,0.310111796124657,1.03007088261838,0.280599566452145,0.360453901975227,2.18102501098026,0.0831082825138489,-0.633292398672523,-0.360393169270059,-0.854051943568798,0.494506628022987,0.476852432086038,-0.114428697149021,-0.419041531814289,0.298468251686515,-0.470731775222406,-0.957543764204918,0.205278778430896,0.631878563814106,0.102394438286538,0.990172719915089,-0.626124993443828,0.764878114521955,-0.113935282585452,-0.556801076352421,1.59705085585162,0.185667138455314,-0.576328553249335,-1.28687892738568,-1.06215037206985,0.21955749520416,-1.44905117410159,-1.31232773432451,-0.484190588000936,0.834880858490338,-1.36183848759615,-0.439039608739462,0.0889348979973068,-1.44377606336844,-0.770544914085011,-0.79889059476644,0.517415918397702,-1.23501377149161,-1.60402917475626,-1.55015464478743,-0.808743085432347,-1.83144696844456,-0.868419196544655,-0.00376899786414153,0.193711734635165
26,"X34","D4","STD_4_005","C4S","STD","4","5",0.246710608732474,1.45621619915997,1.2878945639506,-2.02021618345284,0.136320143360523,1.42660926115994,-0.657903624669879,1.61495615769642,1.59384933077539,-0.696131827092083,0.420824450116442,-0.236650428644043,0.574308202311224,1.15261409774204,1.63070890034894,-0.434778809037843,-0.311504968216606,0.191844273570455,0.0236190779536605,0.778851418794539,-0.186367878047242,0.973878798464056,0.210675476913145,0.485513869420348,2.3633028195304,0.144055942291405,-0.300180237176628,-0.287631605969099,-0.580446656872499,0.327799399581068,0.657602813817471,-0.259193719827864,-0.71790148744089,0.227274325900058,-0.0104578180599733,-0.773673604606404,0.273582940264816,0.609069304457128,0.252279646788756,1.05327793958845,-0.669511128270655,0.900192290397502,-0.12898461789861,-0.119398931530372,1.91820354691068,0.508656550606829,-0.445389232284923,-0.576401163735603,-1.09691486081006,0.101055955003836,-1.29398959126672,-1.01788116531301,-0.447265201001717,0.433223677940377,-0.997485667313678,-0.0984226690428249,0.0541045846181323,-1.03946928995992,-0.751523249353863,-1.06330933631813,0.330343199660284,-0.998599648592968,-1.97136968724642,-1.5776844363192,-1.39740588505518,0.251175232037321,-1.14551272635992,-0.231284767911988,-0.0697528951649984
52,"X35","D5","STD_4_050","C4M","STD","4","50",0.331284228152591,1.4262192841528,1.23073372849154,-1.36888962435237,0.574356435643153,1.55628776645676,-0.368691505825727,1.73205552000932,1.72229047170395,-0.052364186633465,0.597417926735588,0.15309337317166,0.445117828429502,1.33572587677135,1.79962515445826,-0.199621904696799,-0.201421438394092,-0.211107337493077,0.169905326634598,0.369540359412191,0.209759721169478,1.07982592144428,0.288653643279245,0.395302894606463,2.22142635024657,0.106185829094866,-0.595247017979754,-0.334085501824409,-0.61977676146554,0.41270345463578,0.510641535557922,-0.196243506790422,-0.486731205045469,0.306505408690199,-0.465943281744813,-0.622622991024262,0.368211006581974,0.605737045320905,0.0689810774002648,1.03108377474878,-0.623120032604869,0.760625515555175,-0.175763847755344,-0.408881658458841,1.58239248422766,0.177012013990813,-0.628541990435787,-1.19128245302023,-1.07480929649656,0.0785224480219062,-1.62938450984557,-1.42768427494533,-0.469097808889182,0.646515374706314,-1.30332650129778,-0.334543805273624,-0.0156043887657145,-1.30488874003149,-0.740885286580161,-0.863395478951523,0.511913526269367,-1.19792623243721,-1.77845884843954,-1.54366924304813,-0.852202410432795,-0.523491514651469,-1.16168208789944,-0.0380168339385607,0.203751201698143
53,"X36","D6","STD_4_100","C4L","STD","4","100",0.37057629522107,1.43189507632837,1.19130380462749,-1.2502085111313,0.628108396433932,1.61436516507093,-0.245235163491907,1.79346771045397,1.78622872650568,0.0440316913784287,0.656834440705696,0.208791379843468,0.538548833080717,1.42020727906923,1.8416354136678,-0.129479152650551,-0.158703161877277,-0.361122465092678,0.152059702675166,0.184362921373658,0.390047409572631,1.04594889648289,0.346754717481652,0.382949057606004,2.14551638724143,0.0272359191120861,-0.637706801363736,-0.372668352030522,-0.864896598331968,0.42562106801324,0.423109940499887,-0.188058351971885,-0.468551167280149,0.301961489661963,-0.573552390614021,-0.857457425441057,0.241352400770091,0.594018610021909,0.0955679011304982,1.02823978696845,-0.635810082562205,0.770641237606241,-0.214253543827613,-0.608261801098106,1.62443936206229,0.0986044623063806,-0.541534627873499,-1.32769690952041,-1.05559270822646,0.228854671247412,-1.3644089135084,-1.40225772916063,-0.503404724346659,0.741082598280131,-1.37624977339388,-0.423055099804619,0.041277123146128,-1.38090174144559,-0.811150224161419,-0.857065897051826,0.528112188111354,-1.25507633674286,-1.68144798230517,-1.42251379703404,-0.773196937309081,-0.673119979530174,-1.12594531508425,0.026139804064079,0.170691797441637
24,"X37","E4","STD_5_005","C5S","STD","5","5",0.427312308337865,1.45549388702892,1.36352562145774,-2.43172208179778,0.237537023251458,1.41202984264199,-0.608241799278435,1.52913773395787,1.60468964192954,-0.573962596764249,0.498307205601072,-0.148742569057849,0.0549311681392544,1.08607623067812,1.60644301118775,-0.531590888289416,-0.32517253974052,0.176523365957564,0.0855276313437594,0.783183641359369,-0.183594500371425,1.02541844844488,0.373704946694325,0.442542611243548,2.41153927207174,0.109586306493167,-0.249980262386313,-0.535408276876279,-0.561405939617742,0.243131953067553,0.655208412333948,-0.354943136243975,-0.765512415348017,0.181477108002177,-0.0684990427257679,-0.425833350343379,0.263288353933104,0.524548298448768,0.101672917029783,0.976213903647166,-0.633285860830805,0.933645291407018,-0.333013035210898,-0.1853666261149,2.03249426540195,0.653020432916383,-0.256607621138124,-0.634484324481682,-0.979049934297965,0.23080665547067,-1.47505436468476,-1.18361651664119,-0.420392329960175,0.267485187421844,-1.10281157240161,-0.0682246394108947,0.0169174569179109,-1.02575259925684,-0.684894401584403,-1.06964934885065,0.314539089714799,-1.08654419761299,-2.01709778845138,-1.24832521072294,-1.36986297637968,0.412265219747554,-1.03017628377586,-0.189897094520597,0.268491681888904
35,"X38","E5","STD_5_050","C5M","STD","5","50",0.317544589879265,1.37230054724651,1.22659970076372,-1.47558847420438,0.572059685718994,1.57531268388481,-0.354049420406315,1.73007318430223,1.74594642870558,-0.0723854734402902,0.607117478578608,0.183327908889061,0.42374636838651,1.3659246495738,1.80120908113028,-0.201775541435742,-0.162290510736931,-0.0598542789101799,0.193884169777152,0.406261920147857,0.228796049722412,1.10624417599629,0.268139776041594,0.363163112923044,2.18524030242614,-0.0180683944224835,-0.598253990621675,-0.383432763531942,-0.528926564670974,0.405166160502157,0.493969494506646,-0.219372853184897,-0.536981776052314,0.299927905948135,-0.428493191664841,-0.737070117946454,0.399222790783099,0.597413930805547,0.0415170862554533,0.964653909380728,-0.531398807584955,0.773224186163727,-0.210961347375307,-0.485730976667836,1.62145467455663,0.262452506802691,-0.606046969934541,-1.18191991675764,-1.07899373865744,0.0924326810294387,-1.51603662912731,-1.56464973803023,-0.541864138946168,0.650650226851941,-1.23572431730427,-0.330617546912475,-0.0282033709251621,-1.44545889129742,-0.743241577738411,-0.961529353129444,0.535245790465317,-1.22081650938978,-1.68601600438273,-1.55372707232988,-0.953998298261883,-0.356563316163979,-1.0293898546095,-0.0396310411958618,0.268839609806262
42,"X39","E6","STD_5_100","C5L","STD","5","100",0.386109471178147,1.45799760185017,1.18008824026744,-1.19959056788445,0.612680849101692,1.6177371289948,-0.316018467998262,1.79058600164517,1.79368748983735,0.00781238324306255,0.635468900854842,0.197986733365848,0.520183332610785,1.41672283852686,1.86024460370363,-0.176137665693533,-0.186158054677931,-0.182824968360044,0.175854756325611,0.0910631485076134,0.314288785859299,1.02356696333659,0.364439712188014,0.362953041043456,2.1528190136984,0.11395307764503,-0.664055274918459,-0.369801783938883,-0.620821157886211,0.466041569413609,0.454492552487398,-0.126637987378504,-0.416463395515538,0.278211275722226,-0.574715094750197,-0.926913721650715,0.199356989455031,0.606581210576452,0.0321390439125828,1.10124712134407,-0.608103203219962,0.736473622219784,-0.159809535770996,-0.648580279004905,1.57282754492755,0.0559281652861499,-0.634232330111652,-1.30452494688871,-1.05790967058657,0.187645811633873,-1.56229291564463,-1.5188510359409,-0.487372918652983,0.740254434708176,-1.3438736947382,-0.438633891127355,0.0254710749150515,-1.3866429894934,-0.661507522897471,-0.834059562089152,0.523749092856178,-1.31044603758941,-1.68517521150875,-1.50033139415279,-0.755721785237371,-0.714069354340705,-0.837305683429161,-0.0126181559815937,0.16553667581745
23,"X40","F4","STD_6_005","C6S","STD","6","5",0.221147592024963,1.42022666108647,1.29557729776706,-1.68220489692455,0.0907832226041005,1.37554402549242,-0.847656240046577,1.61709773307831,1.58626269380372,-0.705419922539388,0.31689153459754,-0.290037044877316,0.239992539647802,1.11716986302521,1.5991743616171,-0.553399817826565,-0.388556077158385,0.0931881300696418,-0.0270578203898024,0.697866273984661,-0.301289531971189,0.927539608762606,0.173862770127694,0.515108303017358,2.34372137769368,0.227029954248596,-0.279836486324789,-0.280832617068545,-0.543009838215621,0.329243517867469,0.660364215123455,-0.336216222601095,-0.677041859390621,0.217716027546723,-0.000586205874579804,-0.63894522229643,0.318992203432314,0.605612890900988,0.172408177017132,0.92339321792338,-0.700921654997888,0.901956286660448,-0.0370097361256576,-0.114109578551519,1.97946619393967,0.581654993706273,-0.441792218695973,-0.561192316593726,-1.10212259521703,0.247620666736055,-0.98389670046033,-1.301135002679,-0.468933135398906,0.435297058195014,-0.977145132136573,-0.14161098423027,0.239430426073233,-1.15320942552569,-0.856551707957435,-1.15992820121742,0.343125655123325,-1.01488422002099,-1.94177041546823,-1.56266912026905,-1.20939050687329,0.210716966403674,-0.713206687339444,-0.246460660861948,0.214847364827746
29,"X41","F5","STD_6_050","C6M","STD","6","50",0.355424929568364,1.3697854482575,1.29687689001577,-1.36986533430932,0.530773265573276,1.58740059701439,-0.304925389546059,1.73637577606144,1.74075578478349,-0.077656995458117,0.592944255763464,0.138607835653099,0.442167282922266,1.36315507551976,1.78954768925025,-0.243654456588355,-0.212320673000269,0.000816518231422592,0.134961499337249,0.328402518916532,0.149343672880671,1.03544252065811,0.312835630030302,0.38840867405649,2.27417656899641,0.119924127499442,-0.584453582685567,-0.396840748509272,-0.515004928639602,0.41426528906581,0.510581354449127,-0.23929843054166,-0.527969513880061,0.289645026769729,-0.43634255353841,-0.798752094103539,0.257161056545895,0.578704620727365,0.0685778687021825,0.970934896535353,-0.600305408393129,0.79014970521689,-0.129254427241039,-0.520286840331172,1.65735748692416,0.209728933283111,-0.56022073194951,-1.16842668146595,-1.12648058905769,0.0468545160089642,-1.57121006965092,-1.43526454429779,-0.522104696716134,0.684005544621551,-1.27119853316621,-0.241675222871791,0.0306879247600342,-1.36887648628727,-0.839571847212909,-0.9047438641195,0.447982959004078,-1.2248816475909,-1.81417124530329,-1.45059996282506,-0.94252540409668,-0.426938771602535,-0.979058338166992,-0.0740010715383601,0.234117341081131
48,"X42","F6","STD_6_100","C6L","STD","6","100",0.342506493454937,1.40366108013786,1.20976649528101,-1.15967445878298,0.747277266061427,1.66363455496052,-0.201893184435172,1.85280275970611,1.78274155286707,0.0935318955628794,0.609925874249773,0.208519094536723,0.498207665648767,1.43312876685541,1.86136827847139,-0.151935992551666,-0.210703566487869,-0.274126801871369,0.0859710492522172,0.0205678509280194,0.43047909413395,0.955801168390479,0.314819208961777,0.408086396345241,2.1480678448703,0.0618811010019273,-0.591677084620437,-0.398778859238161,-0.666085277413478,0.445822171328668,0.398345953295612,-0.15894624905888,-0.492831337865662,0.261635102215942,-0.56057461697056,-0.998821543594974,0.191954246595582,0.599935605321239,0.053268470377116,1.04218650294157,-0.641461745016385,0.735635471444732,-0.131665533786404,-0.572394752108671,1.62144613953232,0.170262994556794,-0.58863269275705,-1.29098599675716,-1.09350337132407,0.19023909306839,-1.46877798278354,-1.40649271925623,-0.49629713725182,0.785984662155103,-1.4005445452314,-0.507287368211993,0.0602702199006462,-1.3713184763781,-0.834278044551814,-0.834462222646641,0.481341140459709,-1.25632806591517,-1.60862135364405,-1.56924839149035,-0.736736657704624,-0.6983654626384,-0.953857026284994,-0.0295661223247734,0.185801376083615
40,"X43","G4","STD_7_005","C7S","STD","7","5",0.451221940437574,1.42032792548518,1.39542312466021,-1.8528952166245,0.222883270519223,1.45951006221846,-0.524130799488853,1.64386540589594,1.56173010774579,-0.670009727339323,0.360046681436467,-0.286012531501636,0.284893740199343,1.13939504431557,1.57633803500561,-0.612904499875572,-0.394193744020559,0.0657987300856329,-0.0450516313976594,0.706619362559434,-0.262956167984103,0.888811491874561,0.421850843421714,0.559809633653535,2.35703144648412,0.43701903718701,-0.335651990174346,-0.274738763457031,-0.550935450049709,0.31870775882645,0.687964296986619,-0.209631998482603,-0.817461863256153,0.193997920182394,0.0137796083295152,-0.666490742478786,0.240325915486818,0.622352266638845,0.143121483240652,1.09699600147851,-0.644166242778059,0.934323221254272,-0.0641106798913427,-0.167878337769334,1.96156034332098,0.566935635418019,-0.423034766624934,-0.606800045437308,-1.04683262988118,0.0305286695433855,-1.70564837940632,-1.1876937438145,-0.473105865273451,0.359954629733724,-0.940333992241105,-0.0550675706572186,0.0604202379848378,-1.01075088667293,-0.900415725582792,-1.06126033399107,0.382754741251546,-1.08442935030242,-1.75354301572549,-1.45935158722312,-1.2255515363841,0.205873441417072,-1.4064082352951,-0.295294230466101,0.242570227269677
50,"X44","G5","STD_7_050","C7M","STD","7","50",0.426867564020034,1.38605417458547,1.25116069857136,-1.49296859632647,0.538202146715006,1.57291288764058,-0.29399547979017,1.70913753507498,1.71664415592322,-0.077295233599342,0.612504159652546,0.149132345087202,0.434482691591571,1.30022209421818,1.77462185845518,-0.18408332898356,-0.196094741420668,-0.243957603143961,0.143002816533831,0.437996052034114,0.198519251858365,1.07903987215129,0.391815867258087,0.393453017462181,2.21222746951079,0.0882543887444962,-0.610015705011529,-0.46569897945921,-0.569198165181995,0.378248679250413,0.523321168033533,-0.173029764190547,-0.510232895955737,0.301381250665448,-0.40797117253442,-0.653725859710905,0.279036017120958,0.583070132735313,0.107515646833008,0.970447295330135,-0.583424682708111,0.74852246141812,-0.180828583709579,-0.461563440752213,1.64461271914068,0.207461268182842,-0.592960821285791,-1.14731597455229,-1.06370696281595,0.0462607392316912,-1.67283819998638,-1.33131795849444,-0.506466892734642,0.661385956701467,-1.32180220248353,-0.297598702933712,-0.00794814607843097,-1.32943677094397,-0.858538967171591,-0.950420316352965,0.489308442062754,-1.23908956155216,-1.79046116242102,-1.51464572292135,-0.910983746062918,-0.366266174559239,-0.951674561808977,-0.0290983896685217,0.229832643511485
12,"X45","G6","STD_7_100","C7L","STD","7","100",0.351078594737122,1.39960379128584,1.293517764184,-1.42259580727961,0.732537510997627,1.65740109528521,-0.195168231201761,1.80050144786846,1.82970430537524,0.0563331914273091,0.68780819463395,0.260327628980692,0.472061879966009,1.41724022932743,1.86687770561344,-0.171969673601377,-0.10271704959569,-0.157116154573815,0.237597634115227,0.241644128460746,0.363106864084093,1.08369384636423,0.314417147969327,0.388092371241702,2.18857015879313,0.0606854842908531,-0.647527930716604,-0.536454447277523,-0.668536144368749,0.431746873729634,0.453123199498687,-0.216146307318794,-0.473720991122788,0.26975298658744,-0.549399696949865,-0.748694428527942,0.226981584637317,0.604697818753429,0.0240325323688824,0.954541295591084,-0.613178051537063,0.694757006017016,-0.194938609432421,-0.621207065438281,1.62200677977811,0.182844678990418,-0.601327088135451,-1.30731674392271,-1.00522314751458,0.158662487047793,-1.51655278672629,-1.43048083771771,-0.548579189158872,0.745502353681679,-1.3872095261163,-0.532190937809516,0.0230469066757149,-1.44119115709658,-0.904496932855964,-0.846295136090445,0.526543089579971,-1.28811143104364,-1.69179630560341,-1.46669841497001,-0.829906984357819,-0.612295473991022,-1.0877735230297,0.0252600970884354,0.170515540055075
10,"X46","H4","STD_8_005","C8S","STD","8","5",0.00477661186876155,1.36266980309078,1.40763053224992,-1.84903461972269,0.295390125473141,1.46834011935952,-0.66335108892696,1.6089419659957,1.59443464695019,-0.515018194822001,0.383719985719875,-0.257248209237845,0.210848235987616,1.04789542023556,1.6059277845158,-0.531324477659353,-0.420455604107386,0.12569704807735,-0.0162131193995547,0.784300951206498,-0.101112380857039,1.04966279242906,-0.0773779599994695,0.458010165302237,2.35765306359107,0.132424130851236,-0.326473704343549,-0.337280448616754,-0.555420410393899,0.263676479392822,0.666243976434411,-0.390520280435362,-0.693283598441205,0.181232448479117,0.0454654406846,-0.496270376799913,0.507235467795053,0.547476159060572,0.185446858708716,0.734436789895504,-0.641445976987431,0.831627994890019,-0.101446156968406,-0.0555110288314555,2.01412064162812,0.685512880636971,-0.342900301101074,-0.60306149569284,-0.94297770678786,0.249607010424388,-1.20397012076229,-1.17049792847344,-0.39397057403402,0.38085807801852,-1.09672992137766,-0.226534989889495,0.162648522547284,-1.09543959706366,-0.896755821774139,-1.01912731965095,0.39018244206664,-1.10509388471813,-1.93883924961625,-1.75115951293558,-1.24833397316255,0.325967688302343,-0.958373449850991,-0.162361185421842,0.114852406993634
31,"X47","H5","STD_8_050","C8M","STD","8","50",0.326424823567977,1.35977423446172,1.22128142841987,-1.23407443720911,0.487741033192692,1.5671421311661,-0.401928257442182,1.73424076243975,1.74675227419751,-0.0806743936226377,0.543052594245792,0.12324509972096,0.57061579664301,1.2952924005665,1.77938923677075,-0.202876086374604,-0.24979904830013,-0.183461309827862,0.141782450971816,0.342347156886385,0.194284054371283,1.07083226528162,0.277906580341047,0.410546282656644,2.17781734830722,0.185749960912064,-0.575257654632874,-0.404544624768438,-0.693349520183623,0.457019937493129,0.480818436607112,-0.187556053596068,-0.427167360300012,0.271865955643126,-0.407130710889018,-0.86872109584127,0.211666351166854,0.642305735121571,0.0984879890916304,1.06731769419106,-0.593098822906357,0.731578691483838,-0.0667344590241061,-0.408705916062522,1.57464544353643,0.21044538840279,-0.624839110301828,-1.22161936899683,-1.16715489424612,0.0339199528478646,-1.57463660244348,-1.26480740395928,-0.488000315771827,0.583267052401235,-1.25094190893564,-0.313377052200364,-0.00713494165824624,-1.33403633057844,-0.784733290870848,-0.874417846685661,0.440790648601898,-1.27443467997236,-1.68299357944273,-1.5402867716938,-0.809096461723517,-0.328178274156417,-0.986899756415164,-0.0786514237908564,0.230972573114981
37,"X48","H6","STD_8_100","C8L","STD","8","100",0.317446558135977,1.40186120566389,1.26659522654243,-1.23417471722395,0.553817794015512,1.57975992654708,-0.327875841855106,1.72629845200027,1.80681528102742,-0.0221762228051112,0.610932887971941,0.231157963900345,0.485636563141664,1.33740417513429,1.80933669450155,-0.160470599673759,-0.141680920439612,-0.15130757666447,0.224435934771222,0.134616481560539,0.290411341530764,1.09208511378557,0.282189313102604,0.377820822115488,2.16504439570865,0.126057297413031,-0.620830552240792,-0.469084968378502,-0.608837634815344,0.418519045801756,0.438289115684652,-0.197733586867776,-0.444045588087328,0.27147708939779,-0.528231861835486,-0.7195362260119,0.234440253275484,0.640480132474281,0.0716462831935178,0.999570848217869,-0.598106605970334,0.736951517917882,-0.116755027038265,-0.585600474597,1.60983817633054,0.171057097143231,-0.530015092764035,-1.25941657548575,-1.03546266974276,0.185981060107228,-1.58724591103876,-1.27483912873164,-0.502355903416274,0.69122009925152,-1.39477814215553,-0.406387010701158,-0.0196774226166907,-1.43323680124169,-0.821910686090521,-0.799422659070784,0.480517347689644,-1.25066174021194,-1.57138161331008,-1.66756365472976,-0.789764012760911,-0.668699308813116,-1.02618891849743,0.0411165814249079,0.154627579403016
