"RunOrder","Tube","Cell","Sample","ID","Diet","Population","PoolSize","6-phosphoglucono-D-lactone","D-Ribose 5-phosphate","seduheptulose","glucose","fructose 6 phosphate","fructose 1, 6 phosphate","Oxaloacetate","Citric acid (Citrate)","cis-Aconitic acid","Succinic acid","Fumaric acid","L-Malic acid (L-Malate)","oxalosuccinic acid","Glutamine","Threonine","N-Acetylneuraminate","serine","Malonic acid","Xanthine","Uridine 5'-monophosphate","Hypoxanthine","N-Acetyl-D-tryptophan","Aminoadipate","Deoxycytidine","Allantoin","Pyroglutamic acid (5-oxoproline)","Urocanic acid","3-Methyl-3-Hydroxyglutaric Acid","N-Methyl-L-glutarate","Xanthosine","Thyrotropin releasing hormone","histidine","Deoxythiymidine diphosphate-glucose","N-Acetyl-Aspartate (NAA)","6-Phosphogluconic acid","Phosphoenolpyruvic acid","FAD","N-Acetyl-L-methionine","Uridine diphosphate-N-acetylglucosamine","Cytidine 3'-monophosphate","Glutathione","N-Ac-Glutamate","Inosine 5'-monophosphate","Pantothenic Acid","4-Aminobutanoic acid","Alanine","Uridine 5'-diphosphate","Tryptamine","Glutaric acid","Pimelic acid","N-acetylphenylalanine","10-Hydroxydecanoic acid","Methyl vanillate","Hippuric acid","Itaconic acid","Azelaic Acid","Suberic acid","N-Acetyl-L-leucine","Petroselinic acid","12-Hydroxydodecanoic acid ","Jasmonic acid","Glycerol 1-myristate"
38,"X1","A1","HSD_1_005","T1S","HSD","1","5",-0.0433557896114332,0.923817500904176,-0.193985598720421,1.71773576821434,1.6922755928917,0.111774452887455,-1.03589130118552,1.38053066357765,0.628944022805785,-0.0306635994063429,-0.196595703307657,0.44795682810783,-0.774208985217407,0.949584643390072,-0.220708902345508,-0.505621928708352,-0.351082385694916,-0.992339509376546,0.135428045634576,0.243321387797548,0.0132766480633455,-1.44128013540376,-0.354579472248952,-0.676474604107843,-0.584109789705022,0.209786903064805,-0.289567958050245,0.974679881865257,-0.35540289110354,-1.19823749537303,0.0926425660854679,1.29670807967945,-1.00699076736464,0.479542117034937,-1.080342281316,-0.425657185634398,0.699532491525218,-0.60932406461542,1.39126567133774,-0.00775728724125901,-0.0613819426559106,-0.195932247617936,1.00881859011391,0.569338451508702,-0.660555331098206,-0.405319282012798,-0.6364132946967,-0.929564673229868,0.228165065855262,-0.280272110672546,-1.24056662907379,0.728508718673828,-0.226359504789271,-0.915857842192255,0.401286176142564,0.842087764470327,0.671178404962572,-0.91652644687751,2.20174193756527,0.0830124611438769,-1.09498094583843,-0.18503294881022
13,"X2","A2","HSD_1_050","T1M","HSD","1","50",-0.525608822685101,0.375420132308551,-0.223700917446507,1.62555949917697,0.645860620838139,-0.445593929571725,-0.820301078568349,1.66526256575425,0.659927099454948,0.169211081797023,0.0851356570183377,0.795471661768238,-0.769252155461335,1.01843671675663,-0.213739406174067,-0.485676499758104,-0.594942131801213,-0.963659425657382,0.136352187422241,0.27159683385526,-0.0934179958709418,-0.865834570139937,-0.641703632737819,-0.89527046822549,-0.556469009805573,0.406396526788702,-0.284217530380813,0.754257091726019,-0.685224806619171,-0.70079942045362,-0.622168219914788,1.2943830522994,-0.838502547982,0.623759895865287,-1.10799140088023,-0.485332347658802,1.16394798440976,-0.596747420407516,1.5593347677436,0.0221352363310139,0.0791616905439101,-0.193047612061834,1.19701882940445,0.948656826534829,-0.707189191430287,-0.569656101685242,-0.614303844478584,-0.713892613996231,0.0257853740788176,-0.290471822826327,-0.979048196634363,0.967756725547416,-0.339127938370948,-0.78966340968793,0.500925335910908,0.711338953374671,0.708555446903262,-0.492677960399027,2.15835524429383,0.249825475893524,-1.73968731721801,0.0250912331892943
6,"X3","A3","HSD_1_100","T1L","HSD","1","100",-0.478353384430283,0.129448145408976,-0.220151444561892,1.65831991130922,0.937982683574074,-0.463114434182877,-0.706675870426862,1.69398268454765,0.692906347647255,0.277552537385818,0.264764760582195,0.865477677371115,-0.800407675114704,1.23807992222739,0.0750835184793308,-0.518111888647661,-0.43811169435264,-1.12371535570674,-0.12801442182761,0.250468641772211,0.0406741231685874,-0.819735069159121,-0.703539356018621,-0.997483686507455,-0.719298173252482,0.307723562403149,-0.26609933955123,0.695919960755996,-0.704468038986806,-0.700555382104101,-1.07807008681796,1.35463325465686,-0.917175089582494,0.629314541590435,-1.12119919016939,-0.974557154326506,1.15419357086664,-0.478013194579762,1.40861566276159,-0.0600492669426682,0.21698423874151,-0.249846002067235,1.13657762051763,0.979126457938798,-0.744177046607786,-0.420975272771223,-0.835798045393573,-0.859245755996941,0.0721918240855342,-0.204842138634106,-0.893277875530689,1.27893609298355,-0.317547941633642,-0.725017139099896,0.429100820304255,0.784230786367699,0.884902886560903,-0.274902566581217,2.06222894433445,0.289280188483134,-1.89893766682471,0.0327652815649158
7,"X4","B1","HSD_2_005","T2S","HSD","2","5",0.026429452139511,0.847143702772938,-0.217672522401989,1.56324993434045,1.78423585043136,0.431989450769782,-0.849357333036376,1.54562001181354,0.606127424450834,0.17319570332075,0.0767437007350864,0.699619504528018,-0.896169304379213,0.870021131725374,-0.302282380307767,-0.594753841521943,-0.317844131772921,-1.20619055645596,-0.0326752497423159,0.124077262118653,-0.112641646306111,-1.5474727925837,-0.454338965108161,-0.743566884204008,-0.468388137253915,0.173137433855365,-0.188610643706381,0.83187744475244,-0.407991643857283,-1.08517937853235,0.124386827718037,1.38597840290945,-0.856286277512237,0.660799461518864,-1.65295717701418,-0.332059819842111,0.857748244803784,-0.665994595786707,1.48049777039525,0.210258950994012,0.201596622081722,-0.119748986002247,0.977052514747458,0.635048536076102,-0.572668031774061,-0.47381339040425,-0.592560457496552,-0.930347832654297,0.0845125036208101,-0.271675807872688,-1.30292938012782,0.737378780109977,-0.758959867602126,-0.869307383468248,0.170690430067599,0.810292570943885,0.536648548871598,-0.77219324388602,2.13682659434545,0.0763261798349522,-1.1703049358583,-0.072568348320825
54,"X5","B2","HSD_2_050","T2M","HSD","2","50",-0.197062330522506,0.303238585319391,-0.467386605029055,1.60153155002697,1.02550551005711,-0.569822103338509,-0.861675974732218,1.64978358093249,0.718999809521662,0.336430168687092,0.107815215280153,0.758729160152201,-0.820704979782461,0.963994365747911,-0.131077510659954,-0.342397727389515,-0.633530091898507,-1.27286654701246,-0.086912905437063,0.4249589894013,-0.0173411789857525,-0.992693016963459,-0.516899220600084,-0.785106073674926,-0.61206292475222,0.355050335639617,-0.259586029915964,0.672716161194566,-0.541472631810259,-0.917113622073445,-0.681699513762432,1.337901865482,-0.697873185294577,0.726998306525394,-1.03586239553208,-0.866984210379377,1.16900233081046,-0.545457104041478,1.42792522507039,0.142231681773212,0.315643140156627,-0.207710861750072,1.14720749140555,0.950267548716968,-0.630930124104997,-0.578509139865549,-0.716740741663088,-0.719799004446752,-0.011328573273742,-0.355882068542221,-0.861761056017199,0.925773358976214,-0.429902374939309,-0.855102670140071,0.259753249190666,0.722875938882146,0.752100143882338,-0.308590834562069,2.12736762781186,0.204459450676553,-1.63398789130241,0.0355724328749467
47,"X6","B3","HSD_2_100","T2L","HSD","2","100",-0.23362376842879,-0.00374173593066018,-0.235852852232481,1.6105115410886,1.12405213867593,-0.535290211086298,-0.722278086552194,1.65796995972077,0.699925756302527,0.376815705269776,0.23617458907371,0.992891383337519,-0.868251535813742,1.14420914443835,0.101988224650275,-0.406617824420679,-0.490868421683591,-1.35341625812095,-0.148540963227267,0.413577269452461,0.0454975263331807,-0.863781825097652,-0.55763630815254,-0.922453484533045,-0.650966536951912,0.320725560819688,-0.292746801071842,0.661100318408711,-0.559730757412797,-0.831352550616486,-1.0459741149039,1.37328374816906,-0.873317753931278,0.697390344104402,-1.05488388871418,-1.08077414439035,1.1355158693434,-0.681695788530757,1.46135495722648,-0.0458067504493584,0.297084120425373,-0.242341663177236,1.0620439030947,0.994923846695873,-0.644185688292421,-0.468490452648131,-0.831744984783877,-0.837376181792216,0.0113841521544931,-0.301949207616099,-0.782794833014133,1.28296139507745,-0.550321468977711,-0.693038366042908,0.206765653561926,0.751731840473568,0.848682073185159,-0.223883394570604,2.06764836806543,0.195992122971981,-1.75399860198559,0.0175256930328596
22,"X7","C1","HSD_3_005","T3S","HSD","3","5",0.140227860598805,0.776530006525451,-0.358032482901661,1.51718613940522,1.88689904489674,0.538829269237374,-0.945856032687029,1.54445904174542,0.527261896076218,0.0636337404328771,-0.0488260236354723,0.628439805789934,-0.807250357620342,0.98115884189852,-0.186496096715518,-0.575419072100687,-0.392059332665576,-1.22784164067994,-0.219517052260786,0.498598658696587,-0.156616378686047,-1.56098415601533,-0.420243531113919,-0.729977916769743,-0.310577564403054,0.201877598471003,-0.210727881772484,0.803074027263328,-0.420222950897243,-1.04912387593467,0.035613959212748,1.3826900352789,-0.704381462138893,0.630717973280896,-1.66216463682712,-0.342646100034112,0.83524327948753,-0.528360545823708,1.56252069936849,0.394265709086094,0.127783427922638,-0.187563244927344,1.02258741806062,0.796863227746845,-0.617068275707569,-0.575860017239477,-0.385409471597128,-0.800211222983407,0.0910127741830298,-0.312882657537986,-1.30913447684493,0.329945564468827,-0.534895542034111,-1.10549095823955,0.202737959278024,0.813572355119796,0.379940326063203,-1.02861811076702,2.13572113454292,0.00596058445403802,-1.05667375485897,-0.0842195341712175
49,"X8","C2","HSD_3_050","T3M","HSD","3","50",-0.227717073671592,0.214897223112198,-0.201470997661914,1.6138559895294,1.05891705246528,-0.236144216104575,-0.737690719408717,1.61891571056546,0.646509967066609,0.27470141351745,0.0943657668539686,0.684507238179471,-0.896641476760918,1.03708520669157,-0.220369899286948,-0.342964249374128,-0.638945041189598,-1.09170354472734,-0.209704698459831,0.709158086096606,0.00443245684050186,-1.04276811507502,-0.534142408494344,-0.802425609392171,-0.67277449873554,0.121223073469133,-0.362347318749232,0.659764770448049,-0.531270859265986,-0.946175275417444,-0.669719040214919,1.23123721431289,-0.990548951992329,0.764209634771379,-1.47873971200362,-0.748011380104735,1.21734675941591,-0.621655018009894,1.43195784239747,0.414203293127341,0.243842077150267,-0.323756824455216,1.11679595122557,1.01045105738925,-0.543578701293568,-0.552288143135618,-0.420000780725036,-0.824945080033468,0.0268312848460717,-0.342184766825143,-1.00011062287326,1.27580898991629,-0.432164884387908,-0.753790267455819,0.414267313882572,0.751053386326507,0.709037749779108,-0.514625747782087,2.07974273849028,0.25289576842636,-1.81157519721395,0.0449361039889151
51,"X9","C3","HSD_3_100","T3L","HSD","3","100",-0.201501821833988,0.0533918824325417,-0.216602727675143,1.67182219347852,1.17481164787467,-0.35344127866249,-0.830349583608176,1.6227452336614,0.663649052729846,0.395105246851531,0.197196352979654,0.818673057380706,-0.916341190736624,1.19167041346496,0.0599512827348638,-0.307773083847921,-0.535621423159152,-1.20476247227071,-0.236858972371823,0.602072162436025,0.127243091645396,-0.802118544602716,-0.525445589451337,-0.876873457326064,-0.550586096120138,0.142257565143542,-0.28407375374154,0.678698872446382,-0.528190293942547,-0.763179672261277,-1.00301237434153,1.34575743190836,-1.0317328763947,0.793859784703399,-1.19549045839667,-0.997440583027061,1.1867218386738,-0.693830476577579,1.50193286151626,0.118341152143736,0.224314750186803,-0.283794265907185,1.07268543460785,1.04419945575801,-0.609631310877216,-0.437141250507806,-0.658185590829321,-0.882766826872217,0.0475405706918464,-0.27515984123725,-0.866999270589933,1.09372527257856,-0.414865985015818,-0.715452466916786,0.263485056489844,0.75670568435887,0.722851169028779,-0.526461101169385,2.02056146764801,0.118837861619911,-1.96798803948473,-0.0171351674172424
21,"X10","D1","HSD_4_005","T4S","HSD","4","5",-0.0195575124846661,0.788287824968751,-0.326973118098256,1.64408527159543,1.75956707965732,0.1662159372506,-0.888310350838903,1.52484194314958,0.568340767665784,0.0514204355310364,-0.119695156269959,0.503623663349027,-0.823525835191752,1.19358358616502,-0.184221174526513,-0.609484309754806,-0.35328395201147,-0.985513290125803,-0.162066049039065,0.198912863323699,-0.105716050136974,-0.914832500680596,-0.482097688624704,-0.892676087998533,-0.416903736944116,0.355934843369075,-0.289137593803148,0.948149186304221,-0.478319344281024,-1.02531657325008,0.154767565167558,1.27820035775842,-0.850789955844,0.615888468097292,-1.85743370883108,-0.748912228389246,0.553187816715411,-0.305166876740302,1.51453274626649,0.0390314487894532,0.0951995716750762,-0.226132993911531,0.83492027142707,0.738269757828661,-0.651424130876041,-0.574183259325655,-0.421246391909769,-0.743785133552854,0.185782202568,-0.157708075822433,-1.25024361857648,0.546810893592903,-0.347963920392801,-0.815858389944948,0.442308222735606,0.857564402702263,0.59660097067663,-0.799952763619429,2.08515940216909,-0.0396952137535953,-1.13571348494152,-0.237347030007434
5,"X11","D2","HSD_4_050","T4M","HSD","4","50",0.0381484465264057,0.424099758343613,-0.20438834193298,1.60511337004408,1.04624542522149,-0.370330864794702,-0.817266300792125,1.6118720924711,0.741991581192065,0.371109529395144,0.130095159845666,0.71155491112739,-0.783202553137222,0.84995139017881,-0.501810805549798,-0.398497126174305,-0.838530323549086,-1.04635779504651,-0.217795583578762,0.669016276826907,-0.0678724513211124,-1.04414405237674,-0.585104729452437,-1.01957189236746,-0.668194986119746,0.283192370128917,-0.380754711730757,0.683179884121932,-0.636519675467324,-0.95166724735381,-0.504111596831565,1.1888925657077,-0.894230237884686,0.727639555676579,-1.24553930875431,-0.606867445795777,1.11926486975647,-0.623809360825565,1.62511080016185,0.298690990499082,0.392217202135663,-0.282274540991457,1.08719847459644,0.986686223581867,-0.616011430775386,-0.671464301219396,-0.503809888600914,-0.761142166183816,-0.0493072053166683,-0.353960689227313,-0.930278397027827,1.11573409311097,-0.30038541680143,-0.729378367421346,0.441015283415433,0.714924276002003,0.661297510956175,-0.543237972799117,2.07977874420116,0.211343469493062,-1.71436852785043,0.0468220403339066
4,"X12","D3","HSD_4_100","T4L","HSD","4","100",-0.0878425920447041,0.0157279562995356,-0.197733133637223,1.64664295260766,1.28541477559295,-0.427466318324003,-0.74698478781265,1.66773735267111,0.764329478130498,0.387448873616835,0.222020766429906,0.81831683862052,-0.811313880725361,1.11725319516705,0.015999497054958,-0.452037560155,-0.561732705666593,-1.23612539357327,-0.264047847990157,0.660496862416401,0.123370261178869,-0.897321768768024,-0.702389505615347,-1.13723199336477,-0.807925856316197,0.157135163452275,-0.320299415694504,0.633996536260813,-0.703486140956629,-0.748313270597161,-0.983878826766968,1.32973069982586,-0.967113210389273,0.735413248662625,-1.11049181292859,-0.934702951629552,1.13666794171178,-0.644820934554468,1.50485853764552,0.147182523854807,0.400388901450431,-0.270041991133612,1.00818001509896,1.02626679513394,-0.550580900447557,-0.435306259546573,-0.693328462099917,-0.84209225540465,0.00900025434174978,-0.294701221619386,-0.843907954792344,1.11308486706505,-0.467307933868893,-0.744610005057022,0.386724776545204,0.758292783732625,0.82578982211905,-0.391931910081287,1.97071462299397,0.236124571472078,-1.85503934979834,0.0277972802070057
2,"X13","E1","HSD_5_005","T5S","HSD","5","5",0.105185151089334,0.961662458104831,-0.224920053106909,1.68910718459219,1.86379393658764,0.288867972988312,-0.85770933888786,1.56666637204876,0.620728537707269,0.0411429332283575,-0.0746740958987653,0.592515031651761,-0.709679611859291,1.11393143242611,-0.35799806404574,-0.630671609520027,-0.372958306962792,-0.9950415893804,-0.0730441196474763,0.399020157932726,-0.117663005820484,-1.42663643946807,-0.55862524887936,-0.901032738377147,-0.46757317601124,0.295909996427647,-0.255917168829118,0.934624709143749,-0.558204738887921,-1.0624129499809,0.0850074129079816,1.32143896035413,-0.871175784980832,0.683696484507215,-1.30578918863544,-0.399874304356102,0.793952663752574,-0.807343492860139,1.42318805733786,0.16416236253874,0.335501074537475,-0.170117329374534,0.862031436283245,0.502329155703223,-0.704676660220018,-0.485891972117862,-0.610696429018653,-0.854158474867448,0.209852218903906,-0.480180659539435,-1.29589678397338,0.554993035853139,-0.184990577008079,-1.03317130221745,0.569248654451015,0.790567044792009,0.515769453542171,-1.1134903877284,2.08370633516784,-0.118432209224671,-1.10304059724398,-0.184911815631321
14,"X14","E2","HSD_5_050","T5M","HSD","5","50",-0.27516943964625,0.294654706226777,-0.247681842156679,1.55727025033682,0.868904991357915,-0.522140056517807,-0.789137940868902,1.66726556433855,0.662409302206888,0.259181890946793,0.105900044943334,0.711393819881521,-0.836282696371075,0.971255782405697,-0.265778278170457,-0.451613518975696,-0.716764839098433,-1.1316841758059,-0.101474413228111,0.484431272714167,-0.0557828401485505,-0.872272285847718,-0.642732719205791,-0.849402191199055,-0.564615484374419,0.332882603230519,-0.363550475812675,0.658077066541241,-0.631694746927775,-0.696412744328086,-0.633904967192617,1.22855358892428,-0.863316206858888,0.756096524448083,-1.18120665149152,-0.776600469523422,1.16518210449782,-0.357523002798731,1.56898774130576,0.0841568089217812,0.323802056630544,-0.251335577504658,1.04486443650836,0.943167595204167,-0.719256258166522,-0.667848943127243,-0.531452528726107,-0.70334577182201,-0.0323170759987379,-0.235957339765906,-0.998466115191928,1.19660799386886,-0.432374375356163,-0.670927758721104,0.387848565348476,0.784150309276253,0.844645680978259,-0.222820642874718,2.02596765801125,0.20304591048739,-1.81116058557476,-0.0266993101630959
44,"X15","E3","HSD_5_100","T5L","HSD","5","100",-0.325909841399316,0.0594178841241568,-0.25264615076642,1.61171618665367,1.13387965972776,-0.373024858114196,-0.825451010259812,1.61498568536323,0.649777118493607,0.17001562823389,0.175057418551571,0.732468326682867,-0.890026600412037,1.21361194184519,0.0132227016108972,-0.470119981846506,-0.539608101330749,-1.21299638683083,-0.205688817154939,0.683857741125173,0.129047009388453,-0.865176986424624,-0.549565454624614,-0.947523424819794,-0.657508988581152,0.409381056104071,-0.287474892692852,0.584251106626088,-0.560469678268853,-0.905414314401538,-0.978033007311763,1.32152604926921,-0.979657233857236,0.842840584920851,-1.08065896558907,-0.885753770458538,1.14681671325614,-0.610867292618961,1.49866936560564,0.169716409397052,0.332914889437808,-0.265642581455981,0.977956662228473,0.970334615502011,-0.722848335687863,-0.499269362829601,-0.601447308572604,-0.872198880268265,0.0113480323074322,-0.24500785758445,-0.903852163196125,1.30777516058274,-0.362963015325546,-0.672426487040111,0.441734830799988,0.79154882451617,0.877185479017418,-0.318302718775691,2.038610530668,0.144825033624239,-2.21999126517466,0.033033088010904
36,"X16","F1","HSD_6_005","T6S","HSD","6","5",0.151825077284438,1.09202539174622,-0.389140668980716,1.54930509371007,1.86949725108298,0.494081477215395,-0.890262318346293,1.55351412044551,0.520681360080939,0.0329979837412635,-0.14316274005784,0.518914830665084,-0.801031827861697,1.0224087110495,-0.264366057433235,-0.634563043816518,-0.432783170238569,-1.11005211308951,-0.154840476150343,0.394126750932859,-0.224199295893302,-1.4815709370686,-0.408932790351595,-0.765091896875308,-0.425799523064969,0.251320490603574,-0.280398157984361,0.88334848822874,-0.422929091634634,-1.09967864925645,0.233634940693878,1.30310095982051,-1.00383256280516,0.647090578240375,-0.892252310722249,-0.089531973864875,0.745866582063308,-0.789790565139936,1.47402073566725,0.153994705555059,-0.29419836806931,-0.215252430302876,0.928505861855453,0.588924723438557,-0.733069627643911,-0.537102144805153,-0.593508249816424,-0.963032148646942,0.140413240306405,-0.221069386878063,-1.42318095094476,1.01894705155795,-0.382905256006672,-1.07968717574086,0.308695538786705,0.875847210431062,0.518987108838505,-1.12069783835603,2.12263491476978,0.143026231416918,-1.04373206914871,-0.226091593232416
34,"X17","F2","HSD_6_050","T6M","HSD","6","50",-0.172855009215739,0.403334646751265,-0.250134698396542,1.52594995454241,0.884326145717426,-0.628514866025015,-0.779494996391432,1.66602448193033,0.664817935178047,0.352232279372591,0.0757148116605082,0.721496292451063,-0.810014514951778,0.934906622224995,-0.419204585886049,-0.428812857505655,-0.855380502423428,-1.17710209540787,-0.163789142530094,0.507879492294723,-0.134279282711535,-0.953644805958914,-0.617397414112925,-0.860449229350957,-0.351753391790601,0.345846983882302,-0.343915307607407,0.600796945360898,-0.628347182463179,-0.743807958338643,-0.340502095633752,1.21795078071075,-0.899932224320958,0.790618619645529,-1.12193006739185,-0.691244407167213,1.12650971433629,-0.650247808339522,1.59119673198672,0.150492102469331,0.28842886198972,-0.257587606561803,1.07459617458583,0.932323690098092,-0.782580879895235,-0.750449461171718,-0.594361500124443,-0.767308022040426,-0.0956446930221935,-0.210603821839145,-0.947769050949287,1.23095218865304,-0.504174923086456,-0.531464928637994,0.277401196011023,0.764053114567488,0.822149071634033,-0.249809671268431,2.05146358856327,0.269528270612674,-1.5654938351573,0.00901214044515886
15,"X18","F3","HSD_6_100","T6L","HSD","6","100",-0.168781764601445,0.0749575703366734,-0.24243929209839,1.57552532584794,1.14670107182915,-0.470069833118608,-0.751387597016541,1.64359692039818,0.70277027394128,0.270705189489006,0.165141672744689,0.734792024132508,-0.881417382746187,1.15972190214175,-0.0831564468410466,-0.365683661811889,-0.525627519750389,-1.18662255642023,-0.264891847423079,0.689287133447146,-0.00488833169081904,-0.90814020761652,-0.665303968172561,-0.982470503190245,-0.641418119284742,0.311711531631801,-0.263877541806412,0.614654166605758,-0.667275793402707,-0.842688235476614,-0.834061475821169,1.34158003364375,-0.824603737573095,0.757074379502448,-1.08051295594821,-0.839026632912248,1.16356388510447,-0.547856665376027,1.48617484315949,0.115194101141928,0.289012730243644,-0.259096912560322,0.970771207203171,0.965292634044093,-0.551748987415382,-0.545485951485261,-0.76703767794074,-0.90656394487498,-0.00685172358209485,-0.30698374966451,-0.891249021796101,1.29802367536921,-0.456512030182695,-0.590216977247984,0.26508249973022,0.735326199404092,0.800116020671804,-0.34014639150407,2.0126371752461,0.177259996110778,-1.79485367752247,-0.007725047245283
33,"X19","G1","HSD_7_005","T7S","HSD","7","5",-0.0327940587769415,0.776652229049514,-0.373718768658331,1.45557453510545,1.69805042574296,0.40653406043868,-1.05586344571176,1.50610203706067,0.591794186774105,0.0632131216032956,-0.262815754376181,0.473207438664724,-0.926096808753272,1.01301301721888,-0.199558828874848,-0.556740826154337,-0.383402830361834,-1.30075649191157,-0.0206109171664712,0.32899601324379,-0.218133457982927,-1.34335315242077,-0.392443997139302,-0.683223217607902,-0.490617069252993,0.173963795626157,-0.318744876677963,0.791164923389087,-0.396327309805775,-0.850303386813557,0.224097080212858,1.28959182792466,-0.608350006388073,0.602341461656115,-0.970755716000733,-0.395828722117364,0.868506046522198,-0.0924693772051954,1.49820406684803,0.332828093832604,-0.229934777840837,-0.235311084997034,1.03728466864081,0.774755463078809,-0.66150093189653,-0.471355347994111,-0.386494272382165,-0.697722809966826,0.118657568663878,-0.327710996161314,-1.26555151659902,0.61295691052039,-1.03963661759308,-0.959642310592125,0.227161418921642,0.811593703399344,0.351076497418635,-0.934024725080842,2.12375863917693,0.109989858815603,-1.08701821236093,-0.0922564659269174
32,"X20","G2","HSD_7_050","T7M","HSD","7","50",-0.315654385024423,0.294217229060501,-0.326793382076096,1.5197508470451,0.862677192741111,-0.480452739493655,-0.762533675423638,1.63511307136815,0.603003801557684,0.330314457165815,0.0971804961116547,0.738781780349338,-0.808215593802938,0.971667788709254,-0.224575667118192,-0.352605516726607,-0.678534130101765,-1.18608440012059,-0.0396005705424907,0.408431120051778,-0.180313322292278,-0.882471301721399,-0.599942947475443,-0.780172461053925,-0.769679261197095,0.349170453385486,-0.278020453695363,0.617475779764987,-0.615993199085721,-0.734532238155849,-0.711958172431905,1.3040243955624,-0.902673264237754,0.763381844784379,-1.20614523694374,-0.801472211747527,1.20778673830514,-0.605836099889107,1.61543369483096,0.0907791844143295,0.277254543805915,-0.256988887455178,1.16111445709436,1.01585901879377,-0.582277780551922,-0.616198785706655,-0.570836047921888,-0.773907947308995,-0.0710106522824283,-0.112944486720667,-0.94026793853123,1.37310455527925,-0.565067704763083,-0.812112481785496,0.376065373901565,0.743976068588293,0.773364653337246,-0.284476373929127,2.10709985505981,0.295031806669124,-1.72070241343472,0.0189915230114526
9,"X21","G3","HSD_7_100","T7L","HSD","7","100",-0.297075654714207,0.0949062762607067,-0.384510669110562,1.4763783373999,1.14138657105541,-0.365472971746421,-0.733534796343623,1.63325649263674,0.624442841648595,0.25227637579296,0.159261052185089,0.720435724576558,-0.883959934898201,1.11702696872171,-0.0112991519962318,-0.394095843837775,-0.570566670670654,-1.34436576125357,-0.168094601896541,0.625155383222229,-0.126632305213567,-0.6531918590046,-0.688154166766467,-0.940971273603213,-0.66788540963074,0.154356344724045,-0.240119793287359,0.575751858371263,-0.686928394868128,-0.706553409642019,-1.05925203654752,1.37048092254866,-0.950759637918123,0.777170576436573,-0.90870945866265,-0.795969474842179,1.2064014963938,-0.674269396187891,1.55909244239108,0.166950845380396,0.304434636084946,-0.266890711173163,1.07399401831509,1.05404041448482,-0.528475550246283,-0.422084778422681,-0.587696302737618,-0.781495244086228,-0.053214908111868,-0.124975643850482,-0.924878016939488,1.33895113388658,-0.747288689555027,-0.774493411708887,0.204851204066813,0.719509054319138,0.731351088843784,-0.35561432080678,2.11290858819553,0.259887901967149,-1.73869366674834,0.103515367119515
20,"X22","H1","HSD_8_005","T8S","HSD","8","5",-0.12242289759797,0.879960374539837,-0.388708925687641,1.5922779005329,1.63450523661359,0.329776380214261,-0.984157491728411,1.50700949161724,0.569195544001942,-0.139708913069042,-0.322070490054658,0.334251808511112,-0.871189986513114,1.0946196479886,-0.234618717271204,-0.696440166937601,-0.378475113051768,-1.04684650631813,-0.000532569686768625,0.242899605315264,-0.102951547037348,-1.15272298438773,-0.396551875356489,-0.647007505424469,-0.537348796766524,0.364016421400626,-0.142824506442676,0.888348542366196,-0.396280770903211,-1.06582157892781,0.0540345454408797,1.44235585280851,-0.883590434190867,0.491747255120298,-1.11941219499362,-0.307062332232121,0.805739764054524,-0.504870889754319,1.47103644895467,0.224729485532094,-0.0734489006418855,-0.147895942106931,1.04749726848947,0.692502273014579,-0.634619857076599,-0.474922840682427,-0.236864702424955,-0.809321180282425,0.15254974613937,-0.262580061061145,-1.48082218103766,0.407735516711162,-0.648159437348461,-0.991317066314216,0.283115674241841,0.867967361647409,0.651855504088617,-0.912862348781593,2.17615650234789,0.0233979765680763,-1.01699987905083,-0.0978505371183553
41,"X23","H2","HSD_8_050","T8M","HSD","8","50",-0.295924006411871,0.316510424367695,-0.263832443787672,1.57096375890077,0.832316313281471,-0.467740127129197,-0.824372582771942,1.56393237210673,0.602689383425752,0.090700409264703,0.15158346680581,0.632293840419819,-0.778264617585455,0.999371671685578,-0.276595898718416,-0.413125770348246,-0.736878044699771,-1.06708218433189,-0.0860840739509738,0.283309509514186,-0.0705337544580216,-0.932930336316575,-0.526275579672478,-0.785789426332472,-0.600589745205963,0.288880482892522,-0.277439286417949,0.659527299154541,-0.526171880519759,-0.692075331823351,-0.650107563073514,1.26317078425567,-0.957650037681236,0.674986348578162,-1.37426882470824,-0.509468352695766,1.15101131921563,-0.535423763595751,1.55332847571502,0.0109878045852483,0.400181446999563,-0.251189401054631,1.14556817070166,0.914956980144614,-0.726674524121155,-0.526783750285854,-0.498440239828094,-0.760019603032201,1.5871643476828e-05,-0.317977113894963,-0.950843925561119,1.40799635664665,-0.420621204079463,-0.694097856442953,0.402021577386384,0.752960609637208,0.822230677531821,-0.38229355440617,2.10971117375097,0.372080866260764,-1.80912494072322,0.0134023507939052
39,"X24","H3","HSD_8_100","T8L","HSD","8","100",-0.370578641385122,0.102508095375419,-0.227839277003708,1.67683036958509,1.06198871376376,-0.34428573647568,-0.82832702117423,1.57302147503051,0.659229917051492,0.239298493031078,0.197498066582033,0.815920408970352,-0.800600202496682,1.14371850099127,0.0934360951216595,-0.54623547843651,-0.58253633207436,-1.19129886183892,-0.105747399732008,0.374687891747266,0.116814748039339,-0.322970390512759,-0.703321163891313,-1.11559058388618,-0.739190233192859,0.31838889108133,-0.334570443730248,0.632231723379579,-0.702914862205335,-0.722461826926118,-0.974520588974313,1.31380065486532,-1.11578684627602,0.677843728543854,-1.11151433771418,-0.871940980441849,1.1041607375092,-0.621923895227894,1.46602245962616,0.059256384299835,0.242522703964892,-0.293624763170149,1.10010553056318,0.944484302231412,-0.615786932257426,-0.480238332545607,-0.746840600733195,-0.8276296003022,0.0439872363900466,-0.0394791854210528,-0.745589996912626,1.240340801513,-0.422641639462104,-0.641438114011535,0.286593212938691,0.821536799349975,0.892443201554522,-0.363309681882493,1.97480211222249,0.217806873345256,-1.90538779454937,0.0248416161760447
3,"X25","A4","STD_1_005","C1S","STD","1","5",-0.225065850463853,0.874449814464341,-0.885600432251469,1.54024189379392,1.50069773758881,0.00434403018299001,-1.06149990176665,1.5736355911833,0.209854933456981,-0.0936811538539377,-0.0222124073304304,0.608720847178007,-0.75176557240793,1.07154799886987,-0.0685897523260683,-0.607322656247503,-0.21029663212569,-1.08667020028207,0.239511567169563,0.307562549262116,-0.198536812610774,-0.836984388595585,-0.694765528269217,-0.912589103170039,-0.308181832480424,0.448111597134434,-0.283276443254271,0.97266294612948,-0.694567627219849,-0.794236711711922,0.198114150178395,1.27186441912099,-0.45161528726135,0.583721062671325,-1.59758519279582,-0.657340696704555,0.771526516860372,-0.602178637269445,1.94749964457568,0.157974704789905,-0.127354791545485,-0.0253779343887599,0.851289318820177,0.775400999564385,-0.502400978744872,-0.584352169562403,-0.259317913865489,-0.440878408604757,0.124790406294634,0.318895344907754,-1.22031227531427,0.25396665192301,-0.45893195115205,-1.20119155945134,0.492761053391559,0.964974003854609,0.440010773903839,-1.53583774507487,2.18560383517698,-0.169835817395447,-0.942225696247128,-0.17715433070168
16,"X26","A5","STD_1_050","C1M","STD","1","50",-0.811731141822857,0.266830412316456,-0.388899808958836,1.41774756825043,0.361389800628501,-0.638694535167875,-0.622090082825107,1.76237177864422,0.492445898866436,0.143848290288008,0.102112635043487,0.698237100658301,-0.775146636718203,0.940965531492567,0.107837229008998,-0.450755248171516,-0.456256471979116,-1.13401893608916,0.426334395737682,0.233173484373273,-0.24556013513025,-0.66347693254416,-0.74097501283623,-0.844074235555584,-0.52229302038183,0.463119684966578,-0.337642798137584,0.709125977221966,-0.746844255888989,-0.592186845914599,-0.483612977981756,1.24338754363265,-0.658738705288817,0.630643188769604,-1.7924274982841,-0.70961873546216,1.27739119117122,-0.381979973562633,1.82540784048261,0.0954949075439906,0.00826221946994021,-0.137300126491525,1.27214872118541,1.13299216807106,-0.64708301354186,-0.516846498870586,-0.330534717094785,-0.393398101315932,-0.0600931861850009,0.128490478099688,-0.761298044396599,0.555757945087045,-0.141072254805324,-1.35796735443077,0.70730441125752,0.844973852360758,0.208616952303768,-0.766009930839629,2.27833535369032,0.209336284683519,-1.51589015139385,0.0804345227612027
30,"X27","A6","STD_1_100","C1L","STD","1","100",-0.694998170132425,0.0230962336425389,-0.363669275811811,1.46475795722456,0.65833081887928,-0.194119513697994,-0.637757684159568,1.78249080164469,0.525990284080001,0.200270566548054,0.290251359970772,0.908184939829281,-0.851086900606627,1.11787375375889,0.311239950069836,-0.543830502007056,-0.288020004446854,-1.27314998915614,0.459917934323171,0.153877530373864,-0.128704425452802,-0.624930808836669,-0.820984660613642,-1.18550516625178,-0.658974320605977,0.630916665120089,-0.337020310104737,0.625989765390291,-0.813789603034288,-0.577305868746027,-0.860984462232301,1.26331136112218,-0.617956179886589,0.731236268381159,-1.34702527160003,-0.76906425480857,1.30725648232497,-0.319875948036934,1.69772449801327,-0.0750975937255518,-0.200891263470494,-0.167102282602239,1.21514075162254,1.15061005283155,-0.642048979046768,-0.413992679362589,-0.634611088642835,-0.600424215042955,-0.0310493335056101,0.145428157190743,-0.629784785772443,0.764422041502575,-0.141603085349586,-1.57821411806057,0.589951473793806,0.875052822156615,0.249239049230338,-0.678258679004248,2.27271360600262,0.185908064785745,-1.88122014836897,-0.0181316176297255
43,"X28","B4","STD_2_005","C2S","STD","2","5",-0.082798718712608,0.745997402213805,-0.648106817337696,1.3887704240892,1.61504497584369,0.334335559631814,-0.935349557196031,1.6535276160328,0.328590051409352,0.112201716885129,0.137902261825625,0.831318402096183,-1.02203300139576,0.948874993919816,0.00265797639664811,-0.648756212596496,-0.25471400836031,-0.941483983464355,0.166498578497415,0.306306596413823,-0.352716578332874,-0.942951751155872,-0.552985542665122,-0.723738273210138,-0.20744025886592,0.410574554539379,-0.273796949235322,0.892956896490901,-0.556195115457073,-0.753056140946616,0.166632209688591,1.32217547902425,-0.880453839927228,0.73921080382961,-1.54435692253963,-0.702859852784825,0.853921863209388,-0.601184481783227,1.83405263033246,0.190071518533883,-0.144055735824091,-0.175437635520234,0.841821055951038,0.83783409890435,-0.579990434882791,-0.671780342585413,-0.349055092463216,-0.469009706638553,0.0955634316386886,-0.10473661587252,-1.2430852718046,0.135549567168869,-0.380360421530219,-1.30914028177688,0.529380098648896,0.892777134364994,0.284563004898578,-1.41799718444496,2.1977073285404,-0.0898889373346643,-1.10717236927296,-0.130130195101379
8,"X29","B5","STD_2_050","C2M","STD","2","50",-0.492085307215947,0.177294919056635,-0.377843087359476,1.43837405909162,0.702877848877913,-0.278810285665859,-0.711624718335659,1.71042805858196,0.450229848620644,0.261558214370306,0.307747988461594,0.868592640536717,-0.807844490951768,0.870153117928799,0.0659814862953816,-0.359739062241385,-0.415379095376532,-1.06862051196449,0.271920456345958,0.346284981028854,-0.213773680616093,-0.663293274542876,-0.801716938919288,-1.17750671372863,-0.554099873694468,0.471122582935893,-0.348689796859042,0.662090059718631,-0.802194095689919,-0.701249619008436,-0.569512042781063,1.20950562436579,-0.653906467429393,0.729921263155045,-1.61394024601873,-0.737515315007909,1.25479842608301,-0.417152156093702,1.82369780865237,0.297595765628094,0.284457855542303,-0.121808015438827,1.19157486163826,1.06464488152842,-0.65471192284391,-0.523234132248501,-0.305333204954556,-0.5054254510586,-0.0616555173240281,0.0200036474289131,-0.758660757476115,0.308507783404102,-0.0335854770138049,-1.38757153652439,0.727513323844471,0.826294353646647,0.253440955717051,-1.02365718658328,2.15981120659375,0.0404876922821442,-1.62066247789034,-0.0341092525042699
1,"X30","B6","STD_2_100","C2L","STD","2","100",-0.618182859074031,-0.061024700486584,-0.333086041170067,1.47608749272561,0.761764432779478,-0.263949800125909,-0.67589303568012,1.70113441352663,0.500527202955832,0.336348868437388,0.332743767986866,0.946652244197826,-0.774802363960784,0.9799310474787,0.263784782092038,-0.5348525276695,-0.341816210830959,-1.23837774250424,0.264207466489783,0.243444074581838,-0.104835648195327,-0.596143243879539,-0.909280230574336,-1.23761713653415,-0.628613646289278,0.509475852956401,-0.392339816933902,0.642579738162852,-0.90172658069157,-0.684438166266732,-0.8084725638209,1.25164740363607,-0.770571539505177,0.765532019487438,-1.5675125855249,-0.896441156573996,1.29545971948461,-0.409703181170133,1.68211400180505,0.154376027221263,0.201877874271426,-0.100510976334721,1.20950627810534,1.07246635960895,-0.673902890733289,-0.343268784967406,-0.547933769471547,-0.58046957056705,-0.0402888899785161,0.14090238355096,-0.657598702902709,0.727873633045146,-0.0943434346097849,-1.08978280764811,0.59858675078009,0.912560503779237,0.393359466405717,-0.946472393900704,2.1576959001596,0.0983797242469535,-1.81112628570686,0.0143598543237564
11,"X31","C4","STD_3_005","C3S","STD","3","5",-0.181759961174132,0.755541625519789,-0.401988557096224,1.47452291787599,1.60696991814493,0.0601493863616067,-0.864590828868636,1.69040349958323,0.410384356718982,0.0387759424349179,0.114692354551654,0.821639701739924,-1.03343053001802,1.01077080726538,-0.0128313790599837,-0.585688171079153,-0.139625354166894,-1.1006347412488,0.123293465938005,0.336713834443106,-0.27630288824632,-1.12073711548901,-0.604839673907944,-0.835774335651355,-0.29787210377841,0.483640812474612,-0.272812214440951,0.984860024542078,-0.664960827542514,-0.999813663041614,0.243457653942922,1.33032964122808,-0.567811998927053,0.688878394029255,-1.83195213685752,-0.759054454416389,0.8651640897378,-0.645376970247609,1.85241552740609,0.16061284501648,0.0309126312876176,-0.0356248460191804,0.896532191472654,0.824984628017488,-0.492952158173526,-0.509162433273141,-0.410493935960796,-0.499789311671533,0.171152442004697,-0.0602347667538714,-1.19607060952005,-0.216927448437404,-0.32926684357578,-1.30188751768683,0.604185233764582,0.964065947388245,0.384336516110126,-1.64415220024635,2.18737729573564,-0.116000242187175,-0.999691760673015,-0.106651705298683
19,"X32","C5","STD_3_050","C3M","STD","3","50",-0.487066926347533,0.198207247460732,-0.369028364335064,1.44130336788905,0.726886696987397,-0.475049581282132,-0.701750251027026,1.72158579284036,0.485388447062459,0.357802471225342,0.28072155344389,0.884668768438805,-0.902397461324942,0.754749489500087,0.0301442738756723,-0.396275499686858,-0.488296954281068,-1.1429317711888,0.253832977200206,0.416821269632709,-0.207474486290221,-0.812065717434975,-0.768369554419357,-1.01691117060439,-0.51443817205045,0.47571581844845,-0.331753763096639,0.656421834279453,-0.768418319042849,-0.686987931868022,-0.541546093783484,1.21755608312121,-0.547930168993928,0.769212425463457,-1.46188002986592,-0.726857013145779,1.29675293606346,-0.42057588930072,1.81871575943051,0.178622328529269,0.199269016014254,-0.147080953415063,1.21583590361109,1.09551229158378,-0.671285428742899,-0.54420933263347,-0.287232665181434,-0.511190854594621,-0.119299969643897,0.0190705173189158,-0.785899589661284,0.427870578625903,-0.0394427467517744,-1.38255632133047,0.712608082219325,0.840801185730625,0.316980670065195,-1.02248742505709,2.16623345395677,0.0692716804382085,-1.73946232332476,-0.0104101907496741
25,"X33","C6","STD_3_100","C3L","STD","3","100",-0.415292711995151,-0.0380302912456285,-0.442408721501283,1.42228864859082,0.921461597504666,-0.251918944301592,-0.704829290985296,1.66201381136366,0.462778912769768,0.377175666460857,0.486851626175243,0.983369277444658,-0.827499156057096,0.934236732424488,0.280927497788113,-0.455299937068989,-0.350140057957603,-1.2348761770356,0.259333452199844,0.378126981770184,-0.155483417353982,-0.711606943580954,-0.823035542131919,-1.1283614055041,-0.602926146132367,0.480264268741727,-0.331855946692062,0.589749213646359,-0.819448072668615,-0.703526045284502,-0.811524007496223,1.27235108139379,-0.810659273181479,0.724545334141878,-1.35955833607411,-0.803257194251156,1.29414965592126,-0.407491595067405,1.69694097933132,0.208735094519979,0.155234286064975,-0.0813676483343651,1.20930156024274,1.13960436871275,-0.623432156114418,-0.392844212018289,-0.61792658426358,-0.621458585601347,-0.071600616292999,0.119801254798869,-0.71890831446336,0.582269517971122,-0.197417347383189,-1.3271467678227,0.580948433743051,0.873485783143772,0.282546702048053,-0.843626142599035,2.17816370461583,0.0934075768750136,-1.94005786430534,-0.0252475676390524
26,"X34","D4","STD_4_005","C4S","STD","4","5",0.0147420903538311,0.730695764863275,-0.547810081425175,1.3625362078934,1.73686382775991,0.608990882175864,-0.863031586759972,1.56320064946715,0.328962879625536,0.261644262427502,0.072121147305702,0.729339858984385,-0.848504586586743,0.663402324001009,-0.080064480802883,-0.651129156012953,-0.281264769239367,-1.22748018342775,0.113093918175715,0.397915257080237,-0.358757717472252,-1.13770681598586,-0.635601915121109,-0.83376822041743,-0.284115618192283,0.38543655477334,-0.339167794642891,0.823348309151783,-0.682097118048702,-1.00059758061479,0.111091662872393,1.24287508451651,-0.663102568059312,0.746080959258066,-1.69652272310261,-0.575568794808559,0.940485790132871,-0.670404796571174,1.75666226449794,0.295337685864091,0.163067786177014,-0.120167921499975,0.914543394225086,0.821413507123452,-0.711502406321344,-0.651128791222849,-0.326285867457624,-0.544016364748254,-0.000877593765115314,-0.0657867338462257,-1.17023481785144,0.380804133149455,-0.341248281084352,-1.31131934864524,0.632733150676118,0.881521428015062,0.305441426719669,-1.35000029317354,2.15495463005219,0.000758435406521762,-1.08654635200365,-0.084253993813646
52,"X35","D5","STD_4_050","C4M","STD","4","50",-0.364921942937646,0.125216184789264,-0.345905754143054,1.43789810974514,0.857567773986288,-0.451662768419852,-0.742800633797466,1.68811541267724,0.447964081965958,0.385785615348829,0.226411078003304,0.844439134835336,-0.924802686783476,0.780219759677545,0.0382115455135388,-0.500574271004239,-0.498837440412954,-1.09990446143159,0.230459607005685,0.416591636785839,-0.153381601702404,-0.546383999680756,-0.748784055056765,-1.08716884020908,-0.583439792642975,0.31078723027137,-0.419988187927099,0.59496217509035,-0.74750627553597,-0.720456012650788,-0.508748141022496,1.17570884652946,-0.699615157134164,0.762512650710095,-1.62655415076225,-0.886099102425888,1.24920503711605,-0.483854372079996,1.78194618721939,0.266244330477038,0.244473843369041,-0.184344151069621,1.22432057835103,1.02902965169463,-0.641940660160693,-0.594939873616579,-0.321861305170984,-0.527149423998488,-0.109346318566815,0.144440798239356,-0.711759290265096,0.710525247576954,-0.0477830962270396,-1.30497118490758,0.758897076902531,0.875068450925868,0.337162988809451,-0.93584618158894,2.15075178002112,0.101668164624761,-1.63323637706252,-0.0420174678671996
53,"X36","D6","STD_4_100","C4L","STD","4","100",-0.444848797878534,-0.109470707258327,-0.345613957566955,1.488152491695,0.985981843735884,-0.213942694340049,-0.653049977339725,1.70606113264503,0.468452596694296,0.436601349475436,0.351010833213671,0.945168663448719,-0.818636857404049,0.900378716530749,0.231069562906873,-0.586121062933126,-0.431162289274736,-1.33354551256621,0.21904332454169,0.374034072762719,-0.0922285054351537,-0.616125712775665,-0.872444429490478,-1.4711349190847,-0.524762384755332,0.458686371786486,-0.392817330358408,0.610149980465798,-0.871482792072594,-0.782989078645583,-0.903811874474171,1.22917290386218,-0.886533338519008,0.735052811157813,-1.47614941757501,-0.921507551441596,1.27815235062544,-0.441519032075253,1.64000838686787,0.20001545821577,0.197053990230023,-0.116777394551499,1.18789766794632,1.08599446182487,-0.591557903283401,-0.470723629101969,-0.689063359699526,-0.626504840593491,-0.0677714468957396,0.209189879997429,-0.658587155451035,0.96041570304435,-0.0556206544227331,-1.13028993404253,0.670706467531974,0.977479208022719,0.405141258161456,-0.786065272259447,2.16156255054618,0.143159612054364,-1.83415731401063,-0.0387765224144259
24,"X37","E4","STD_5_005","C5S","STD","5","5",-0.0134139623733471,0.736751958013407,-0.513679281813428,1.48346963433061,1.70427844762031,0.0863819464202589,-0.802039134618779,1.69736193234757,0.392863858168779,0.115819406518555,0.111924808348233,0.797304527668246,-0.87408786122701,0.933231864876332,-0.089876655358295,-0.797703971431881,-0.283009880576414,-1.10550727709583,0.004138642967912,0.409110323394256,-0.222876521068117,-1.01986243166066,-0.62102461582572,-0.988509119597546,-0.294421167334437,0.385291478297758,-0.371078785205187,0.87973189877393,-0.62016515113391,-0.81742637200318,0.167028531933738,1.21886362299659,-0.501968061671322,0.677933753630062,-1.64257053862264,-0.724261291571378,0.797227396670956,-0.616849462818554,1.81740625816379,0.165804755018425,-0.0173637840878014,-0.14097438170818,0.844631509826056,0.744286281982062,-0.653901192602879,-0.629034976206487,-0.407025266729655,-0.486544801159547,0.0970638557045573,0.0921670224264552,-1.12804405958002,-0.0544288526890924,-0.233128656444285,-1.27499341263339,0.725269298775895,0.969702300737367,0.364475506169984,-1.39293327971335,2.15069468283612,-0.0823729864978873,-1.0502860749882,-0.0988522365698028
35,"X38","E5","STD_5_050","C5M","STD","5","50",-0.397166326431258,0.111174421601819,-0.380461051336279,1.45016279906323,0.820465826088918,-0.429549704377746,-0.771121212882418,1.66485974038825,0.422307086776364,0.332819543618409,0.343864635128355,0.867138371991834,-0.855375554650993,0.819856531451166,0.0226171797845209,-0.518025183726479,-0.50516763070939,-1.21626657703975,0.182282979262693,0.410441331437596,-0.146337972118008,-0.64159127843164,-0.873326988979103,-1.27898585321133,-0.540562599959614,0.37674229947435,-0.399088334891187,0.637077839282721,-0.840968162021212,-0.662810043444805,-0.496792622607605,1.2083938920024,-0.592939006758188,0.800890626649825,-1.78208487536445,-0.842594256059297,1.2747508168443,-0.429024593750001,1.8083527865136,0.201991755761143,0.260675199350381,-0.107074863860227,1.19499320341266,1.07610423409541,-0.60545477535354,-0.533052334976009,-0.282899775886691,-0.414038634020574,-0.103205641881499,0.100703959316273,-0.704861263471254,0.527406553845345,-0.0305695518370612,-1.19071884231957,0.777822967236921,0.836817222590818,0.249742048354802,-0.917824240286558,2.17097665003411,0.0986788239987852,-1.63171425264418,0.0715426799308929
42,"X39","E6","STD_5_100","C5L","STD","5","100",-0.331772117088192,0.0199501377846492,-0.38278645491922,1.44041502495525,0.987702356807991,-0.24246975509686,-0.808438762397172,1.6173464698589,0.463132746326768,0.474415379041955,0.38457950115625,1.00052205657688,-0.929921697543755,0.805883486073641,0.220701867981523,-0.561281500848737,-0.443184043529329,-1.29429271828239,0.208872378807667,0.417963375739314,-0.192470797102284,-0.637679891814255,-0.805057697693263,-1.23876891681095,-0.508758591604205,0.46841962477242,-0.423159703551592,0.582619520242849,-0.804570678033108,-0.789621324297107,-0.851763298865009,1.19847698946996,-0.679653853541026,0.78679611240064,-1.57227171885003,-0.895259511984212,1.2517574470413,-0.474065077599768,1.62948136313058,0.216550462549933,0.322243539022161,-0.108678546438048,1.16967544999057,1.06542793164511,-0.626793740282992,-0.432162345983206,-0.497338519343695,-0.654968694452771,-0.110791245471652,0.169466198841067,-0.624521551326115,0.911012951405038,-0.03882515369882,-1.18385513639972,0.71093147231598,0.914376372225139,0.346724101422607,-0.86170160365656,2.1166632463692,0.0574707610183305,-1.90561283605266,-0.0470808404149423
23,"X40","F4","STD_6_005","C6S","STD","6","5",-0.0447391954563701,0.736783011946739,-0.450747955926774,1.37136482342121,1.66359982605316,0.801767405653913,-1.016817700989,1.49542444260096,0.267197762740879,0.142841569705214,0.134710270083151,0.838192560966037,-0.947150453088519,0.872292926630601,-0.150738447946043,-0.61558329276895,-0.230934785326251,-1.27626519946743,0.231746580538255,0.403780678786378,-0.27012775216469,-1.10254526094238,-0.665576768543247,-0.828575010770574,-0.162842953971742,0.391738009070491,-0.332505459114118,0.827529118679352,-0.67042829040234,-0.977953992269946,0.175969336234918,1.24391304761368,-0.581512380374015,0.689102239881788,-1.68179271594456,-0.495397493762484,0.878850832157566,-0.546455253664967,1.73980088913517,0.424724019473399,-0.015672925095263,-0.123524408952422,0.866691329083152,0.758644897606652,-0.581071272368052,-0.601637769235726,-0.301174930717705,-0.578665332821197,0.0693355565629181,-0.142220941180363,-1.10739805692947,-0.148243452101473,-0.254675665720262,-1.43742451307065,0.603803716134514,0.87250793138401,0.342124069794004,-1.40534766989565,2.19510827108065,-0.0520593658868336,-1.12383180890788,-0.117906647241433
29,"X41","F5","STD_6_050","C6M","STD","6","50",-0.643898564302299,0.214338154626259,-0.360844798250699,1.43416965337526,0.589996807140721,-0.274755257043732,-0.773980146665254,1.64756658843871,0.439589514136387,0.242406562912924,0.198457731101729,0.974718445397073,-0.732838904201505,0.824033419507738,-0.0144126567577043,-0.477339378005016,-0.456837257438882,-1.46641514452798,0.31900606042759,0.372305488355996,-0.227722435110018,-0.774891611751347,-0.821436343289155,-1.15395535420595,-0.51980295190555,0.496566407888151,-0.399482648784875,0.654232352610514,-0.939461115406426,-0.656903100455202,-0.548293647325876,1.1818109867198,-0.610301585838251,0.740615087692035,-1.44905048865818,-0.759372100653458,1.26882369064367,-0.466627732830696,1.78347781466654,0.231861273909954,0.21863019701684,-0.160208564350767,1.26108731473574,1.07312784915256,-0.664395069957651,-0.522640299240417,-0.320510957622469,-0.516117858512832,-0.0674998230129544,0.0619044314637778,-0.735702999984112,0.729718481136941,-0.0045811344334421,-1.35996286133087,0.754052813719714,0.89230359853668,0.343602379501376,-0.973588078172441,2.23310237265669,0.159311190213256,-1.51753741217358,0.0305516145149367
48,"X42","F6","STD_6_100","C6L","STD","6","100",-0.548596560033701,-0.0587025503796905,-0.314495843511083,1.49019895828136,0.820862517152449,-0.211253992314473,-0.770461974538729,1.63477862995726,0.43228765336515,0.299373063775023,0.394696192141499,0.921360232168052,-0.808202624588259,0.988051536552737,0.291337162988286,-0.54909741602185,-0.365089422601423,-1.37964807139942,0.266960729561018,0.377899136986246,-0.069160351161754,-0.576862496281629,-0.801756050610488,-1.22173855739641,-0.488581237917709,0.535307833284199,-0.385131762457331,0.620466100452385,-0.799080158515572,-0.724746485169237,-0.859934396385067,1.23621824704283,-0.866498232494008,0.706870235703934,-1.3766460121209,-0.854457140874197,1.26344027690726,-0.529521545731835,1.65675628811887,0.154096308161797,0.233188430614054,-0.139469337783654,0.885418550036007,1.0700999860428,-0.644441662844075,-0.375423857142164,-0.550528964633575,-0.621064168367261,-0.0319501039074659,0.231149112929495,-0.631537435771948,0.845656877350064,-0.0351995014790356,-1.41301134944251,0.665873660454335,1.02921335290424,0.448646841614811,-0.819069054412338,2.16343799282863,0.143443705083561,-1.92719771443026,-0.0585335797392856
40,"X43","G4","STD_7_005","C7S","STD","7","5",-0.150324082677006,0.724398148607653,-0.455410439928203,1.42722607282689,1.5712372604131,0.724221167785972,-0.940160264772326,1.57712193941474,0.340459281817505,0.0659169030962889,-0.0734909402551045,0.643471499245084,-1.00135196327945,0.726717903330373,-0.237847068879598,-0.729538423544736,-0.245436797223427,-1.12256169251063,0.206591365173267,0.36068847613487,-0.224066619088237,-1.00267477832737,-0.490383438198388,-0.676436067509598,-0.24322617934454,0.402107889201833,-0.357820780733661,0.81868948012497,-0.49334128278076,-0.877210457837982,0.198301221317336,1.21942291468123,-0.812805992074718,0.687375532217289,-1.06179928184508,-0.599534558199645,0.874204916804008,-0.676105433652684,1.65149613190637,0.324569340940957,0.0238065960202691,-0.164103983553423,1.01594874230939,0.799877698951992,-0.683034240887829,-0.552708249384463,-0.308565647349055,-0.585270389727311,0.0497569678632042,-0.0350675290184714,-1.09059998554734,-0.178965781484575,-0.140873626235567,-1.40231558087094,0.673230260934848,0.954620651184841,0.403227304291847,-1.57058748997861,2.18456706956087,-0.0796042973673599,-1.1908540189799,-0.195175373109001
50,"X44","G5","STD_7_050","C7M","STD","7","50",-0.61160550274923,0.171354369182171,-0.409260574005666,1.45798180199556,0.611336388707299,-0.418460617601004,-0.746151090287143,1.73541785531941,0.477379167245392,0.259533843815705,0.297101446415125,0.802595604531376,-0.918324049061249,0.816760601398176,-0.0352209366270797,-0.488202799046176,-0.524102868841052,-1.28323303296181,0.253828583180356,0.335949257927854,-0.172028542815718,-0.597990334923354,-0.718309635771814,-1.11257941004421,-0.544598431759085,0.479410608788687,-0.384532456139658,0.646863291203054,-0.710938149337561,-0.691938273777116,-0.548554807073352,1.19421890348308,-0.686010085126135,0.706761563961435,-1.36809038079659,-0.915523447030113,1.26926191084946,-0.433277725123428,1.76816359085822,0.170631447609001,0.199719715613986,-0.129569065196028,1.18089621979801,1.02948394294961,-0.671983225987504,-0.590028447856277,-0.338198111756943,-0.511533140722738,-0.103095948352198,0.259399379772707,-0.717822662233729,0.695504470159546,0.0351903027374147,-1.24610383368122,0.713764534707408,0.984712692418834,0.445741488529328,-1.03370145836886,2.16744107191248,0.117509920173412,-1.60720080127492,-0.015744128915169
12,"X45","G6","STD_7_100","C7L","STD","7","100",-0.592923955679704,0.0151548595993427,-0.398751587632174,1.45655159578581,0.725594763962865,-0.332670394174895,-0.707608462989766,1.67177155365731,0.462619885011698,0.336877873303307,0.238102126952011,0.853793543953175,-0.846205890548264,0.947153326593503,0.27601279990965,-0.577116585520548,-0.391986232446461,-1.18945180087456,0.26588491747624,0.303308369325413,-0.0965839684007879,-0.595363258747418,-0.814158555655222,-1.24810069686175,-0.583933331481654,0.448078500050691,-0.326303554187689,0.631129851609447,-0.813459372077443,-0.649096458707049,-0.900829566843384,1.27845946071147,-0.744842268731169,0.734355305434655,-1.0495536659147,-0.940300024933339,1.28900502138966,-0.450975068273118,1.67899762641574,0.137308726810288,0.17934544329345,-0.134042529322064,1.20175182615141,1.10265383147238,-0.625162932177606,-0.415940258056109,-0.550214459319426,-0.52936869474914,-0.0388639750450404,0.187235628118846,-0.665724697119454,0.664378485023538,-0.0529591641175449,-1.25876026944605,0.638839737066435,0.942296578968844,0.417901630941343,-1.02412280695375,2.16253021470122,0.107314007969694,-1.8824298570365,0.073396852364346
10,"X46","H4","STD_8_005","C8S","STD","8","5",-0.0798103863559367,0.822668751530062,-0.801227152662526,1.36447731547082,1.63049828103784,0.600893249582135,-0.896403574204681,1.51023291015967,0.205187094675342,0.0630712732908876,0.0608964407198753,0.713223500221051,-0.90351309362914,1.05068871682588,0.104774918088376,-0.486696411408006,-0.21102248225605,-1.06592083670934,0.318178133640533,0.241146554689999,-0.343382162623754,-0.843009846538588,-0.731404271773959,-1.00415134862064,-0.298045423388547,0.474558467154952,-0.298173303939367,0.909320878955126,-0.730978745336487,-0.567400272689011,0.044854496776332,1.29731846049912,-0.625349250061602,0.638221357835203,-1.86350409508441,-0.527913982345251,0.8661101110219,-0.565503066857725,1.8780432571933,0.260671021585584,-0.239498064576715,-0.100773163977199,1.02456331846607,0.804228635957149,-0.458338213761177,-0.472452466786133,-0.448139323977407,-0.475618551636262,0.128907618245322,-0.0471472010405769,-1.15826052775789,0.0922222526941958,-0.619996973506495,-1.24174570746263,0.416426887715411,0.852737571529843,0.270224541675537,-1.45785189440581,2.17217633912962,-0.0894205466088076,-0.996758665810867,-0.167111348574169
31,"X47","H5","STD_8_050","C8M","STD","8","50",-0.602874398101738,0.183146247645611,-0.336039628804787,1.41162160372439,0.603368656863473,-0.278639211336793,-0.813630344872975,1.61814872769706,0.406671044941898,0.308550596557217,0.356192390332781,0.987856208842028,-0.794129014058634,0.755108407991259,0.0980852985444995,-0.504670685229931,-0.485036767109644,-1.23456967871974,0.402706640319998,0.311829602761275,-0.228615432323622,-0.745421579953669,-0.676960913561618,-1.26278755429938,-0.564732702235911,0.462018943342756,-0.43681725389456,0.599523167305454,-0.671630420946262,-0.703735775836119,-0.569174175040509,1.1661481853041,-0.711408009877477,0.703805300178987,-1.42397882218768,-0.731817134262471,1.27030418303323,-0.451457811533386,1.6314939207136,0.226389671725294,0.353005039448678,-0.165325866381263,1.25824657396176,1.07603241031958,-0.664634527044949,-0.460908772799861,-0.312612489991884,-0.561915900160484,-0.125592151335312,0.0302964777969281,-0.639528798223249,0.68236698903343,-0.0322931756734635,-1.3199614082102,0.714306031474409,0.830802621184813,0.293025563824626,-0.975456221830168,2.20356934960243,0.187913163448374,-1.57770252798641,-0.068473864095786
37,"X48","H6","STD_8_100","C8L","STD","8","100",-0.733740804778492,0.0384021982169296,-0.380688336533339,1.45655272144871,0.721489314234164,-0.229257347489424,-0.801598814970061,1.63401861790609,0.417225277619795,0.303016867617549,0.427981994365869,0.945752945866477,-0.860818771277475,0.965124878877115,0.331185839816294,-0.509746997255886,-0.372697660666629,-1.28551237378865,0.398589028094347,0.204189597215892,-0.121897656955768,-0.566030819921672,-0.810097461141526,-1.17886684511198,-0.627803010695749,0.49253775857287,-0.370043576073942,0.608219859120059,-0.813726584084472,-0.545311561433784,-0.85215803190317,1.27124579986353,-0.853748345464247,0.675864074642831,-1.53790577782686,-0.931423669036825,1.2657446000403,-0.393816953300194,1.70064559187675,0.0367875892369076,0.126442571773111,-0.111980198143717,1.25218692891915,1.12570764878298,-0.568517284757672,-0.362967458178613,-0.615800419120782,-0.562685297099541,-0.0526669089341478,0.133287377245205,-0.580179036624754,0.836221192047335,-0.077416440086461,-1.24055522345056,0.592982574550065,0.923345623563605,0.391514930428865,-0.818512250506107,2.20513082212748,0.19278028619278,-1.91639370336084,0.0103911097103104
