"Sample","Strain","Population","PoolSize","Age","Methionine","AMINOADIPATE","Carnitine","Acetylcarnitine","AC 14:1","Myristoylcarnitine","Palmitoleylcarnitine","Palmitoylcarnitine","Linolenylcarnitine","Linoleylcarnitine","Oleoylcarnitine","AC 20:2","AC 20:1","Stearoylcarnitine","Acetylcholine","Choline","phosphocholine","Cytidine diphosphate choline (CDPcholine)","Glycerophosphocholine"
"CA1","CRB","A","5","14",-0.324436364819596,-0.355603188694122,-0.284398389548912,-0.33296973244524,-0.599298418357025,-0.571903350522539,-0.511039107397894,-0.466546268897547,-0.814283888954757,-0.557246435360004,-0.472723103242743,-0.567395354647499,-0.746299176591294,-0.507101170804702,-0.266472100274076,-0.362271187469779,-0.329796009819685,-0.186524029669272,0.110052602844866
"CA2","CRB","A","50","14",0.368191771190495,0.32628319582792,0.100604025382282,0.236435284786715,0.325846271361375,0.322394045441118,0.388568096810374,0.295748766256863,0.101975758634763,0.413674591264914,0.34069117017185,0.133290007000416,0.187663457077506,0.148680802876942,0.32293374158117,0.062344246374801,0.000957584882924856,0.12829614268839,0.403033347095362
"CA3","CRB","A","100","14",0.375839721258065,0.434693214807987,0.17102501422767,0.375533270464226,0.862613240891131,0.590011328097572,0.663994273126838,0.517623708155544,0.368603381080393,0.710582934605024,0.625818048769644,0.546791820827474,0.462566088599234,0.370279313092905,0.421842830029272,0.198723392762363,0.0255273531218334,0.247890620551623,0.461275466197026
"CA4","CRB","A","5","40",-0.562929020139951,-0.447316200416923,-0.27370339515168,-0.203115170705189,-0.224147964224878,-0.0449837204189807,-0.164084971186152,-0.410715302782825,-0.80909560057809,-0.589787885620425,-0.476749595880914,-0.306663318535762,-0.500152003826028,-0.471948977641616,-0.807185602066586,-0.35537120797506,-0.28202965023115,-0.40178660656901,-0.436280885949908
"CA5","CRB","A","50","40",0.0538647995158978,0.0829802114060127,0.175338267067601,0.281331465285284,0.520027049183355,0.290425035978553,0.200764252056147,0.00885790020941091,-0.237014418518759,0.0482409571063247,-0.0191385261136077,0.0445870815318949,-0.0796237046107509,-0.080817567415469,-0.285677098767358,0.0735421591466974,-0.0312227703712331,0.256079271666299,0.0482765938472589
"CA6","CRB","A","100","40",0.153550123339232,0.147285735880375,0.254563066993865,0.439883436192739,0.847276258989464,0.665027753060746,0.533848410554472,0.341411268269733,-0.103605032203879,0.321725274784091,0.297797120182334,0.433993063600778,0.234828163264282,0.0904820149732686,-0.205867687751969,0.162766932547514,-0.103341508496563,0.170190866096622,0.00313985129965033
"CB1","CRB","B","5","14",-0.309862879374371,-0.368916360922044,-0.443407385118137,-0.479764806646542,-0.613751656838949,-0.723038478382684,-0.66463799489328,-0.673300948871052,-1.05309014701056,-0.79252952322906,-0.614410445664218,-0.784106464673533,-0.619654080118917,-0.603725590146013,-0.294152044551891,-0.379916550031182,-0.358810707544793,-0.254444759904112,-0.0597421226368242
"CB2","CRB","B","50","14",0.333411868821565,0.157212706806647,0.0802028750995074,0.110766466986929,0.36495604219451,0.250410777072977,0.32496114767319,0.324506235276136,0.0311103897349883,0.354142019104959,0.328751826285146,0.21339849903788,0.306976579739677,0.287860985539772,0.441855747112041,0.0343041086530649,0.0111810331219049,0.376662738741502,0.497915971891328
"CB3","CRB","B","100","14",0.449338824230221,0.228707718278168,0.238260079459782,0.22304479230928,0.718358030742972,0.535285883844652,0.649185457383428,0.492150513971645,0.400661625994191,0.725452128663609,0.600010612101156,0.574343269606467,0.527476123322216,0.387109492062026,0.557615654521398,0.127995479620187,-0.0220086824404735,0.356140430752029,0.585242496454487
"CB4","CRB","B","5","40",-0.476081603490154,-0.278830520681347,-0.253770929063083,-0.356113585311423,-0.37457686442069,-0.136186182607561,-0.212806571192489,-0.332935662062926,-0.850465805254265,-0.492337818947161,-0.500422480756741,-0.264046742524389,-0.573009026488426,-0.513056303923615,-0.811560554417831,-0.351693451173381,-0.303135278663646,-0.239578980081841,-0.20934793255644
"CB5","CRB","B","50","40",0.0508837423012443,0.0944322272021925,0.035724043958461,0.309787279397055,0.691640586017971,0.702076025707026,0.542383313442324,0.330309149110509,-0.0597746090645721,0.247312258993977,0.254784962900386,0.347045818588358,0.234342489844656,0.134386427529793,-0.168560558766181,-0.0014503489980342,-0.0325882649329809,0.106204328096573,-0.0798885622185148
"CB6","CRB","B","100","40",0.116528318380546,0.113718996060204,0.226748476228181,0.352470432639178,0.840246453745334,0.858637367183443,0.732743626480381,0.517175416877043,0.194982039943747,0.536433374669693,0.50916738693057,0.674888188774868,0.389618078764911,0.263475791152964,-0.0169192778566201,0.0989470648025161,0.019002542130389,0.102086703854199,0.00912271946869136
"CC1","CRB","C","5","14",-0.337263269345745,-0.524121693965811,-0.318723009949958,-0.402981457320238,-0.592382606722281,-0.568813699392735,-0.477714228467067,-0.497715856298854,-0.814739152373912,-0.555609539085694,-0.506907871392387,-0.625780919826296,-0.540917517000763,-0.504341117201284,-0.32442469722121,-0.351946850422952,-0.389507022124175,-0.109005052375964,-0.0187589077842087
"CC2","CRB","C","50","14",0.276062661423607,0.174080948942144,0.0948398419620053,0.118147893583796,0.37114864549418,0.26241712869391,0.333643697642384,0.358934802616596,0.116109333775226,0.418825776520455,0.338563792293127,0.211319379565197,0.373206190354551,0.397062950558173,0.371756813912045,-0.000666120123720582,-0.0790046912398896,0.240859284786066,0.437541816223061
"CC3","CRB","C","100","14",0.368850808587992,0.203914012746667,0.294661863954569,0.2491127959893,0.606273417212662,0.388011102951099,0.497136839147131,0.434377203134072,0.248153174582105,0.610008959441688,0.462750865090829,0.423178314565092,0.615137366374674,0.551577187339736,0.583499757577052,0.074546884685323,-0.0339754378506836,0.200243564009678,0.424990779087925
"CC4","CRB","C","5","40",-0.547249412350461,-0.380235596432485,-0.188883960744939,-0.225610856199439,0.0123334618287076,0.192657567616912,-0.0604220275179683,-0.221271133553395,-0.694149388495102,-0.443220243491353,-0.325915685609817,-0.368976985717599,-0.451050727658897,-0.470044968586935,-0.85241722550363,-0.380665244341108,-0.425741144220192,-0.303756816730292,-0.325610901594438
"CC5","CRB","C","50","40",0.0594703707873725,-0.0711949711541435,0.18675841090817,0.267769314004567,0.500956446634288,0.422625777522647,0.309231164344754,0.139388997717749,-0.20976171125843,0.113708029211235,0.119233178584864,0.157728748197605,0.0264225811374388,-0.0240975930501284,-0.243732486704488,0.0674693455590774,-0.0824055024673065,0.151247756095298,0.00934174310577074
"CC6","CRB","C","100","40",0.216730010431244,0.27133004710168,0.288503424828638,0.446296608723033,0.968133070909289,0.89869872288703,0.734254584734304,0.563151204568585,0.154724998437406,0.563653147129467,0.559792039128232,0.765926626715371,0.462031543992915,0.382630952432482,-0.119280900435436,0.158084536893463,0.00072608100132765,0.0483093578639187,-0.0571762226262278
"WA1","ORWT","A","5","14",-0.176301525818761,-0.297665423549442,-0.320759420972538,-0.491341769376584,-1.01008034471344,-0.769020877608811,-0.623067146576036,-0.553429932147211,-0.203722404522766,-0.518939723899402,-0.467317599028776,-0.654156582291901,-0.326598025890343,-0.326578228638706,-0.204695308470017,-0.146514034223561,-0.00803918994958686,-0.168681926420851,-0.436698319145798
"WA2","ORWT","A","50","14",0.370994164089981,0.280618363304982,0.0292143713518227,0.131026503273764,0.0384501230726828,0.0704855814116305,0.123964195415761,0.228115713795787,0.725631670065147,0.335774334503079,0.289687008414924,0.0537045402245386,0.441302550133617,0.437768074140048,0.500476059655433,0.176743438076365,0.319029925174859,0.244564253175962,0.0688364948461295
"WA3","ORWT","A","100","14",0.435670464631551,0.437929989953765,0.350994610296761,0.206688967748577,0.0451030592985084,0.189057240890046,0.212996758834356,0.360168402490277,0.87003678227459,0.486212323419416,0.333756118291076,0.218111138031814,0.438945377459166,0.396834961157389,0.519123632872782,0.313022188742695,0.324531204666119,0.261810551892087,0.234214521780756
"WA4","ORWT","A","5","40",-0.642317776807711,-0.610810684519273,-0.314306367278747,-0.552126956506331,-1.23217085134122,-0.953641159705816,-0.935629461381691,-0.657790063740987,-0.460894111726836,-0.980590318478391,-0.773575286397566,-0.56161976255496,-0.6363269001839,-0.556475505890964,-0.566401640561716,-0.324785169821783,-0.105329181245745,-0.404498712432177,-0.376202209075795
"WA5","ORWT","A","50","40",0.0521320216596335,0.232724440692954,0.00386268485376462,0.0934629506536089,-0.110542302114163,-0.297258250537165,-0.262403085344441,-0.102721723398598,0.0673449536407364,-0.0213747517534282,-0.0856597922970792,0.0722799705492649,0.0652445212559485,0.102025816434475,-0.158036760739511,0.214739684010567,0.187011382242474,0.172930635466901,-0.0163667833997625
"WB1","ORWT","B","5","14",-0.164509872628797,-0.231966685391066,-0.371582778140918,-0.467111922923996,-0.60487171241206,-0.679412479721767,-0.693407449166047,-0.560043155563068,-0.141687157071952,-0.572012308162845,-0.486774755940218,-0.636570666070905,-0.413403964054552,-0.364171059851954,-0.437599078978145,-0.0995110177891023,-0.033505589520602,-0.136673279880733,-0.382765517501502
"WB2","ORWT","B","50","14",0.330060351349128,0.20905224641253,0.0223212885348243,0.0591844447917653,0.225663678846115,0.0788482963804364,0.136530069646271,0.20352755724042,0.757101798771568,0.294143604982732,0.263065021624036,0.02836295804949,0.301301421333767,0.278233370564084,0.615255355934853,0.169551805594753,0.250372745554395,0.174262406685494,0.146970992060496
"WB3","ORWT","B","100","14",0.505971631867802,0.397705355736456,0.245706985982671,0.188691275157413,0.20309849785684,0.224436315348507,0.251033899555884,0.31116823262811,0.847354139910825,0.473892807770912,0.380877974526022,0.209645194764989,0.318613158678266,0.0481351499310261,0.615461469762068,0.307536426538715,0.321873147083234,0.242124870533827,0.117272774985628
"WB4","ORWT","B","5","40",-0.848617554069103,-0.385311074438889,-0.338657548055293,-0.557259353784654,-1.16511415547647,-0.735753603534183,-0.764034734335448,-0.69077075763868,-0.478389881650932,-0.92006958958254,-0.77274519629441,-0.523016238686884,-0.931335338201821,-0.519973587815425,-0.454020919214162,-0.278506333580811,-0.112856751434593,-0.522675548292952,-0.446915353547643
"WB5","ORWT","B","50","40",-0.0464464342895079,-0.0226207651228032,0.0864046941043535,0.0666104024371963,-0.125239779086777,0.0420859850383541,0.0399168128395173,0.17789510025329,0.283280331570982,0.0521255722364238,0.111520956223316,0.264160485688365,0.143109681716593,0.322112212625992,0.216517995672529,0.127316881467402,0.198447822183212,-0.212190442853198,-0.0669905291001962
"WB6","ORWT","B","100","40",0.125866472910488,0.165386041944821,0.144817530996635,0.204689302514394,0.0830978105282298,0.135720820257872,0.0588270129856161,0.158015153120476,0.416797512829344,0.171786425715116,0.113482670629484,0.3321215594205,0.047864024384781,0.127089831522863,0.256416286093505,0.201084799752803,0.277652353326157,-0.129498943234809,-0.0436391368741802
"WC1","ORWT","C","5","14",-0.435974675926122,-0.23795818118905,-0.217972898555217,-0.440229853458131,-1.08680769552435,-0.864687017594779,-0.721894294920562,-0.602339391331362,-0.2391307844875,-0.499758705441932,-0.47884929954855,-0.68348265163835,-0.392274880642278,-0.411395011623394,-0.161743636375991,-0.175295379713464,-0.0933310331086092,-0.165370485870607,-0.111673339705471
"WC2","ORWT","C","50","14",0.288441455212912,0.0693485076538964,0.221506973615209,0.0312589972360096,0.0913637465609556,0.00266451286418423,0.0540781460104798,0.22117988362182,0.68508094837389,0.391098511178233,0.307564674190417,0.0995677811758453,0.382395252910423,0.384130184888864,0.387993489603918,0.145396519008886,0.210790853868517,-0.00916708686766743,0.0542219404395583
"WC3","ORWT","C","100","14",0.420096903094073,0.261027429993914,0.249342260835184,0.306340282428838,0.660274977947113,0.382953700111439,0.425301152081462,0.471338141363216,0.954331936979256,0.623682824046431,0.506681323248798,0.385262276532909,0.611759043271687,0.463481365421853,0.666754158006758,0.353962126151956,0.32804351353859,0.217901945882288,0.0985118224522754
"WC4","ORWT","C","5","40",-0.649076535494729,-0.466749125969145,-0.372571023378481,-0.502163146751948,-1.14277810902675,-1.02588956246094,-1.02049331919438,-0.792780235990818,-0.607716691042093,-0.973435151408103,-0.855974591254316,-0.649572193996386,-0.726235578400384,-0.633177792305735,-0.336311679016316,-0.290775584833817,-0.107908378684351,-0.436495703218207,-0.488586051707236
"WC5","ORWT","C","50","40",0.0285332900163908,0.158508266324368,0.0396858793677595,0.122748483935345,-0.0111494888337615,-0.0436551106605956,0.00430396489898666,0.0465092813824119,0.21906575757379,0.0297414220118251,0.0491696227816965,0.225864137383594,0.212523500278937,0.274270482354311,0.0406237217535246,0.180949079706113,0.196034117309928,-0.0852521177063821,-0.123287636966364
"WC6","ORWT","C","100","40",0.140577149455553,0.232360815368859,0.157650435948175,0.189507960890708,-0.0839489202228485,-0.0906874752116043,-0.106032484090615,0.0608078002176233,0.335174250041451,-0.00530528289926213,0.0439978570534425,0.209817021331739,0.153553729773122,0.139277108296974,0.196932543584802,0.250341380402508,0.263355135140388,0.0677947632693146,-0.0300315216897742
