"Sample","Strain","Population","PoolSize","Age","Ethanolamine","1-Methylhistamine","Isoleucine","Leucine","Lysine","serine","arginine","Taurine","Pipecolate","Hydroxyproline","4-Guanidinobutanoate","N-Acetylornithine","Homoarginine","Dimethylarginine (A/SDMA)","Phosphocreatine","N-Ac-Arginine","Nicotinic Acid","Erythronic/Threonic Acid","N-Ac-Glutamate","1-Aminocyclopropane-1-carboxylic acid","N6,N6,N6-Trimethyl-L-lysine","4-Aminobenzoic Acid","Phenylacetic Acid","4-Hydroxybenzoic Acid","Aminoacetone","Succinylcarnitine","Cytidine diphosphate choline (CDPcholine)","Indole","Indole-3-Carboxylic Acid","Indoleacrylic acid","S-Adenosylhomocysteine","S-Adenosylmethionine","Deoxyguanosine","Inosine","1-Methyladenosine","5'-Methylthioadenosine","Uridine 5'-monophosphate","NAD","NADPH","FAD","Succinoadenosine","Glutamylarginine","Thymine","Oxypurinol","Cytosine","Glucosamine","Arabitol/Xylitol","Niacinamide","Riboflavin","Folic Acid"
"CA1","CRB","A","5","14",-0.815694724887188,-1.02630632683056,-0.635214861635981,-0.564752928658041,-0.608953046159563,-0.416230925496874,-0.455950176134354,-0.490717773096186,-0.577247122976248,-1.12223922344948,-0.731299864532147,-0.43816718442898,-0.539353060055228,-0.39116399504942,-0.75289453448688,-0.961343180341816,-0.688265725818635,-0.631648371879997,-1.95810937762077,-0.611860688278405,-0.563499339892849,-0.582662115836167,-1.00224973090929,-0.309210983285493,-0.904573600197085,-0.677350883017711,-0.7022654528378,-1.29382232269414,-0.495850432915959,-0.713868716437409,-0.660175791750683,-0.390212669499848,-0.63008959085027,-0.560336634145176,-0.77737314536804,-0.178531513645067,-0.80908461044304,-0.324953694308701,-0.296084949438268,-0.491470685416546,-1.07048371439668,-0.566591221128611,-0.755548526736772,-0.483598314568725,-0.599101897211815,-0.501269777381979,-0.721321411637856,-0.448329345376134,-0.850226908120303,-1.02382167315052
"CA2","CRB","A","50","14",0.0740555469974673,0.297794759444628,0.340534232903685,0.292523240387501,0.22684054981281,0.119472826547382,0.186490020478636,0.142869616640452,0.208120272462358,0.375939825575485,0.334915133054926,0.51453494098976,0.495980679625963,0.468099298485795,0.189963417652615,0.26737868371012,0.113027312260437,0.14651826665546,0.817205446503376,0.254042925515174,0.348483468481972,0.194775680101481,0.215651705323988,0.25388941094878,0.00168312313479291,0.504968415110971,0.294902706682338,0.00573105895031611,0.29755915485645,0.247467857206876,0.283364932166817,0.355310484832824,0.0790000425192536,0.269382412378937,0.27010164342397,0.075458067364611,-0.0276199255963792,0.224712336249547,0.317776846058912,0.200518715793774,0.316304526334708,0.425701974228534,0.345076251949827,0.195148292453944,0.345807656938878,0.190388448127882,0.191682822681569,0.194421226361405,0.200639230392963,0.121715887274417
"CA3","CRB","A","100","14",0.316939852656361,0.641572260007339,0.515264221634045,0.421552500908353,0.396503859741664,0.289970629165678,0.322494904661192,0.2587798573339,0.37064946800879,0.646582290677345,0.387961380378219,1.15033548508135,0.510875469149819,0.407542057368618,0.34336045822378,0.66457607398043,0.286531842512058,0.282064476810694,1.09222692398876,0.452740419553662,0.495867396478538,0.420153845398766,0.578491075328352,0.294705536899166,0.168538896890041,0.411326813125654,0.577551316001416,0.331662064374653,0.387791072161152,0.44692412829109,0.415423352399862,0.556916362133505,0.309959225125358,0.45183453128115,0.338764463324186,0.457414350701566,0.236264051804513,0.222031676856893,0.0045444055313375,0.146121801464501,0.490122956409273,0.618552253118155,0.648025215163979,0.319864450786957,0.645517036465805,0.401898333749472,0.390798632368814,0.324670557411957,0.27710110854168,0.472649203834741
"CA4","CRB","A","5","40",-0.55997058485874,-0.792670847106848,-0.695280124219066,-0.624348935695836,-0.652322450588017,-0.459505122333349,-0.749221683872929,-0.38593931740126,-0.591485304672903,-1.4676701536879,-0.832722178127614,-0.543243664112367,-0.829950881447511,-0.730200552831212,-0.630309338804004,-0.799814103934311,-0.575778314093447,-0.654078802751792,-0.586989606607933,-0.549373400024828,-0.75548073419386,-0.604156763147904,-0.755611687132638,-0.22299932095344,-0.528970513677969,-0.245979374594208,-0.887760900820147,-0.513033266914272,-0.585069838796169,-0.613453219452048,-0.604310836273899,-0.67805625531918,-0.960301892231918,-0.639744190147138,-0.885203979284484,-0.368437623158964,-0.642494088848663,-0.258949564414346,-0.378038169121176,-0.347548782863782,-1.21627169047409,-0.703552756714539,-0.783615398211949,-0.465584618213618,-0.833306533270272,-0.464653169327896,-0.548575603368006,-0.364305314124641,-0.613096591947804,-0.440450379168655
"CA5","CRB","A","50","40",0.271527441351191,0.399779857153888,0.210140961246335,0.129367360623034,0.0983815172521334,0.0199021939616939,0.141354352680375,0.122029828352852,0.100164703712736,-0.104955629328248,0.0478989392608957,-0.0705966366227342,-0.02969707449728,0.0157021230303789,0.228442412736925,0.548064311469318,0.217612604306637,0.235359426883403,0.136334269867464,0.1826085988085,0.0973176662447512,0.197717999244642,0.532568492018385,0.0909559095526835,0.00177824494620538,0.57342608204427,0.401271781849066,0.272043983544858,0.129121122878634,0.227138169313707,0.24301768493123,-0.0388193971009523,0.0294270722310896,0.249434132131428,-0.351465005280287,-0.263925905229836,0.375227770788737,0.214539811866612,0.254878829910061,0.276515588788674,0.297588690596863,0.203437984247858,0.337591585129641,0.302094785627681,-0.0281854501068359,0.287574432249555,0.267764479345264,0.329571306517764,0.360099390667873,0.316378080513732
"CA6","CRB","A","100","40",0.501841413644198,0.724868031508946,0.422133625510273,0.351364632425679,0.339044120605563,0.175015910736774,0.30281180008997,0.23778732817721,0.316938729606057,0.27633145439406,0.211512934517658,0.105817645484139,0.140054380236031,0.142707137757351,0.411432598067375,0.838971627647903,0.419731194990415,0.337554600679973,0.124287660119085,0.370733932509694,0.298098722014115,0.407532493953462,0.817602688946649,0.294334865490537,0.190610631968794,0.762418793725976,0.640417892837553,0.506524995061711,0.154304631034472,0.443401570259667,0.415291143899779,0.164098534305802,0.244230694281407,0.46186476894898,0.276870454056483,0.156574740187629,0.277244061207308,0.162602591588004,-0.0585449192367209,0.216932667639068,0.501919628320395,0.461085724090718,0.514290383601241,0.411210435580551,0.276003432384774,0.444228137132192,0.529648956207434,0.522618781478963,0.548793626556354,0.562251687975871
"CB1","CRB","B","5","14",-0.86842869481156,-1.23406623487908,-0.629706575582966,-0.531893648576231,-0.627416685522777,-0.441364726012379,-0.509774556902332,-0.537549069298512,-0.590943299773995,-1.37163485292297,-0.680819104758382,-0.557757199612938,-0.58960268304662,-0.451612137010541,-0.746239570036221,-0.703331418601024,-0.624908037550968,-0.710784165267874,-1.43492575729674,-0.77552176174733,-0.569554626840983,-0.655540311817308,-1.02310998783306,-0.377702074705817,-0.79519494662943,-1.00267589176586,-0.756648966425429,-1.11962506786974,-0.505049528381697,-0.812138265379671,-0.609584843185111,-0.487033771295159,-0.84143077529129,-0.622590046761754,-0.625877434074209,-0.480310809843272,-0.69839423232283,-0.395014631646241,-0.519404525368381,-0.424018394506605,-1.00963878426835,-0.682030118825727,-0.654878364855408,-0.49222497965023,-0.743909887855823,-0.523475012263375,-0.730438850504551,-0.511819859567201,-0.968617133042165,-1.00383291245919
"CB2","CRB","B","50","14",0.0272268568422733,0.197818674703108,0.287838066145917,0.291768235827538,0.17878811636572,0.0287326798940022,0.153267144109886,0.0862463266220859,0.167789359733243,-0.151358008524897,0.11979773418907,0.753644781065038,0.323044152456817,0.329398555773557,0.156586167186752,0.0668791095299381,0.0805226363699996,0.192961514932151,0.611745988741967,0.141661987160984,0.297311726841414,0.158701879226295,0.215987899586842,0.333758176693499,-0.078876554390388,0.294154554300068,0.419239012508644,0.113006802107531,0.251910686213732,0.190291058337982,0.242137235498157,0.330722350854219,0.101231449486105,0.211517792144084,-0.131985969104653,0.298352602415213,0.233917745694623,0.247231309556796,0.176676219031211,0.138729376480416,0.349563474135922,0.373761848830691,0.207971780201482,0.165220616331156,0.454905668774283,0.13962882037261,0.168742631743084,0.0806395013562069,-0.0232973962722012,0.162430197159041
"CB3","CRB","B","100","14",0.315755390890409,0.545130683324702,0.53295810577906,0.4921231782365,0.413554593477407,0.235872906887537,0.336493775318413,0.250518810254934,0.388195160606346,0.307177127049025,0.342775202856754,1.13524951839242,0.460342815021905,0.407427409197694,0.350860603296804,0.34654393412292,0.262707755847297,0.378243896147005,1.04395531507776,0.378773307016484,0.526711974814805,0.406681819198965,0.611751739566033,0.566084108911979,0.148412114426637,0.300229632328648,0.701529561897072,0.449458139718197,0.397449573791353,0.393570915220439,0.42779635260425,0.565466369340216,0.354106110055191,0.460960691005528,0.452533710237371,0.488625096377362,0.328635989119455,0.248624597995306,0.0226978398787403,0.107300710261661,0.674193846109724,0.587855010853614,0.394596874692023,0.325056838147654,0.790412868763899,0.314799524522937,0.463811272599967,0.31632120682839,0.25147962268215,0.427975882589931
"CB4","CRB","B","5","40",-0.573850845162423,-0.763858905112359,-0.625491050114758,-0.533100999252985,-0.547104800447182,-0.441328689462394,-0.435267791485375,-0.446507741549461,-0.507708818484492,-1.39097184905697,-0.925991282957362,-0.47541176457741,-0.760285244346656,-0.698166313166086,-0.593296876414432,-1.06430016238724,-0.530427491274742,-0.581225636829102,-0.471356622958665,-0.595698343103297,-0.57899230898616,-0.592172282331908,-0.763138235335418,-0.210201029498543,-0.528755343310328,-0.295123059350437,-0.76295898479684,-0.647851394123663,-0.549920270613192,-0.650108137587432,-0.546455424109568,-0.543226227628238,-0.679673968659797,-0.586703888710932,-0.908167626625392,-0.404561598842688,-0.338131206685378,-0.272877675729351,-0.302743253095943,-0.296410932279441,-0.90695468652018,-0.719007301774736,-0.850816592677851,-0.448204221143299,-0.816472537359881,-0.435783281094843,-0.566126931783463,-0.399844508958861,-0.703575206268569,-0.702239751189725
"CB5","CRB","B","50","40",0.263932216569008,0.418206638309237,0.221027341002653,0.143652367029008,0.113982953334395,0.0388925018265756,0.14363535915978,0.114599410219451,0.121649508887915,-0.0459934135926607,-0.00757527085655152,-0.0141189370710215,-0.0485098587732748,-0.0411508180351063,0.310025241900534,0.487097035715506,0.175860118527416,0.0984201254614945,0.616198319200369,0.28552685134761,0.114959485189608,0.222908628971947,0.480567002734007,0.211055215952598,0.0333743109213991,0.647320853322614,0.258076592451292,0.312216483504068,0.106925933450455,0.219284999608983,0.227190457041698,-0.0171985059348811,-0.0417322662197481,0.222081610788791,-0.247665578579454,-0.155513648465969,0.277607444132324,0.187081750699791,0.0957656826478792,0.250848072783905,0.254943602020211,0.197585953527278,0.173297828714094,0.206372119666073,0.106688939883197,0.289794484672612,0.268788494183093,0.283005908329624,0.29756137643347,0.332709914770914
"CB6","CRB","B","100","40",0.391783427598289,0.65487896999212,0.37681453356541,0.31769500667493,0.300232592765425,0.222382241206861,0.283075386200045,0.256971106453954,0.293120515974636,0.0537731375258899,0.159234309263504,0.174775182118522,0.157557892055186,0.0757177403451337,0.33093375688261,0.369794237901791,0.270140809087698,0.206648443224569,0.773449963437204,0.410483020113844,0.291269824412216,0.387456105578751,0.757194437421677,0.492997317035886,0.285424115672426,0.67929261446937,0.337864767833868,0.528820244406206,0.102595562757239,0.349743050438395,0.337058124277098,0.0269162958343694,0.187692658688114,0.386806433854191,-0.138060116816846,-0.0624224720468138,0.217546088550116,0.193442781816975,-0.155223246732799,0.171367106585045,0.45132539971544,0.446974946056046,0.418995056819537,0.245743578420837,0.397380454224004,0.341566373703929,0.557624658767802,0.475174554779885,0.443225033772241,0.650630090178677
"CC1","CRB","C","5","14",-0.707502603811299,-1.10562184231252,-0.50282416047996,-0.443705073816245,-0.52254872809397,-0.300686748079117,-0.41110038040957,-0.500677130346421,-0.492179274358638,-1.15627876442049,-0.707862931678208,-0.366667982702239,-0.3724095510546,-0.348859670589231,-0.733227977245565,-0.831393273685426,-0.574818374885429,-0.564916735269846,-1.670395692679,-0.570243967929535,-0.482440063041702,-0.57076289253646,-0.934921040603701,-0.239976873295782,-0.683415363991301,-0.721786107489073,-0.643461820692989,-1.15768980967904,-0.380791538320072,-0.605448043648318,-0.561629393480264,-0.257831582855029,-0.916996243945281,-0.584713967671903,-0.756553301430467,-0.206036495020871,-0.786254218139987,-0.318641848206187,-0.138468390599639,-0.375674349921201,-0.779678327381229,-0.552391627956369,-0.673539383999612,-0.347332307671286,-0.664179805033648,-0.460058034728473,-0.661716964468652,-0.40459873200182,-0.833516639093004,-0.59286605312754
"CC2","CRB","C","50","14",0.0998957051493052,0.347253681847731,0.288892789776408,0.284742304243796,0.234339036930274,0.106797445170215,0.178133751920509,0.164077186271787,0.188576945471009,0.0130191150409118,0.207947333582958,0.905913883490646,0.347938855702009,0.365993716683152,0.0983298095574257,0.1514031749861,0.157795132448707,0.208382628236983,0.665054218881714,0.140512749411834,0.279696193023724,0.194168898609182,0.343804740872767,0.45485808953038,0.00526746049747384,0.236299741032012,0.413567120116299,0.119753174198541,0.284195364299904,0.150166612307758,0.235734230584992,0.473891142550692,0.151944611352268,0.234302160158704,0.014063723562296,0.381207405153087,0.208514894285867,0.24798566021757,0.225470276518545,0.159575306787878,0.442823642942428,0.435142711005584,0.198391886911348,0.275608546219962,0.465507483050422,0.174758662704376,0.23782447468428,0.193143577438381,0.062844102691292,0.124296806460853
"CC3","CRB","C","100","14",0.231803726910737,0.549769649828498,0.445443099872505,0.376463385681309,0.383588608284001,0.237355555134012,0.310437561049659,0.283171037227321,0.360165418508321,0.504582987668669,0.516852552731439,0.886747384821179,0.713204022460399,0.639912262998723,0.40545678043958,0.328699243688464,0.231370912435727,0.346196330277669,0.786181407427298,0.278773398555057,0.491168759395337,0.370716071303458,0.528962866618488,0.546331154672375,0.132763800393159,0.265856327182215,0.542547022838523,0.27305958957073,0.443366305835305,0.337993907642617,0.43160010167769,0.535038723398249,0.198557606496607,0.402604881729089,0.383660449764939,0.474231574962294,0.278747529340704,0.230955966032642,0.155399270194005,0.0927192188984884,0.605576216386432,0.560766572135564,0.456605727715342,0.333181474307421,0.605442823357576,0.266700625075616,0.370417608614173,0.306567668499207,0.296810107223177,0.314089516922313
"CC4","CRB","C","5","40",-0.581023297462298,-0.735807256943929,-0.627301695832123,-0.577964789302681,-0.590023136787858,-0.439566551524384,-0.405459113460682,-0.47912060738255,-0.556238993076673,-1.38515207041849,-0.869413816512145,-0.543243664112367,-0.810345888200286,-0.743560279259377,-0.569444429980587,-1.05042740242032,-0.579469131891845,-0.541166447822593,-0.0747669951423182,-0.506715736567971,-0.75475009559744,-0.558890123105878,-0.633979146062225,-0.182415717820497,-0.608684765274498,-0.0774919786071209,-0.867008949839467,-0.528521526378926,-0.589238113107585,-0.602134457650773,-0.54702933952047,-0.61689502546293,-0.895512391154942,-0.545635497398933,-1.20334187764032,-0.38194833061525,-0.657202459570827,-0.199741968661763,-0.115148603502487,-0.283061198455966,-1.04816799810768,-0.668358994608092,-0.669296581910772,-0.473411018052087,-0.915021252181003,-0.428721072716086,-0.577183553938389,-0.341642639075602,-0.470689390125709,-0.466035596904079
"CC5","CRB","C","50","40",0.287631770647834,0.479891204898745,0.191375782012561,0.153687395081292,0.148885008055449,0.0647729222424722,0.159054788364442,0.137845335676506,0.147210580246297,-0.0983721489062654,0.0479965821132344,-0.0280833313876423,-0.0342826884593839,-0.0813641822170892,0.147470907068206,0.58297290340127,0.157228744781509,0.285730908771557,0.287808588553604,0.22645455743934,0.0933178657048064,0.234118373520237,0.64179168015789,0.20838381448867,0.0715060456738676,0.61216335492783,0.348376187756724,0.297067798800922,0.106872175554186,0.213318031387492,0.279034034277947,0.0518067625125909,0.0552560111409433,0.240130297637653,-0.234831133350071,-0.0212329972870107,0.408600869216381,0.179821114905193,0.202648102280568,0.258855133822304,0.26211422147303,0.197297814008854,0.337406847749537,0.252586374767576,-0.0494711401235008,0.24747688110008,0.240628365543958,0.37164495015953,0.336276841881436,0.444771786189681
"CC6","CRB","C","100","40",0.491857192737597,0.762672464574428,0.422990362725026,0.359499824346561,0.357031635023549,0.230482326735144,0.30768406107362,0.252340104858871,0.335719852069704,0.12049442505792,0.242573571425198,0.186305181287628,0.136914368714295,0.111098136003934,0.381306600566978,0.788651129166238,0.383365531042096,0.244165088805699,0.771194225011308,0.463448359489741,0.321102482717524,0.430926108182701,0.910752991875331,0.507050605247392,0.24618419412667,0.807267626624824,0.363307154348628,0.501013225794568,0.165481230572402,0.418578929762817,0.392796388870933,0.161127447513189,0.173196117626326,0.447620666827412,0.430427065380786,0.196220938889353,0.267767405593783,0.225506266310237,-0.144781941196083,0.299591442977597,0.44982336602081,0.486759467152833,0.477710177642963,0.332628573183273,0.243411814090977,0.428569146413384,0.552280937665879,0.495086169103135,0.556272258658858,0.769489051138433
"WA1","ORWT","A","5","14",-0.46458374564141,-1.12878970736455,-0.391620510856098,-0.328816247857209,-0.355065870395369,-0.329764612450767,-0.393441446103776,-0.440424995094023,-0.361413545904868,0.0221384193061871,-0.10733596851309,-0.565059558723181,-0.038437290053035,0.109495157744994,-0.653576969679015,-1.12006333056171,-0.414758848084492,-0.543612597335769,-0.477767285702527,-0.632022962806128,-0.301465279088811,-0.643237493137416,-0.848171468623106,-0.641420927288484,-0.256358612262401,-0.622612093437746,-0.614532633139024,-0.693466563043902,-0.458935578708166,-0.444449617468424,-0.644242558374355,-0.386621684552924,-0.0551311717750691,-0.597212074027298,0.310842071415431,-0.297718906437119,-0.358411100213642,-0.310589098303856,-0.118993702646505,-0.415249981585364,-0.620370180292962,-0.709509583373362,-0.732157786548014,-0.402717670230404,-0.64507978589034,-0.55998030520967,-0.651423650905863,-0.531600715991317,-0.927712424858043,-0.620875332592574
"WA2","ORWT","A","50","14",0.340811735035301,0.187398188627299,0.396074518517039,0.342633326069823,0.305249620360801,0.210399850700741,0.138712618234086,0.190290413823863,0.27518453310249,1.04612336456454,0.603361269953543,0.0241834118898403,0.585925510150614,0.515038728474137,0.246353719189584,0.316912999000342,0.315044749021717,0.230341093349784,0.660358876628159,0.169701470489091,0.434851287110884,0.146849008384824,0.191736492549687,-0.177206962705226,0.41281226472061,0.177026801498337,0.445193074233383,0.266337253952703,0.2922425713579,0.438264489961503,0.252029541978957,0.389966231450581,0.826338564814804,0.203076976049181,1.05222494031064,0.314304456430517,0.28890109426267,0.114047759272338,0.229846529599135,0.225248317232067,0.448932699040917,0.215832890360236,0.327395231762291,0.305883914488648,0.389221787597593,0.130558650385896,0.229275201149692,-0.0204732974844921,-0.00752750102373412,0.131976274465711
"WA3","ORWT","A","100","14",0.556332995065181,0.668170028501135,0.552804959615047,0.506669992820004,0.481708543068409,0.377148172188461,0.331445978928024,0.408603577680887,0.449140637571437,1.25635008606607,0.627492326246152,0.318068433055319,0.868119762645997,0.664595604379363,0.524515748098627,0.0969723863636958,0.425434229236354,0.477820474843299,0.83387974577431,0.152799792115506,0.584574183266271,0.449382347992282,0.651465385689209,0.431991743820182,0.665153516971094,0.107509086600791,0.707394638513824,0.666749043606845,0.50616034511387,0.594675638541216,0.507409016860365,0.505070739252631,1.08912093022156,0.496433705299818,1.32931393849525,0.42768693296192,0.424039301444227,0.132625447433854,-0.096544210627564,0.0516306741189032,1.09059798755793,0.535341521920835,0.41821914587625,0.342629171598029,0.832831584830243,0.322414397997258,0.573680456019042,0.436534633326799,0.433054545630989,0.186571493289371
"WA4","ORWT","A","5","40",-0.754875920211183,-0.929262085886987,-0.832762725602736,-0.723508467290439,-0.635678577780194,-0.436099183442031,-0.430166353442274,-0.417698254926535,-0.58667181087516,-1.09140906587599,-0.761886833060696,-0.652532293459725,-0.821215462975405,-0.741212243185748,-0.539715706869049,-0.468806881265957,-0.642642863687574,-0.528863438301945,-0.420944940178147,-0.412334435632866,-0.73363128078749,-0.639116596060936,-0.942743174775217,-0.473245012811708,-0.411808691953373,-0.683669536890304,-0.867323861376652,-0.636971324550116,-0.619970012823652,-0.766595292880712,-0.602857129537831,-0.685947523967926,-0.848538863289429,-0.635718615324924,-1.04843991765458,-0.440222262037572,-0.688203614918494,-0.301373490039217,-0.0848159249926796,-0.462996745125614,-1.14214739477877,-0.963706254281441,-0.649690677577122,-0.724653956290989,-0.73156560858277,-0.527155667388369,-0.686878301534287,-0.631783720390333,-0.386300794841271,-0.695538117418758
"WA5","ORWT","A","50","40",0.405528567225818,0.436577472068261,0.143714869987013,0.105151557312461,0.230230091893644,0.190076685365272,0.1754354207666,0.193846281723643,0.214703963400364,0.441967655080443,0.299069271352477,-0.0344460321110329,-0.0246692629169987,-0.0539444642367188,0.18006030692326,0.943838456391405,0.341951158725291,0.392529167430477,-0.253455269430036,0.348075204146414,0.12173820169962,0.253353879180542,0.489748593164082,-0.0413645389166906,0.361993383871405,0.129651631003716,0.29838586031284,0.411384643512987,0.115031825654698,0.204836341976297,0.218124704961501,0.237657489486687,0.118347941210503,0.177088901248067,-0.374804732513931,0.124803823323508,0.37555919843577,0.0334445544279633,0.352047777071804,0.29166383965658,0.309108276604524,0.12811906176286,0.537760154046146,0.32221847264179,0.164566994891576,0.210366758721444,0.150852862988167,0.219809845399224,0.504044365856482,0.310752261633703
"WB1","ORWT","B","5","14",-0.318973717190921,-0.883934270831955,-0.219917547672943,-0.201091766663419,-0.254438539610738,-0.1639389736435,-0.393735583353498,-0.339631800073114,-0.267263436407715,-0.273549633461057,-0.434655015456161,-1.02558935264333,-0.305047374980361,-0.212605931751758,-0.415352031608995,-1.2698514825371,-0.414534820965915,-0.454077612132637,-2.13849151332191,-0.556689352180352,-0.226919522235852,-0.52653826221488,-1.03514713855895,-0.403999895706524,-0.0743291254619098,-0.804175581739205,-0.624436279615414,-0.444532840892257,-0.356570895350778,-0.315335392896595,-0.576669072849803,-0.266215131047954,0.0207025408952024,-0.456230113341534,0.397099421981844,-0.178812349868444,-0.480441853634275,-0.241412963142688,-0.0850621934891582,-0.290320890071327,-0.505509521762342,-0.586818200988274,-0.853317678465966,-0.417382968448953,-0.29463872570944,-0.563793661420844,-0.583528878400833,-0.549571506943526,-0.683560966489024,-0.354141044916486
"WB2","ORWT","B","50","14",0.302459623488476,0.275896759021236,0.388051686468109,0.367955928793739,0.318850570554511,0.202182949474569,0.0918368466602342,0.171220605655179,0.265963890031072,0.983154929771569,0.343602168162612,0.0244404431614846,0.597931814581283,0.415820241182368,0.103513010274709,-0.045184795891366,0.269957451107647,0.212528430144427,0.275382268777211,0.191369366829774,0.410761662217785,0.199090974144096,0.12411134919074,-0.0398180880889476,0.407239467890165,0.169981723456388,0.370574823189859,0.320369744470534,0.304311787469504,0.402154036044266,0.207509038091145,0.318803823373605,0.7797299046067,0.213904028636519,1.03164516739129,0.182681724519085,0.327272788764584,0.135979114697246,0.1999727684698,0.234402915470097,0.539810495874489,0.212293418177409,0.100845195054569,0.266414574191145,0.458120925685907,0.0981031354230497,0.217336509919397,-0.00380755587337678,0.0610718284471599,0.0567015548789547
"WB3","ORWT","B","100","14",0.482543751516935,0.641514571370201,0.651465831408238,0.608356218534292,0.559259147428402,0.430569214912907,0.307866030104963,0.346355951558921,0.516924144253185,1.20127233344652,0.697870614367974,0.433962662482188,0.79884177674513,0.67175901949622,0.359933122533531,0.311836810390422,0.404364962774301,0.436870262222527,0.714565615924005,0.282466195295062,0.673315511509212,0.406960319516634,0.496383991459464,0.272860728847424,0.62471831325153,0.138655717996288,0.686387966706311,0.636023283949161,0.422473266555152,0.652356160429812,0.418895038105689,0.448315171690604,1.1097093472715,0.483733148994514,1.37618653683042,0.354740467627647,0.509073136695024,0.143802997743071,0.0223132531970629,0.0857278534862855,1.0066125118886,0.512284386356324,0.356475946852231,0.337471493381499,0.793742987644808,0.270445332168207,0.495208258310716,0.311309305706791,0.386063717614456,0.232629379438332
"WB4","ORWT","B","5","40",-0.672419762502205,-0.646878909328968,-1.0208518044753,-0.922839662406993,-0.669886356928905,-0.410487099598099,-0.396638355979063,-0.405501104592778,-0.596060925235642,-0.823582427581109,-0.731048221174897,-0.51768871178199,-0.887599177563042,-0.83642543687804,-0.486615468200973,-0.621824808515267,-0.539327255579346,-0.525624336803221,-0.475552930622113,-0.336772298142249,-0.974550282538527,-0.516598212963006,-0.976102355957995,-0.708748643600745,-0.460653835873352,-0.764083065940241,-1.0297182592873,-0.45361136892967,-0.580789539579684,-0.796692347572788,-0.658440429510211,-0.743700673605567,-1.00518477417,-0.643011610533473,-0.655230436075574,-0.479336971010947,-0.538731160761821,-0.289280170841019,-0.255038250384263,-0.387599988821214,-1.13683039932992,-0.881027156490627,-0.75497671035146,-0.785939688127518,-0.810900614406086,-0.502624034210874,-0.766510294360208,-0.61526002370951,-0.26772248484238,-0.557722701526536
"WB5","ORWT","B","50","40",0.180176069968609,0.425335399613671,-0.0388519971693997,-0.0317500344740216,0.119574594552392,0.114450988436165,0.208439557607042,0.152746248545033,0.140587812165421,0.303403961817822,0.226498688474694,-0.227552239067088,-0.168020420566126,-0.141992409424404,0.308421004457073,0.46371749555913,0.255009154052004,0.229485348098738,0.81488873865402,0.377390263576992,-0.0593367332092551,0.271656384051467,0.31827143092463,-0.0411924388621685,0.289312861787748,0.147789781367725,-0.0575338866505275,0.363528151619836,0.138034597720094,0.0617172549527867,0.126028687223355,-0.0512696934336576,-0.0631033047867851,0.141870944608609,-0.338040451537778,0.0216000018816747,0.147684710382622,0.112636389346165,0.176001534287933,0.265318801344531,0.0969213285245418,0.159878009898163,0.32869325449275,0.0622886350968335,0.023229079937142,0.169955446535788,0.189562342024628,0.122262633538003,0.581655375981027,0.32437380515343
"WB6","ORWT","B","100","40",0.354954410134794,0.694166110582199,0.153487563410756,0.169626942560479,0.274463838708005,0.214168034698923,0.305138200434444,0.236162426815065,0.232473293998918,0.626554150993323,0.419240680156113,0.0849584474525686,0.12711675087722,0.136642925685027,0.397143770653217,0.875591823797858,0.404110679652959,0.361055519216264,0.800240005976792,0.430619248931086,0.1622828800447,0.441833364635787,0.669677381947039,0.0560844931512623,0.331038038626306,0.255608223504306,0.313356839333127,0.539203220435805,0.254232543997006,0.26293531965355,0.393338423848124,0.0720022154556572,0.158225389674983,0.348211656750476,-0.545842117973744,0.076083341478336,0.158330902089738,0.0793746251406038,0.0819852582927716,0.279844789740255,0.407807737472939,0.396954794804897,0.541392557846519,0.27912242644125,0.336499790720435,0.320439992987219,0.356108726713927,0.263238150982905,0.786507010464947,0.370372963902807
"WC1","ORWT","C","5","14",-0.463155613864829,-1.19872135054462,-0.738469298533603,-0.644665430017098,-0.664125540385053,-0.352860322910421,-0.450520638183646,-0.327605075677567,-0.636597258241319,0.16353671776605,-0.324621508910183,-0.638598524274422,-0.429260139949915,-0.357444245774253,-0.570324459627004,-0.964963809333356,-0.40478155349397,-0.578810343471742,-2.18734008085973,-0.83143805722642,-0.592621355330395,-0.622390113041711,-1.03804170362669,-0.576207328282492,-0.428433031484809,-0.806703005837872,-0.644802378065619,-0.707640601350814,-0.427424461994219,-0.537067166492944,-0.589354659134184,-0.32309354882452,-0.226691020233984,-0.766589108757005,-0.0037695227351171,-0.420438696002505,-0.331224849199419,-0.360743400127096,-0.178414909394733,-0.388107088357281,-0.577147075036887,-0.782100590550013,-0.543683998027016,-0.377421105044396,-0.726977948156361,-0.556359406433003,-0.618069100180736,-0.493544787637198,-0.999835907356798,-0.702990801064588
"WC2","ORWT","C","50","14",0.209986564019053,0.195287275357851,0.276065931283971,0.23107301453601,0.143355211110783,0.144878306918561,0.151997175065336,0.24603228589073,0.145903156075315,0.945113101482788,0.464753676294187,-0.159706744329386,0.479849910052272,0.395219290913402,0.362429133978582,-0.14457963561892,0.195821867441549,0.194966085984317,0.714089696613973,-0.0504555971596696,0.321318250768522,0.173058862801139,-0.0909318596148463,0.0516145545200879,0.353655947384281,0.100870060775679,0.257559742228186,0.307954094035498,0.341216328064788,0.291212470545451,0.192206503596839,0.210047560733013,0.769921331800693,0.198378064677553,1.08317206436714,0.131363171200582,0.319521076709582,0.0726758397149023,0.228831334060567,0.133995372968658,0.617481995065814,0.242945875213762,0.149930932945824,0.0732773047697988,0.375974520333284,0.0860454031651283,0.226259255127137,0.177799601463144,0.0380110706737495,0.00187739674220211
"WC3","ORWT","C","100","14",0.529327600102883,0.627830027884591,0.592522112073985,0.53053192389402,0.510204040734598,0.373239124350474,0.356376167301886,0.369396785054278,0.487097542413267,1.35372473879203,0.781506764892963,0.433017155220303,0.758462605088183,0.674340591054706,0.508621810366245,0.655972537435378,0.415719862747406,0.435701035759357,0.586745678346338,0.399224982176182,0.621240143246143,0.445028839674323,0.452172637271431,0.228107066457071,0.603653918838938,0.142471759083958,0.622136845646205,0.585376901236193,0.442789629687843,0.597615206780459,0.446781818413737,0.522337447848397,0.953175513627477,0.436116116604627,1.16426360445635,0.46355954202809,0.432530159675947,0.080080730059958,0.0146470360246607,0.169433945303989,0.795392466503515,0.501936572759697,0.543373552391104,0.283220636208084,0.722914995280522,0.30919734224866,0.538680299709511,0.205927032256624,0.286974584018862,0.338914104410017
"WC4","ORWT","C","5","40",-0.688248230140776,-0.975676196640222,-0.808957833610695,-0.682813609007619,-0.579859987639828,-0.349901642776778,-0.401295019421802,-0.376265209809455,-0.502299361165058,-1.09844682769278,-0.688734089186108,-0.405613221394666,-0.902129792875958,-0.79776459255152,-0.418942797602607,-0.775013860590962,-0.559653480840876,-0.519206755118865,-1.80369566330973,-0.412816826945729,-0.700669589755988,-0.658282648442233,-1.0834518181335,-0.686645681188417,-0.383596414917534,-0.878179635564562,-1.04728462243959,-0.579698382457461,-0.533938971135531,-0.834577108577863,-0.617768091976666,-0.721557331648882,-0.729348872297198,-0.662549655824054,-0.687105642589975,-0.474796358325098,-0.528982655505227,-0.364415425282998,-0.12678756278864,-0.4935447940747,-1.07815976519991,-0.878965395159351,-0.887602275626052,-0.756080324220262,-0.889405724261529,-0.56167751317437,-0.721321411637856,-0.723596167010037,-0.349027482808745,-0.429100927425296
"WC5","ORWT","C","50","40",0.441369666541669,0.56796493871873,0.135671584437779,0.122694440170859,0.256734129336874,0.213721721604761,0.233387861496102,0.235796858753586,0.241665386709447,0.426948969419422,0.308970089047357,0.023338957950207,-0.0524552306157524,-0.0263458684367759,0.331420039435548,0.863257939660571,0.35204109430236,0.411505992135851,0.129583327190424,0.469329942552909,0.0972529911774798,0.345444880366236,0.400087011173725,-0.0152010154916087,0.370875671168092,0.0312553414523284,0.0992888165848758,0.416562416833353,0.177384062122937,0.252778785730505,0.167668837489892,0.150762620836669,0.0141650707230863,0.214791652985617,-0.0225369666877202,0.0877652291938222,0.32409078966369,0.0879339242566362,0.158151775514648,0.333466819824595,0.224909480620277,0.323148179684043,0.449446743808781,0.219969749327903,0.0431773756166125,0.260987035190178,0.204395361142171,0.123239495375807,0.601890273814397,0.435704653368854
"WC6","ORWT","C","100","40",0.390986215451461,0.681816286444052,0.221978006409808,0.212118816861627,0.316621340942631,0.301249409570915,0.307002337044061,0.289950695657366,0.298164276164394,0.513425277423209,0.412134863401613,0.108783528469941,0.141110316814301,0.107303143822733,0.433359741065372,0.851766231765974,0.414016094495669,0.488966126913684,0.698415455034463,0.435206854709857,0.211270535139894,0.411831050598583,0.698817753346233,0.0524937402826171,0.437654476262739,0.0842852793003743,0.406807272116758,0.55261815519879,0.262099410577646,0.295442831651314,0.358081920902989,0.131421248774137,0.169697001056559,0.348889827903208,0.0251257003242578,0.101573471141134,0.468098967982315,0.060856684515155,0.134440014045397,0.266195360049782,0.457484987930216,0.470402231657189,0.545631643620499,0.317338708023703,0.276858689677376,0.379653570702311,0.411722345210994,0.287192067830289,0.774331355086179,0.50035329865196
