"Sample","Strain","Population","PoolSize","Age","Histamine","Glycine","beta-Alanine","Alanine","Serine","Threonine","Hydroxyproline","n-Glycylproline","N6-Acetyl-Lysine","Kynurenine","Argininosuccinate","2-Oxobutyrate","2-Hydroxyisobutyrate/2-Hydroxybutyrate","2-Hydroxyisovaleric Acid","2-oxo-Isocaproic Acid","N-Ac-Alanine","n-isoButyrylglycine","2-Hydroxyphenylacetate","n-isoValerylglycine","3-Methyl-3-Hydroxyglutaric Acid","Asparagine","Aspartic acid","Citrulline","gamma-Aminobutyrate","Glutamic acid","Glutamine","histidine","L-threonic Acid","N-acetylaspartate","Ornithine","Phenylalanine","Proline","Tryptophan","Tyrosine","Valine","Salicylic acid","Aspartylglycosamine","lactate","Xanthurenic Acid","N-Acetylneuraminate","N-(1-Deoxy-1-fructosyl)histidine","Biopterin","Neopterin","Pyruvate","Acetylphosphate","Phenylpyruvic acid","trans-Aconitate","6-Phosphogluconic Acid","2-Hydroxyglutaric acid (2-Hydroxyglutarate)","2-Oxoglutaric acid (Ketoglutaric acid)","Citric acid (Citrate)","Isocitric acid (Isocitrat)","L-Malic acid (L-Malate)","Azelaic Acid","Decanoic acid","Dodecanoic acid","Myristic acid","Myristoleic acid","Palmitic acid","Palmitoleic acid","Stearic acid","Oleic acid","Linoleic acid","alpha-Linolenic acid","Arachidic acid","Eicosenoic acid","Eicosadienoic acid","Eicosatrienoic acid","Arachidonic acid","Docsanoic acid (Behenic acid)","Erucic acid","Docosadienoic acid","Docsatetraenoic acid (Adrenic acid)","Docosapentaenoic acid","Docosahexaenoic acid","Tetracosanoic acid (Lignoceric acid)","Nervonic acid","Gluconolactone","5-Dehydro-D-gluconate","glucose","D-Ribose","D-Ribose 5-phosphate","D-Ribulose 5-phosphate","Sedoheptulose 7-phosphate","galactose 1 phosphate","glucose 1 phosphate","glucose 6 phosphate","Phosphoenolpyruvic acid","Indole-3-Propionate","IndolePyruvate","o-Phosphoethanolamine","CDP-Ethanolamine","glyceraldehyde 3 Phosphate","Glyceric acid (Glycerate)","Glycerol 3-phosphate","Glycerylphosphorylethanolamine","LysoPC(15:0)","LysoPE(0:0/16:0)","LysoPE(0:0/20:1)","LysoPE(0:0/22:6)","Methionine","PE(18:1/0:0)","5-Methylcytidine","Adenosine","cAMP","5'-Phosphoribosyl-N-formylglycinamide","Adenine","Adenosine 5'-diphosphate","Adenosine 5'-monophosphate","Adenosine diphosphate ribose","Adenylosuccinate","CMP-N-acetylneuraminic acid","Cytidine","Cytidine monophosphate","D-Erythrose 4-phosphate","D-Gluconic acid","Guanidylic acid (guanosine monophosphate)","Guanosine","Hypoxanthine","Inosine 5'-monophosphate","Uracil","Urate","Uridine","Uridine 5'-diphosphate","Uridine diphosphate glucose (UDP-glucose)","Uridine diphosphate-N-acetylglucosamine","Malondialdehyde","Carnosine","Phenylacetylglutamine","N-Acetyl-Aspartyl-Glutamate (NAAG)","5,6-Dihydrouracil","5,6-Dihydrothymine","4-Pyridoxic Acid","Xanthosine","Xanthine","Ascorbic Acid (Vit. C)","Reduced Glutathione","Oxidized glutathione","Xylonate","2/3-Phosphoglyceric Acid","Allantoin","Pantothenate"
"CA1","CRB","A","5","14",-0.481371105208657,-0.475717023516689,-0.421672195748678,-0.595021885589818,-0.472673091993125,-0.814204641151395,-0.686028020353826,-0.499719404254166,-0.63782948902541,-1.06459282691507,-0.782320863633674,-0.46379863148783,-0.59923687416244,-0.85178874346227,-0.677449517614001,-0.728494753043882,-0.780789460215508,-0.880242514838574,-1.3410878506698,-0.551493535780626,-0.587989097541282,-0.573652886042821,-0.156335282933775,-0.668408250688172,-0.629311488966876,-0.472343261732143,-0.471914905953948,-0.707973988991976,-0.983157161312911,-0.357192589736072,-0.61568610064963,-0.609749335526611,-0.684866097059346,-0.743842004502978,-0.58368021867614,-0.436405293658257,-0.440037503879881,-0.739675755761919,-1.08282838623041,-0.530788341053166,-0.36857097310456,-0.728698609043922,-0.660940309307363,-0.135959773127571,-0.746080935184942,-0.669282351229969,-1.13663559448696,-0.29708614696762,-0.59363435408538,-0.425869565280593,-1.33863333628343,-1.00506406600862,-0.367306556165413,-0.834183521698545,-0.425909495499159,-0.477403484414078,-0.45559741557378,-0.516141383055344,-0.23831613253016,-0.49068110855486,-0.132499506807578,-0.558796374761005,-0.535321097781202,-0.759441869646833,-0.298489030047722,-0.531097980436509,-0.609092866554763,-0.390430353240466,-0.238242751635304,0.207711917447019,-0.0303517943653606,-0.525104018411511,-0.187785807081155,-0.434288678325191,-0.411103690322057,0.274836709817203,-0.176031881348339,-0.615087037675335,-0.168114390829198,-0.657747232437019,-0.353474200635713,-0.628017108817609,-0.618809502555094,-0.400518959436283,-0.540794225928491,-0.335636096618714,-0.477642245557701,-1.10914881378232,-0.461978138577209,-0.447194293721027,-0.693215620861371,-0.50522802061611,-0.97091961662061,-0.263316681117562,-0.948089623095514,-0.308426426989636,-0.430731594124577,-0.307833874461573,-0.536390328971722,-0.503820744606221,-0.479228101901012,-0.520379769357141,-1.158648675441,-0.450081677477135,-0.500028911563128,-0.694560384762956,-0.599222344001967,-0.437238239068811,-0.667272528640016,-0.821116062893548,-0.43293337962352,-0.284033580190872,-0.669166297780302,-0.785416741681681,-0.516668099694342,-0.687982826885488,-0.452143413460142,-0.627726337888443,-0.453025673903138,-0.765784634146756,-0.442473089409358,-0.394652389360647,-0.463243201091987,-0.64140464284178,-0.617857323511169,-0.854296017033303,-0.52465752058351,-0.717172902627935,-1.31025524093444,-0.77525848529385,-0.61568446870284,-0.456581969970017,-0.521180613434667,-0.109095506463604,-0.46326268168054,-0.117120385166315,-2.09709510272275,-0.26843657730767,-0.612419182678193,-0.183284075425912,-0.473085397211652,-0.737425067459655
"CA2","CRB","A","50","14",0.285810104838704,0.243522006358812,0.180011472921756,0.172331603568657,0.238751016663278,0.0318733619621954,0.439439872732797,0.247441474061854,0.242327623148486,0.0237968195834579,0.199903016793744,0.138612508295687,0.0204608036491551,0.373564881575307,0.278009366449472,0.333818815780607,0.224578627818977,0.0253625299361877,0.783439388630558,0.142058155021343,0.221454571528215,0.125656398826126,0.203120013137413,0.137485929825663,0.144772374404393,0.258601640583382,0.286194796402804,0.246209924196702,0.394897761183855,0.326457232510299,0.32071596626919,0.149371611711033,0.284090543269204,0.648875259872311,0.365993847473622,0.280757528316719,0.12946479496511,0.222200386331692,-0.0124620435581999,0.0558058798387115,0.531317329789768,-0.0380240213789698,0.299956569656112,0.0778828207803146,0.235518015240653,0.552599290450659,0.158468933831332,0.647900966533738,0.0261432292792367,0.157879233441946,0.429927143918483,0.447534844750364,0.212525364551038,0.0661945861431832,0.133099376521167,0.263610767542084,0.176284900238373,0.281938842380503,0.18319886138398,0.215489086441006,0.021276029978532,0.182130052729783,0.223558842504068,-0.0594662745521264,0.0175357077206328,0.109206957916372,0.0626766153229124,-0.216070042996332,0.173314604965691,0.0548763542457982,0.0125830968425511,0.0827731872472501,0.34627089709962,-0.00585806489285545,0.332609917382579,-0.245562888052779,-0.00395189646776384,0.251326798611473,0.00882327062209232,0.154190154392927,0.275463347142714,0.182049682927985,0.408044586417255,0.349808540287597,0.328903170699834,0.335457519414461,0.385731838381912,0.431954751604217,0.39684269230685,0.393480552280595,0.14484619610506,0.358042892703466,0.435036722478379,0.337000010113492,0.486086438200886,0.230476972421374,0.156449877347203,0.250912327012534,0.229243077000679,0.298665779402434,0.440344451218644,0.226951747562096,0.450268195822726,0.276673935059248,0.584816346102355,0.395241731355602,0.279234931242263,0.30013382145789,0.274327578138355,0.304997963946893,0.173183022314778,0.800507255672296,0.126071433697165,0.314007635760928,0.37468397823105,0.193830435946869,0.280725682283251,0.288055074301042,0.339561944656307,0.250658324697651,0.2913687148871,0.166407768800856,0.321192217742608,0.377052280673993,0.324574944846404,0.569084782900553,0.238091626017271,0.403270423754576,-0.38093804691375,0.272129694832097,0.1664825719901,0.27873692014125,0.295369426511682,0.0313362992216666,0.283463852468475,0.92403600579182,1.54152935654998,0.810798957586094,-0.00366551791562664,0.540726084770348,0.245374550420662,0.243694359356343
"CA3","CRB","A","100","14",0.422095131825035,0.422188245443428,0.330370031324549,0.289622531863563,0.328504155450447,0.0765575816102109,0.351280836882858,0.251169038179637,0.273874897462957,0.262783545165021,0.440129004568997,0.272507165235018,0.161395053502385,0.664568496928919,0.350788484044329,0.478226223833381,0.374859323906283,0.12368482177834,0.905425212160183,0.447475272472133,0.414661867780985,0.205884657533224,0.570902813042905,0.281043080779869,0.263311714739195,0.396489649652509,0.386556672400597,0.387119216031667,0.594698672135618,0.451050005432929,0.339693087092761,0.0184604047291037,0.416363616235879,0.847201969905654,0.491375300979028,0.427492708626546,0.413024943765429,0.365285929121531,0.242578621880236,0.219605722088827,0.728490169917993,0.0392309420112014,0.39508766802803,0.224527572910791,0.442629007724726,0.791723960457319,0.282607697856674,0.747846257585749,0.117672831145842,0.279246669310219,0.676000392512756,0.440068328823173,0.359626744453115,0.171903018240553,0.346101190600012,0.266843112098013,0.18006625245657,0.238968500548222,0.185851745198327,0.325803478785135,-0.000167446427377982,0.273676995011179,0.335165888659148,0.0682964368923136,-0.150919529001035,0.100441835580829,0.17931366933706,0.0765539905983874,0.477502743341501,0.0197775045204081,-0.177410836993002,0.132504122559838,0.512521646432456,0.223282586870948,0.496538996028722,-0.111715015673052,-0.220290393545804,0.354036563891293,0.0955964901468347,0.274115432809247,0.376951446353188,0.345962651781303,0.572711774157028,0.514397423862802,0.602014593796286,0.55186929106847,0.648625021590746,1.0840704660528,0.629107036643676,0.607202486725448,0.120160911980606,0.639954091077088,0.735182512554635,0.380309977971129,0.64531937046781,0.393163864285262,0.232483066050321,0.251698909692454,0.316601117700893,0.352443331628842,0.512429958592509,0.383412871715996,0.592160692602685,0.374731006115874,0.979093936015864,0.704947488768935,0.652822876073288,0.376231195685724,0.446582503606599,0.575499815043973,0.252236041718144,0.993825516803955,0.195022892935418,0.478797407530047,0.618605400791266,0.498945926256343,0.340379604144,0.367932414368076,0.46422447693613,0.402391741900709,0.172184077852866,0.103691291281554,0.460054748312532,0.572291239748511,0.594410116339878,0.771951936443271,0.407131070184694,0.462032292552327,-0.105963169325436,0.231575466741267,0.443385262604277,0.377130564293963,0.484188432245186,-0.153082740344649,0.339371520718087,0.933250772084673,1.88138590405512,1.04746074288225,0.257300290622194,0.608203990631334,0.176271173547383,0.628579940174867
"CA4","CRB","A","5","40",-0.444089513170765,-0.545993267635407,-0.418580995166967,-0.604397228563313,-0.644235965593403,-0.55252066742475,-1.16144853926456,-0.455211029288797,-0.512023712465703,-0.602198760688358,-0.735810214030399,-0.568384786913683,-0.40902147836504,-1.10396084746237,-0.791568392218598,-0.88893672721843,-0.633746566809301,-0.655048773568438,-0.881163465132011,-0.49655080865073,-0.634864920136519,-0.628154565675622,-0.399438048338549,-0.572972284276604,-0.57195562613135,-0.560336740156657,-0.43884949672035,-0.701246401214312,-1.00743865080724,-0.458889894140853,-0.703007577757985,-0.496859721269509,-0.690814937399396,-0.664640561811956,-0.724654593304321,-0.56890442581973,-0.651757275103766,-0.831290917273488,-0.540450810783446,-0.905429127894002,-0.924845482864012,-0.356517826591594,-0.709244068629904,-0.607397623690922,-0.495196985314161,-0.589245352231761,-0.546950389397505,0.175178648771741,-0.41761398561372,-0.588393739138186,-0.777893575748665,-0.626686279160073,-0.404227525482415,-0.482324404065231,-0.529519210517371,-0.597802512464749,-0.392457261179957,-0.735261487071607,-0.319140902596361,-0.485679110306333,-0.10898939109212,-0.488185834573862,-0.453207568437825,-0.805309710404963,-0.249675623056201,-0.505210370040872,-0.489825220105919,-0.149916847888787,-0.306621676057196,-0.0715199383270839,0.0154224226673039,-0.579194631166068,0.0693431560214566,-0.161918483244688,-0.590001328131692,0.367783635147168,-0.491583951467732,-0.677929309409843,-0.239802273602157,-0.560514494912353,-0.336758299547423,-0.381443313710687,-0.66652010300742,-0.496838745837758,-0.545828482325831,-0.399019066305833,-0.495850853680938,-1.23114316974384,-0.186704773037111,-0.576711080639521,-0.594087518769432,-0.985831919157094,-0.793413716307927,-0.848825268063409,-0.653654988374897,-0.417896452347369,-0.461163676324627,-0.506432386284629,-0.65685241069286,-1.03969735295078,-0.583738944558139,-0.593330635042279,-1.00797842206221,-0.602122807120683,-1.20833580451611,-0.741929359480211,-0.561102094354469,-0.64965186593746,-0.705250861352744,-0.979638840830035,-0.550830406035403,-1.20239868647598,-0.700749054429699,-0.864111854463153,-0.460501871526707,-0.721445447530312,-0.65833161617373,-0.730414210531823,-0.588939907873077,-0.925319740611045,-0.786754573445704,-0.375082256854418,-0.710067330325845,-0.994117111576441,-1.22836852605015,-1.39872450019139,-0.542858805097667,-0.794508226537614,-0.58508968429071,-0.825664819213012,-0.58703928725331,-0.553348045657232,-0.708825302460975,-0.214802094455341,-0.519048814265239,-1.50160577113876,-1.1302111129548,-1.24844646400902,-0.617223428956005,-0.372760562452121,-0.710629135354527,-0.952117305880072
"CA5","CRB","A","50","40",0.306544409578624,0.182115640802564,0.288707351915022,0.304966847940296,0.171984401925767,0.146635053785484,-0.172524760138041,0.255259321073747,0.292849710748357,0.36073051185003,0.0851206676662484,-0.0821700357299813,0.496814706449574,-0.0252040519439403,0.0679491436329736,0.184117266896831,0.329084888078698,0.208990597751666,0.517930293219099,0.303459881999705,0.122727115065313,0.354675646006754,-0.0780523035068068,0.235224096014475,0.217689745094282,0.235034216367962,0.300776779536186,0.228461855946596,0.249338764824338,0.19446110809497,0.280011050722064,0.15585521515036,0.245455774227123,0.89291140503936,0.224651971763413,0.414373129830196,0.0109501334404118,0.459935544143643,0.350218147270791,-0.0514306703941303,0.270313315584337,0.487780308387509,0.273985421293777,-0.255209784577562,0.254321935420853,0.80501669013289,0.566260555864504,0.213017025667972,0.551593286301477,-0.140670858887081,0.523824887652446,0.516277977958679,0.0571223677769783,0.351632227917345,0.0716766067042611,0.0369678363630124,0.193818918570184,-0.0392671234945192,0.125761383862443,0.269486618036993,0.0778064038815902,0.340561772866416,0.388789873424354,0.0622967204221032,0.247392400815709,0.32967077628545,0.491972429171186,-0.0582410467389729,0.440590244000115,0.202335638474932,0.23563025159285,0.358986307835599,0.386287318338457,0.120320467354264,-0.0698736841773142,0.319756562137911,0.723134007103311,-0.193188123060511,-0.057110469749599,0.358108851625103,0.11671673635892,0.214295029978861,0.521686180686618,0.165589774288927,0.295884947406662,0.106872886061578,0.0768440785149123,0.605146723947852,0.670707905672806,0.439037035008383,0.148663912446894,0.200094116066388,0.427883871203435,0.254234672607875,0.428898037538795,0.278448216873294,0.21141418217467,0.27339781884084,0.255737523826591,0.525785086021703,0.103204212096219,0.434983418976127,0.302184691606842,0.148444986070801,0.0739349960861659,0.34291591473519,0.566363950279818,0.156437762722652,0.227022179266045,0.505251923692829,-0.439974221778015,-0.187763792763946,0.159017115572728,0.156154654265212,0.0619328422575167,0.300413824683847,0.106746472532922,0.250404494334622,0.452783254840966,0.391279210975042,0.24627598744416,0.275451285834544,0.1316809473891,0.18656320091767,-0.00566275695113028,0.442339215761216,0.363050071675357,0.376716418119956,0.508857627269665,0.194940135636532,0.155070144899631,0.260001212015103,0.105402401110767,-0.13287076584519,0.373346163810374,-0.31002997024774,-0.3171152412927,-0.229782917394354,0.100833840750107,0.0837081462540903,0.0164670763197039,0.285266977389292
"CA6","CRB","A","100","40",0.444842169806618,0.336430700782897,0.455821038285087,0.460571987218739,0.303889481840935,0.29165076096342,0.155730216319801,0.459992965389524,0.554343347101608,0.509342655148103,0.458080322535009,0.167781669294494,0.584601790141174,0.168753149609632,0.323923858571502,0.283572641330024,0.416161883461338,0.271501542043972,0.626828855006452,0.469728798278253,0.371843187363726,0.58450063674092,0.31827654242554,0.391866023893072,0.38827886603062,0.364639650654786,0.451937212308701,0.388346017500907,0.386398134108491,0.392396816049454,0.419533517382951,0.342739838356961,0.46324008997074,1.04551013161306,0.411153917688425,0.533649081530434,0.21242697718818,0.521321590608044,0.522334027461715,0.109427028458735,0.307378003017755,0.616981241186749,0.411958564643523,0.0931975725839864,0.534672734047287,0.973162265855785,0.690116656293574,0.464856717329988,0.609485314506279,0.134180634450199,0.743973528662634,0.545116115104212,0.230205691427522,0.699398272390408,0.268629418232191,0.140461216912898,0.317761991684375,0.0593229194147504,0.195660309330029,0.38409797832955,0.0438948819198002,0.448032297169465,0.489468651719981,0.176149980996861,-0.0209419093914969,0.378887789167114,0.589914578603723,0.340373756498919,0.482375879663183,-0.146964900988064,-0.013584878799529,0.517980625430367,0.439826793727012,0.220510094126406,0.129485408717077,-0.0158441974039136,0.565334828715641,0.182739384710938,0.227519490927948,0.470729203805115,0.255762158066229,0.455118218069672,0.676054200204497,0.392466651979602,0.504728622693174,0.34836318130815,0.37354781879616,1.08001863207473,0.747328851558134,0.577342836918657,0.258570356794184,0.381446216519465,0.758663975211422,0.446147646485236,0.665248821303566,0.412499411388452,0.242946712163379,0.212794119162,0.360175628449997,0.518356506353094,0.333003360582056,0.578125683097994,0.600780686708569,0.211856009908029,0.273478985727159,0.451127963762676,0.745316459623994,0.152010087242832,0.433888304207035,0.628723687624486,-0.439740460805564,-0.146783500472981,0.246301811253677,0.174946004815148,0.38029082571733,0.589413549472792,0.075524108337885,0.393381526030557,0.608597198539287,0.503431876289543,0.304141806132362,0.241962590431463,0.304862379565646,0.256121874636354,0.245565769516893,0.678600809205895,0.498537643574734,0.745297575533193,0.612354888723287,0.333311031108432,0.432418206156373,0.351981837934491,0.268281629511504,0.0406881566950958,0.465771955201315,-0.106270619338815,-0.0587113982979837,-0.229068274273502,0.366774408459187,0.220411912182445,0.244942779798532,0.574483092323656
"CB1","CRB","B","5","14",-0.639936850448934,-0.486023113947078,-0.531312408167967,-0.595047894422156,-0.533136061810103,-0.72212594951645,-0.936555148862703,-0.628717194509984,-0.667443251551043,-1.0210701278859,-0.80168628668609,-0.479717727770188,-0.499264042919608,-0.924618379317269,-0.656023878815116,-1.02182649182933,-0.82694117125954,-0.978666972487662,-1.09936562535571,-0.444643937744362,-0.60471584201989,-0.727454251212722,-0.278847642871188,-0.622835525648379,-0.599149877645873,-0.647816812145135,-0.586681540603438,-0.655971315818352,-1.11790634933337,-0.32047388394967,-0.582451641030332,-0.548109243834685,-0.79644432466374,-0.683183155109106,-0.562116349776504,-0.575340383712986,-0.517638921041315,-0.681243640721429,-1.01922933344094,-0.694265795767077,-0.506821189610963,-0.672799351637805,-0.68625138937038,-0.316857924811877,-0.760838939733946,-0.661640608936093,-1.13878937954118,-0.537809132140705,-0.44381105625783,-0.450975897716741,-1.31338643455227,-1.08928246575342,-0.420715460204443,-0.735763187065414,-0.526702967247783,-0.41376790962611,-0.434764225497917,-0.474578222995319,-0.229458794365977,-0.461755952083719,-0.12772694119952,-0.530130290706249,-0.566562655405083,-0.844848649351659,-0.239213187695874,-0.503351485107945,-0.755758894846741,-1.04728586186198,-0.347387221060372,0.304273888919621,0.120013665446966,-0.552291065883501,-0.317001269410847,-0.459446247395062,-0.566587763689848,0.479774560870935,-0.0553951308089267,-0.616766477042853,-0.268549107770196,-0.513216727850398,-0.365195002963393,-0.683349799359174,-0.801906283134713,-0.508946334805934,-0.80430932812494,-0.512328679475302,-0.632313716835216,-2.43136810851624,-0.646131442191066,-0.610901967340927,-0.731876765271687,-0.544406626359883,-1.22626297489022,-0.479636638293907,-1.07147773952721,-0.323839919059357,-0.436147949684895,-0.258376378992165,-0.554331144382427,-0.445507427955241,-0.503467808994253,-0.518385126488413,-1.02556890637891,-0.50296389935454,-0.590349897732692,-0.999224665082032,-0.648094991923005,-0.539527035529781,-0.830703401656987,-0.820915788745704,-0.543773767327344,-0.311980291802976,-0.687580935805554,-0.733793857032881,-0.631832568467991,-0.657204237594531,-0.503331101124092,-0.69214390650306,-0.469423992439423,-0.843849329756878,-0.418552942558236,-0.406494095720998,-0.509924062889958,-0.551112171945839,-0.710233859026919,-1.0503669746221,-0.563047406139299,-1.39481349029903,-1.39600578331343,-0.680993593409126,-0.638428207556939,-0.633471285263566,-0.485286618961682,-0.0839684789082198,-0.488774208683173,-0.0960127982381991,-0.879444602617292,-0.383965983949919,-0.547178568753769,-0.307766489858997,-0.573611075205272,-0.86295001047725
"CB2","CRB","B","50","14",0.260410282662876,0.280936700637674,0.247431674588753,0.191865635810045,0.181860923962552,0.00852830397711024,-0.0766457994685563,0.289166978953824,0.449107473541339,0.150833929064325,0.188422881999526,0.197132003516232,0.117739574671454,0.321179821678582,0.208588247118646,0.204876532806491,0.109953039320333,-0.0178737140478695,0.667767713326417,0.0908850307774829,0.205935331457898,0.00740772030880876,0.359050263971413,0.194565775574977,0.182502135408418,0.205147295892009,0.254328110755269,0.208361998004638,0.338678282940055,0.329683408078592,0.263983474080154,0.293870316156032,0.253555821062198,0.692991378699982,0.366039914084276,0.227977776138946,0.152906046846536,0.259253544326076,0.126601281996128,0.0469350796704644,0.602095165247514,0.0203098620684994,0.281949930642861,0.308784867274554,0.280781134660367,0.602886196374111,0.0974808601456498,0.480334209449777,0.0976440710855222,0.197158916417388,0.361940662891647,0.37047239579582,0.297897190591722,0.230602083059352,0.202485253371991,0.290491735199747,0.174944392792101,0.25988720331399,0.165583619827826,0.215308629672267,-0.0250593420314198,0.159155712667612,0.166702482376212,-0.119946970927308,-0.0219911020665462,0.0953488276339645,0.104777586960092,0.0903606944851587,0.181957566469197,0.0114464649089632,-0.0834111697221198,0.200408819065634,0.253956635780713,-0.126612625215554,0.361577941032252,-0.164333586008766,-0.0459029204411436,0.198237498444548,0.0773869131262508,0.0818060309523769,0.348474635710576,0.228208412798327,0.437293714758336,0.509479539912921,0.508488270219569,0.545019246342934,0.623180244222365,0.358212603648186,0.180416669270519,0.353217751435482,0.162200839100414,0.60092332819338,0.588324871294061,0.352093507457643,0.470346173554562,0.270911760388505,0.181327972167965,0.277978065225663,0.269865873854072,0.334286951070629,0.420141953589715,0.222211979468963,0.321220809850202,0.336349310668001,0.856424008673132,0.552317586578178,0.17573366078425,0.360806285885817,0.310240011303504,0.479723586747014,0.405607897847241,0.702750837353907,0.121479523774005,0.529237977750939,0.605440215067325,0.231657189718073,0.414229063584589,0.386936307556602,0.281714386789027,0.335633008298971,0.311203724486924,0.0862361959596463,0.423154744930358,0.665007307291845,0.522555523882843,0.62667207903809,0.172613991057856,0.422465441498312,-0.130232341944582,0.227991340888791,0.188221984622925,0.218190021612861,0.367282879279588,-0.0625106824684294,0.243391100152539,0.8339485889367,1.56382318550554,0.728713522424503,-0.0574475194455966,0.531738576237053,0.146378257158676,0.362915682211586
"CB3","CRB","B","100","14",0.405853093420444,0.409403218927962,0.325559129411671,0.32636930830893,0.258741113225905,0.12367334682869,0.304065501166695,0.392294426812351,0.653430644983851,0.345784606083865,0.405856112200723,0.344724072995606,0.133276329554285,0.55970694704418,0.337956087041626,0.499509647234966,0.385675240141261,0.0812477829335334,0.79022882706523,0.36585216829599,0.427747390580014,0.119727265883204,0.465953978469842,0.358719389795949,0.359212295797647,0.331854468775702,0.397963335601335,0.297346943667962,0.603234210324195,0.507342537694619,0.363064127459876,0.439310058714106,0.406278119120681,0.84914669220413,0.53572018289163,0.496047661271481,0.345606164279165,0.397332805077463,0.334861895144852,0.205541642190299,0.881331867039527,0.0881364052227935,0.384433169916548,0.535128213874446,0.351095014350222,0.773299455262482,0.292916969223334,0.557864247362758,0.146664269020758,0.34075587321688,0.626250760043399,0.317866438066416,0.56565341537783,0.490343393236691,0.316641908623349,0.391357061973288,0.235349833002707,0.371189679472702,0.141653792829564,0.322688034132121,-0.120624724445183,0.205609348320299,0.233386132879974,-0.0378447464286706,-0.222948204539237,-0.00280624085847858,0.147788801784721,-0.23691259994653,0.208340435834897,-0.212209989161471,-0.304529716245815,0.0235630221302454,0.137957295136054,0.044745438404588,0.535706525233531,-0.355766883277643,-0.173047553722063,0.316733885129619,0.29049265980334,0.198721005585653,0.413222490464072,0.325809144476144,0.602902475889168,0.725344376004861,0.744052089768177,0.729544191101729,0.897173800397299,0.798313733801436,0.341987072217425,0.610863946743658,0.231470406992095,0.782977035337503,0.708450471790948,0.531786583145442,0.645424000952894,0.450285289930338,0.230126358135303,0.209277032129441,0.375445160679032,0.365353778722454,0.580355202922264,0.293633211735378,0.603979391863852,0.45789977200067,1.22998353841875,0.826332357922276,0.457681279833198,0.354360166252699,0.46455431830082,0.734484750156565,0.57846972434111,0.944689502201313,0.198950845492988,0.675255341655742,0.876544725145544,0.571179668017069,0.50047411724346,0.521123945893356,0.374885022528927,0.461631660944596,0.194803406646544,0.0464617163031509,0.602592123013759,0.655928754588995,0.737316984505049,0.773522240777101,0.326069590235981,0.612912661497599,0.0279197125154864,0.274940711891716,0.438827938965762,0.301343293866664,0.623742999520426,-0.150445507019907,0.327108510022489,0.924192043880241,1.9458316426229,1.00406578837311,0.204777147115434,0.553576481862541,0.162940559947427,0.65905846366388
"CB4","CRB","B","5","40",-0.369748562805994,-0.572395366270846,-0.416802265057159,-0.519048446918269,-0.495301866745034,-0.489850204781161,-1.39876536872455,-0.485320487972151,-0.705431258819105,-0.567581848791116,-0.667955208747744,-0.487855575897526,-0.428170828855326,-1.17994271263018,-0.598368323090337,-0.818420910762518,-1.10449805494211,-0.390575898637552,-0.682123008005361,-0.488213961523769,-0.513790777209247,-0.866885094832842,-0.459077041686047,-0.545934293181401,-0.528895969142998,-0.525042598588168,-0.368559880708172,-0.704049351027574,-0.989838354334923,-0.451097092604403,-0.556628814639352,-0.415713167355386,-0.635008003853856,-0.24081639552569,-0.58600013011789,-0.277071024049071,-0.576957537771295,-0.676773236807258,-0.54347496782479,-0.498102913674621,-0.658046106796269,-0.260330462985217,-0.586245124529832,-0.386735411861101,-0.570325687350589,-0.231588064825689,-0.353171418426852,0.145213227497676,-0.423788116351825,-0.468377136625815,-0.967476513560851,-0.800442133098959,-0.358799655643974,-0.57108317751831,-0.461685346422794,-0.306519033437025,-0.14783143367977,-0.404785795408543,-0.194203986169922,-0.324143400516845,-0.101165081243049,-0.391335184802292,-0.360650394367197,-0.706973860939871,-0.0330556537442925,-0.279463626590226,-0.147375716462876,-0.328397628691449,-0.132417289550646,-0.040655733922641,0.270561097953472,-0.0438414817340966,-0.388860731190211,-0.265754540033126,-0.521864815227343,0.239101108786087,-0.334922974007646,-0.470409564162004,-0.0516909378958976,-0.534020853141989,-0.52295486167536,-0.435988441309688,-0.628593025582867,-0.328697472348926,-0.521633002590238,-0.252839184181745,-0.324348342322327,-1.6532168581326,-0.640120121355829,-0.593677161277487,-0.419627653285095,-0.63234309906325,-0.856377199788296,-0.522942193989885,-0.620149542214797,-0.363177080645599,-0.394688189649926,-0.302863373956586,-0.360949800975678,-0.332201727446439,-0.668744048816321,-0.358007841652605,-0.8552017303353,-0.449898911083828,-1.21878325461358,-0.68560554211003,-0.652566872602718,-0.47589951742255,-0.619416613802252,-0.657213475163707,-0.227089292074773,-0.775666023519642,-0.616400713862714,-0.676822179471739,-0.339208075276372,-0.503980169045505,-0.486759178846561,-0.551222453281072,-0.469870956042935,-0.738399478311059,-0.470171626190105,-0.32018045542575,-0.515565348722115,-0.570916263245594,-0.928322615532933,-0.988205973388663,-0.504375644524112,-0.617998531683205,0.0822609463154,-0.749074998255328,-0.590622330639163,-0.496666738060392,-0.529801833904485,-0.000112327850608551,-0.427771533523607,-1.33572926681806,-0.556813158473695,-0.708935403877143,-0.538966185782259,-0.28023093281585,-0.532251304145958,-0.893108958271934
"CB5","CRB","B","50","40",0.271512819833601,0.135240121757256,0.258766358894815,0.249822001395632,0.151828559415006,0.0983323679388137,-0.0469087053230819,0.218000816889587,0.19159862897869,0.317755734751572,0.342004730960004,0.00253709628876475,0.248886302902941,-0.114023397250396,0.12873592727293,0.185512159299631,0.288725712747114,0.338835741849076,0.495972994515774,0.270159302052035,0.193905366457842,0.319093944130604,-0.0326537751298934,0.106250154949612,0.0979327134529093,0.255499850937327,0.247750247011063,0.226206078442821,0.210366951725447,0.0143141429237188,0.205832169091463,0.110261192254427,0.242240240361831,0.807483525109712,0.172643981003082,0.307529761842636,-0.0184431692725742,0.244287030003137,0.295029576207953,-0.11134631201694,0.0998801244397871,0.407805993894437,0.220709356288323,-0.0897766692456567,0.315151065863406,0.748410395730076,0.646702234008209,0.786729078932576,0.260522807038619,-0.0220617150132956,0.558045499411232,0.463612922659783,0.176565734389686,0.300674076888066,0.0599114867276089,0.038134267590606,0.167643630969285,-0.0423732700917503,0.0814754109872631,0.21201042533008,0.0851087460460542,0.318163154506021,0.330947400720876,-0.0199641086085185,0.115933142053421,0.256847097017575,0.413050511730541,0.136677394404871,0.322947002037845,0.0477961439447814,0.077146616673712,0.403716168131524,-0.0250846726896952,0.0288106967558557,-0.0684074787054749,-0.0480171686738626,0.488797528182215,0.282167068638404,0.0409435902317004,0.301099745444424,0.0763992362766777,0.325341335592398,0.451084917111265,0.329132543311939,0.334746090704462,0.310949512431147,0.330182163760702,0.758723360377952,0.505360770359033,0.378459739410263,0.103033881184341,0.160431059226809,0.551015834730731,0.301467650359019,0.558295817317342,0.160934029554464,0.162711416469462,0.21187755414552,0.22259736158275,0.402528838011232,0.105216261772635,0.376238023609269,0.273975594861769,0.151508583806566,-0.000407605393245802,0.119103985677797,0.594444286220535,0.131527794295297,0.342351917899828,0.450783386304083,-0.207976770593956,-0.212297564740196,0.0734553894771244,0.0165275858496239,0.290394861652623,0.30412484096126,0.059127930045018,0.234142326823494,0.278228099866032,0.139613596026007,0.0792518979166221,0.140151048909128,0.128115018909185,0.0721985723197038,0.0316734012638937,0.430280478606739,0.332882246850073,0.466186529647048,0.607700988242966,0.219414207287663,0.236127198484132,0.278873084320356,0.105816632994684,0.0361901750383056,0.240818901609273,-0.307694616750587,0.185317616913983,-0.367330064938986,0.22252422195185,0.120347451227981,-0.0632940768160939,0.260508028670763
"CB6","CRB","B","100","40",0.392279529330309,0.285466187231592,0.356008236857374,0.376288630619666,0.224481087266455,0.288826078334669,-0.179015678206044,0.403587864603545,0.361492731106444,0.484065345344018,0.47448307916084,0.273116069300254,0.22532594627452,0.0685389056563306,0.348257894915091,0.322253368785487,0.445094265876365,0.484911332271832,0.716318681711502,0.378574716760421,0.363195227006186,0.288601390212163,0.148123812209513,0.236722489943862,0.234002022415004,0.368128437416058,0.376631325889638,0.346702613407752,0.432435537037965,0.214810682329404,0.28073866903767,0.459184802906186,0.434543318307594,0.880358278123248,0.332029978001174,0.481468781676057,0.120872086525933,0.20351000253285,0.501837013259632,0.17313152004587,0.309977431160152,0.524179691809163,0.347729387115125,0.275363534711096,0.610188996183529,0.79559328669915,0.717161474434739,1.11726632094858,0.161548293093638,0.263291164664863,0.725560263770038,0.54109060109512,0.349726079774733,0.421465979841253,0.27940097359421,0.280365004801884,0.322214562300361,0.187384681877014,0.147120817397282,0.331819034774502,0.0423371445868526,0.358266185249862,0.398913940640496,0.0707135676478297,-0.168336061287847,0.251867116495127,0.512087318571535,0.127654115810753,0.130766839097058,-0.18413047653773,-0.30692635176626,0.440729376024258,0.294329785172796,0.256291780258652,0.20353733469508,-0.161485276196558,0.0031199575472991,0.55206900042349,0.14945105947023,0.271778756150259,0.223620964901431,0.565718018857244,0.670538928757912,0.586308897324061,0.61821816361352,0.509640669579433,0.612664052535521,1.06077341401322,0.597075718736802,0.480525150149965,0.248044904866447,0.289178542293228,0.83935896070056,0.503328100391707,0.715195540216099,0.343047904441483,0.176509835436129,0.0691776699876652,0.307634778463372,0.318417931981107,0.28241385583113,0.409531190737437,0.475115594689723,0.214227582372076,0.160025281921538,0.708059178728029,0.662061261853589,0.218749698184131,0.425391046307222,0.614073978955814,0.00583125327195688,-0.0469058356920402,0.207219200990821,0.220518741644167,0.592638285022886,0.48834492770767,0.137724161401387,0.403688991206056,0.364773924747927,0.327685556463351,0.185912916362644,0.139134985869896,0.338239534800012,0.12715224729106,0.349935745754379,0.678731289549563,0.364802311472886,0.472901041925964,0.709783370668182,0.382270535085467,0.398461450142503,0.35989108419134,0.310309086839407,0.0259273652404346,0.309358421119068,-0.347701545956566,0.469320011425618,-0.133546936763093,0.332772858867289,0.481934018353673,0.0514152271564878,0.47843802128745
"CC1","CRB","C","5","14",-0.599113546211404,-0.463853369489935,-0.519560744503394,-0.592904398804338,-0.476560805702685,-0.751716635249498,-0.830552325915276,-0.629803780176166,-0.507700229838075,-1.03591610972273,-0.631724405990288,-0.411196392669277,-0.43918589967713,-0.871054060609479,-0.652762815735909,-0.744157272168725,-0.933708425702109,-0.800740295642515,-1.43991810769894,-0.443487554752515,-0.472472141257638,-0.5410441434037,-0.314153500900322,-0.608082199930245,-0.598833812089056,-0.536464114058652,-0.579664185377736,-0.674052948805858,-1.41835693611753,-0.278061928334932,-0.563169979275609,-0.605313573728158,-0.646796548570003,-0.680506194672519,-0.483743340007916,-0.440034057117794,-0.443214507673847,-0.686072990096124,-1.01523879869822,-0.573869869738255,-0.561863555402027,-0.759995886323357,-0.638838557485738,-0.246286837886219,-0.856291936578695,-0.519207485624006,-1.30625325170661,-0.447486395766378,-0.451482697722541,-0.415299697829855,-1.34428564107136,-1.06706849919094,-0.236403870902071,-0.464243788909971,-0.416515452125699,-0.369191226209659,-0.407811448947959,-0.405219548939504,-0.181781441000817,-0.435748326128432,-0.0538502481616856,-0.522540777665107,-0.478268839846788,-0.706138346439947,-0.210637205286328,-0.451814151382342,-0.633118601068594,-0.758176865739685,-0.366050496080585,0.258400655144119,0.126938861352055,-0.532095137606987,-0.252193567561893,-0.517621518344193,-0.4335198808955,0.467958642672264,-0.274075948617036,-0.565151238634416,-0.0392816799140778,-0.488591538641542,-0.386116901767352,-0.657725604470677,-0.698965865937743,-0.491624612562601,-0.735753134386187,-0.485286756477143,-0.583418930243991,-1.08056649612126,-0.52230830977285,-0.482054935314048,-0.705998602350742,-0.475787522469055,-1.36130954117962,-0.354457716695485,-1.12126568473629,-0.263010923122583,-0.428819987164812,-0.268152751050403,-0.480831623035703,-0.478588596861471,-0.440104847491525,-0.46174129264408,-0.910982757839616,-0.493347993551565,-0.548941058490071,-0.600118373112499,-0.657274267242805,-0.514533213677093,-0.771150251842974,-0.803836245448593,-0.348655028786209,-0.303663207325588,-0.726923375425743,-0.675950550143349,-0.600010855850608,-0.623703095350088,-0.451534335018347,-0.723542731526056,-0.380375745753756,-0.756673644817301,-0.630702073427927,-0.436041483171278,-0.522566679853341,-0.556523336913842,-0.643720930053671,-0.934239004607385,-0.567121431756814,-0.672088606516184,-1.24375700337223,-0.586489158835243,-0.493706947717079,-0.528462964803118,-0.556235154208937,-0.117108706079629,-0.396967073902235,-0.0731020368461088,-1.4619678150207,-0.278387466583578,-0.538924596653005,-0.281837784060716,-0.516324388225208,-0.790173864383868
"CC2","CRB","C","50","14",0.227190438548656,0.251107155082879,0.135572988468892,0.179460109919337,0.13573047688221,-0.035887346034623,-0.0676437370002514,0.277624747725349,0.537908773014573,0.118888179057017,0.230253327864969,0.218710166701404,0.16591490112355,0.393746333703636,0.156207111232857,0.197286395482537,0.209960349680057,0.02704943565523,0.516925358254913,0.11171013915266,0.210071233796986,0.193074216570923,0.338255813989409,0.242070198038207,0.233551876321054,0.115562476806686,0.210130563377755,0.201172401997595,0.329159476839472,0.253729329141683,0.213943564420259,0.27207828211684,0.171753205970488,0.5560643873239,0.3260874772497,0.277429935007532,0.329999589062329,0.239588851075565,0.0988280595905655,0.0773340743467612,0.572012490361637,-0.00333299342289628,0.270184172798424,0.249452671438425,0.228993519277624,0.517075402371315,0.214180679534508,0.464414296717646,0.140084734039403,0.230123847358993,0.481656520106837,0.25561426430891,0.357603280917621,0.384333688684614,0.180526223578693,0.308762745123644,0.164019770103976,0.300057375780064,0.165324777135194,0.181075985445952,0.0081160503667741,0.0964682318508983,0.143564820659184,-0.103038776900019,0.0569732204380156,0.0744640676130794,-0.0357561329433951,-0.181414682339698,0.0257292038866339,0.0148478186362047,-0.181797925492615,0.04115234632759,0.197885060029867,0.0809867421931996,0.23275117774508,-0.471913933386173,-0.136359785987503,0.175767352009503,0.0361800370845851,0.180242379527929,0.23432168181574,0.192654251683404,0.410638884682231,0.566059248496474,0.497546752080996,0.554869266450787,0.661208795088509,0.267353656612162,0.216884234159259,0.359513387428248,0.178597857991701,0.543123552874966,0.279165920946801,0.407106052418747,0.327672828115957,0.247450209613249,0.155041120429249,0.243071883847108,0.276399095535403,0.344502269251323,0.381586153434451,0.227071670766396,0.35685277313394,0.303263585014361,0.737293260801153,0.549613614945703,0.12837784656088,0.306991661563875,0.282871563192941,0.353383073390541,0.536083934881629,0.941275701534991,0.131844450087843,0.435950801222124,0.649517349828915,0.339190693670703,0.389067201831699,0.282375358617683,0.368001918143766,0.294710582174642,0.152570773338548,0.0145448247817166,0.37647744755175,0.685680044897993,0.520454138454931,0.560340961255583,0.162350508393852,0.391155652007976,-0.409629991832768,0.221591717475135,0.175399548151493,0.0979016563398476,0.33395707390738,-0.0374059937113151,0.267805389486637,0.901901165283483,1.49798652346453,0.915503480629725,0.0615563751003911,0.512578306405619,0.105040758298141,0.408715674478349
"CC3","CRB","C","100","14",0.400352546289954,0.402673726500054,0.269553774157878,0.313127838376325,0.297793227727571,0.166285477367501,0.395486661292247,0.374256973876954,0.578965793220958,0.261192494681128,0.355403607215472,0.369785131352761,0.183741405111941,0.599365425114009,0.370791272068286,0.456405906024273,0.403007770806752,0.220856812150436,0.671401997981511,0.303718785879482,0.408239894877694,0.21619322455761,0.378501726866256,0.385734796251852,0.392447901203168,0.26473681781224,0.398020352431795,0.371792785143827,0.565002333904688,0.404830800831527,0.297990416945156,0.455773890899906,0.366642437420494,0.752039732487533,0.46520618425037,0.507336763021321,0.262988964464102,0.403835744835873,0.248021690199489,0.145774382074853,0.798608919296841,0.16822396567549,0.488773185025956,0.476154824355776,0.429539835335469,0.698252205135455,0.31292729540439,0.626286796739854,0.201670364972631,0.377157537165853,0.595580744668384,0.500797583559911,0.53856585388446,0.498020308825073,0.276096626438331,0.352515826500128,0.256297919957365,0.401619092909215,0.226121671459866,0.2930932942947,0.0186485862188359,0.238226635825478,0.278882244988633,0.0258357644625367,-0.112849111382221,0.119244845500506,0.0592765764682328,-0.314834037397981,0.423698407845019,-0.228163033100969,-0.0296498366123883,0.121447882869512,0.242763254608358,0.052486456818758,0.474168997555055,-0.468015004119926,0.0334964044278303,0.254474618517975,0.132748905098774,0.30882035701079,0.386716315702664,0.353903651022325,0.554194535802538,0.626609551549621,0.614638849847967,0.650094221308722,0.743531575638733,0.849405318887186,0.356256619629969,0.605498310111771,0.355686842200901,0.680522421221512,0.715369565874452,0.418581049455362,0.630065495900308,0.344615986559689,0.230029526445965,0.30320942786286,0.437909880346752,0.479009681227643,0.519092208539554,0.358359123615385,0.566580759255504,0.456057484324683,0.869337419634828,0.921153001310577,0.36435345503296,0.453957290752355,0.484065185136264,0.689205074928504,0.76108590154946,1.51079991779969,0.243795790886162,0.616556403080225,0.737243376035877,0.500121056997802,0.518970125935402,0.418165829109887,0.463376595474881,0.470400192971043,0.417215120442811,0.145617553835574,0.498636191357256,0.695262499216339,0.744685170597903,0.781401671208014,0.331756501946446,0.587499435677924,-0.188848543038759,0.168527523580867,0.3894955940813,0.226477645242937,0.464785092900166,-0.139412563738752,0.377318165573445,1.03952424719413,1.93976413721525,1.52222834312836,0.232991164816272,0.668697950389292,0.220184797445897,0.648773933021938
"CC4","CRB","C","5","40",-0.455676802315826,-0.593186681331826,-0.362368577442135,-0.582049494428221,-0.613429173066115,-0.754207580229268,-0.709536165780257,-1.26601433884713,-0.576817509811492,-0.707810689855297,-0.544854295359608,-0.561206331966943,-0.408899055677294,-1.19224381440632,-0.989980843071581,-0.566130897643235,-0.456910571460496,-0.619660972990831,-0.80024332941901,-0.597885955569808,-0.584612028787081,-0.645187904974402,-0.427412409247227,-0.736297086595799,-0.722264196556669,-0.538118454339689,-0.457094441261828,-0.772213065613897,-0.905971197892843,-0.806327801262572,-0.740147368764931,-0.468420047044599,-0.760332010231886,-0.516037195550322,-0.703692224293284,-0.733655631481106,-0.682452808838484,-0.65872889881053,-0.639965913843265,-0.768939935614247,-1.01628997610607,-0.412223167993219,-0.792306349968464,-0.483668063614219,-0.577510994854545,-0.445996898331102,-0.455298454608633,0.041115798915726,-0.424920434215418,-0.560967117467293,-0.778236142339064,-0.752767342883145,-0.416766906686599,-0.640914714630663,-0.486931421765363,-0.515678361603426,-0.393487999481896,-0.652903600560547,-0.360219703044628,-0.516417666870383,-0.204426340074816,-0.48701098401282,-0.516692479684974,-0.838610545931901,-0.28187615790892,-0.473024431368823,-0.497288176912141,-0.255501506547634,-1.47462991257824,-0.207905876239557,-0.108624054739361,-0.620936568037448,-0.184449875311595,-0.254805359729994,-0.544516560044282,0.267577553244398,-0.131689533087295,-0.598333154319766,-0.315556922327549,-0.596653856342613,-0.824284680949388,-0.515404112278374,-0.630218291400626,-0.449803316761837,-0.524821064044888,-0.268561503200104,-0.327210612963305,-1.27214477474785,-0.388728213182015,-0.452148653654518,-0.688821693659454,-0.90593610895148,-0.885932443350012,-0.932842875481635,-0.506990096417197,-0.405628688280284,-0.486578391560066,-0.494776090282976,-0.551077759933629,-1.01313169131205,-0.671953926561502,-0.559401467745923,-0.910469204982884,-0.590993009031487,-1.36513793784775,-0.799690728017703,-0.436790123241502,-0.564146291030973,-0.727392191822391,-0.910184641518347,-0.395786183744344,-1.23192521350501,-0.883268883994663,-0.897955072531068,-0.293249236142807,-0.604079600671546,-0.646644934271978,-0.714853170835726,-0.646141129420251,-0.813034625198094,-0.906332330399263,-0.424287733209257,-0.618152179732677,-0.844255376230221,-1.20050738666263,-1.16807990244892,-0.534839823355302,-1.15435626818235,-0.160147210984515,-0.662913420621398,-0.516097538064448,-0.507879268717387,-0.524349375232312,-0.315458052179236,-0.582157814200363,-1.34421945652493,-0.730376686963101,-1.16033577190401,-0.693535544195626,-0.31875802537983,-0.894049678776397,-1.14233387251967
"CC5","CRB","C","50","40",0.262166790784015,0.148731637924291,0.272730917610324,0.260187551939268,0.10568146069663,0.141674598438756,0.0169322193179644,0.292033727426337,0.424771958133514,0.351980400235914,0.158730477480574,-0.0544453107642751,0.507168958862358,-0.0164085686109647,-0.0598258440258794,0.148842166463056,0.290870552973378,0.27636281023949,0.422525097096766,0.312540413614705,0.155358529941591,0.216881003002359,0.161451195997173,0.121612604862872,0.107628007087301,0.208804848953496,0.261286945828708,0.240765183935332,0.271270440550912,0.154410536045531,0.20318915274359,0.107008692668262,0.212007464743209,0.753038241452249,0.160400026958448,0.297458202350744,-0.0195236536825911,0.476372077111714,0.34630085634592,-0.0272575822068077,0.151259980530699,0.449933995152096,0.264798312368045,-0.122418780671617,0.302380696324106,0.687722770252289,0.547527535221406,0.656116208639973,0.543780961163326,-0.112760433397499,0.524064454748852,0.389200295061373,0.136576743864535,0.497911975568447,0.13512448645557,0.0185717256914257,0.188191181761918,-0.039368972060398,0.144977564384261,0.253902340781201,0.0904571209338778,0.295411928034279,0.309810714433823,0.0200940548621995,0.125910860127365,0.30742711870905,0.477003930779646,0.339538141904601,0.550675952686534,-0.0224380505916129,0.256378099187032,0.406250615818977,0.249620881147992,0.0683045124872974,-0.0551488134219582,-0.0176241995287723,0.585634438269634,0.0673697348439921,-0.0951088308424337,0.375908608831183,0.0106404386879246,0.261740091487127,0.528823943404616,0.284111398852464,0.263596782902424,0.206793581054613,0.21670779384745,0.535711625628258,0.453851437584733,0.358222474126817,0.163306671334341,0.0676131642918092,0.452513361047139,0.243046221586501,0.546179138503124,0.239083035332703,0.158175951944616,0.213086529801093,0.223349305863027,0.441504600879267,0.0654493192079171,0.357235381215325,0.319420820882231,0.119554512159441,-0.0823108478611898,0.385268803487046,0.513468596730666,0.202828053117683,0.273619889707304,0.292888922065333,-0.177153570127621,-0.136676987874669,0.104214373345616,0.164452896312705,0.192795168228255,0.378205343195355,0.0887986426469691,0.172868593966433,0.385522083848488,0.416676483441097,0.100843882871879,0.193452908630066,0.0955282561342772,0.185420475586132,0.0598843807010701,0.365352919640324,0.324218195450115,0.28276402970268,0.508444605328625,0.163029205307693,0.189337505841149,0.215341227976239,0.0635840264451941,-0.0597585871211281,0.289264721311913,-0.293842627849381,0.0134093682274692,-0.228949281332994,0.208343083051534,0.176931990247929,0.0152025212822195,0.283326588132683
"CC6","CRB","C","100","40",0.462201842367651,0.308916071837787,0.428667375948558,0.375334158264581,0.271014758301927,0.248742569375533,-0.109859759139207,0.451313879623682,0.483686776464353,0.493206743727052,0.564957648820832,0.300178944014684,0.29805145105326,0.163263797864096,0.379175672850867,0.266845255075344,0.459974524232854,0.42409352728665,0.531171282651805,0.361806851209481,0.395904998759659,0.452271109297778,0.184701531023189,0.333850587441489,0.344472516449685,0.437492793340979,0.430419606036795,0.418693958432606,0.365781127508998,0.351545344885803,0.378222137945499,0.394693678776466,0.473853074264761,0.939143482653187,0.363219350158847,0.618867697639241,0.170486090569177,0.184369901878721,0.506560857656448,0.0964458880634718,0.198718164404255,0.58250672813181,0.390820215450741,0.18290220959189,0.668403818354851,0.871161156898269,0.747701345631304,1.22011819366448,0.274283052208992,0.285567933005749,0.80896481522311,0.633769502846659,0.368705476039941,0.652662223581325,0.32246043668362,0.206012050040486,0.357132468354055,0.133233598523831,0.201620304761713,0.364889042071379,0.088470299588062,0.400528627783133,0.456279006384228,0.137489131245073,-0.150819224779268,0.334339087453929,0.548866401195976,0.531465027553279,0.333351069551532,-0.356843709403345,0.000569374601525396,0.395431072359445,0.527411795168715,0.302197374143804,0.0978032889466744,-0.310175948608521,0.150169223191094,0.431291000158851,0.098233352862465,0.370822090748156,0.365375693869068,0.609465807756897,0.713375411223975,0.61227618097538,0.580096722842821,0.555967800906264,0.607760477459676,1.20978008804256,0.660837704576347,0.569609726911908,0.27304709727964,0.338205684186518,0.82244798388202,0.430562346738476,0.759170919382728,0.320261105749936,0.245692292275578,0.207213809131878,0.344900224088899,0.316728297393717,0.365895038298681,0.460158491831747,0.566158479733092,0.235217643415411,0.288344860543458,0.818235149587706,0.816921990705842,0.291714077153222,0.48224324390269,0.727535081151084,0.0246371496397018,-0.138609140424978,0.189208284172489,0.208388165936975,0.591081561522598,0.537010599876256,0.141897328999516,0.387402452582623,0.435844018137718,0.356770935708111,0.23670571073281,0.238289133742652,0.337644541373519,0.238432222481676,0.376088648223043,0.701420949958774,0.446812456838532,0.59497044184655,0.667929922833321,0.348958574857982,0.425715974045886,0.417114952950592,0.329081828111755,-0.0669816271639667,0.362764321691873,-0.256332086182059,0.428179385595763,-0.105172118972285,0.362323337840774,0.481596585752667,0.174981289334092,0.496081580793499
"WA1","ORWT","A","5","14",-0.683440891759105,-0.399120159640066,-0.593091759290653,-0.487715646799003,-0.368983033424056,-0.257133034878351,-0.00268881939464638,-0.552092613371244,-0.564386660299184,-0.591173889712619,-0.517886127172615,-0.324857692615,-0.355575870298469,-0.515020130953194,-0.303812265347372,-0.433316647509558,-0.654250985080686,-0.79267252808466,-0.745980839757713,-0.492001588928721,-0.501649738427315,-0.738926217528392,-0.199860924503904,-0.476907554831185,-0.445907375674481,-0.548414435058695,-0.620899960158034,-0.672569131067235,-0.809763402694608,-0.445854413938655,-0.30292162563731,-0.417631238672553,-0.431230559426055,-1.03686579189724,-0.308374037971533,-0.543980431478571,-0.191182573364141,-0.565209394679536,-0.593798300386594,0.121180613722569,-0.77423030226799,-0.634095457127831,-0.481501933437385,-0.296378742602077,-0.766716383469604,-0.983991221853174,-1.24996553640665,-1.08213830382605,-0.321092825560062,-0.295140804050852,-1.32310872277174,-0.99120104979266,-0.634860427580551,-0.544054423356235,-0.433879341103038,-0.164579788804717,-0.259821790588702,-0.130468038357597,-0.159032738061734,-0.348493223786115,-0.0721589294628409,-0.3698042203981,-0.473647022263386,-0.195751594468891,0.118348587421869,-0.234059500632274,-0.702603573361681,-0.525506000729575,-0.398927679649585,0.312543026615607,0.11683113668176,-0.604346914609272,-0.774021632462877,-0.299474086086186,-0.392697011452392,0.320271822868247,-0.0658733319085942,-0.534590773152438,-0.0925103599874042,-0.485577524694732,-0.264893939404559,-0.708668979559379,-0.879524955397846,-0.673247145321847,-0.818166382196102,-0.668401216558673,-0.753637911656337,-1.17609560341293,-1.23852177411628,-0.602626731350703,-0.394604759356904,-0.516180475221515,-1.08306010779973,-0.597821047752776,-1.0168345989911,-0.445580424104349,-0.293223011910645,-0.179700653334677,-0.447447194047723,-0.351711264729906,-0.372828946734651,-0.607260584728605,-0.621055762262731,-0.600686498869286,-0.490111941375709,-0.744763925601803,-0.802059366258599,-0.51771796548108,-0.660843066596672,-0.784815758235573,-0.562675137844884,-0.392475591748432,-0.22026955081235,-0.54134543320384,-0.745475019549849,-0.750377599491778,-0.395670898025913,-0.550749982201665,-0.459624565830504,-0.68521926225983,-0.230304970598795,-0.122156759766114,-0.353185408032647,-0.594985622096985,-0.575473856571783,-0.780370389950989,-0.606383013209246,-1.0198878450491,-0.592337213850525,-0.345265274840467,-0.580248962956994,-0.509491679442421,-0.362506408078662,0.266042068637978,-0.378785485493936,0.0899359222079621,-0.404995937758956,-0.435293866197826,-0.528861556369523,-0.720360880606617,-0.51078444053258,-0.602302830774607
"WA2","ORWT","A","50","14",0.103420095536229,0.362890026574657,0.0985212863528755,0.228511877455596,0.311251271858827,0.442421296002056,0.890648117205684,0.32246992625939,0.167064508831403,0.376448842775813,0.371565103006468,0.253069522035242,0.291036876619807,0.957954381167612,0.529554990423274,0.315722163877872,0.315913176777848,0.240220858069336,0.424177378005002,0.225058232725474,0.184822809023145,0.355893074120304,0.212343520971594,0.315370612429664,0.305589661563205,0.191588418500925,0.110502557217632,0.380379844471322,0.421018909394054,0.189792151150575,0.49589936176947,-0.0259746469640483,0.448816677733726,0.26274377121621,0.474540686477765,-0.03348593783286,0.438224826227906,0.372753753163217,0.342565251048588,0.802418205470725,0.320461027065671,0.0292974012319611,0.301312308707415,-0.0331160354324611,0.168199623228031,0.181418248459346,0.19583141536419,-0.338241556188056,0.276236998766466,0.242598678911683,0.410347849578216,0.394004277461457,-0.0578471011320367,0.0483519474772116,0.140973961814124,0.170962963742503,0.185773828386034,0.346724330195022,0.19913309133866,0.194367033470431,0.159205759257331,0.27341400846624,0.204115335838995,0.5008096572612,0.318373845760076,0.367173718253508,0.111647090616236,0.553321441239905,0.092571708612939,0.205498253294087,0.23888192048902,0.315479301251842,0.205482739573625,0.27999696021858,0.280409205338179,-0.0519151669315687,0.355166906910283,0.0516160006578579,0.210397338337348,0.27302117733166,0.340421369984815,0.0765354362699346,0.130838518940547,-0.00705506993529248,0.157382933554699,0.0484908535306694,0.0549898878285227,0.615405681915088,-0.112595354377613,0.136844680844844,0.329311635390897,0.493004790778109,0.436605752286856,0.0751624333555112,0.471317834027197,0.0534011048651193,0.258205219687568,0.341494507952786,0.233682589753418,0.459241047864654,0.441174545448313,0.176350262674728,0.536107977541842,0.265919748619977,0.627833506258602,0.302078959373048,0.273469688175351,0.331270602325321,0.259598647102819,0.301114933631832,-0.0190725871780639,0.635622218660355,0.461841588974839,0.374071115209236,0.0749123789123773,0.100737473893087,0.334821154914192,0.297888873355535,0.292218551495377,0.349216704369277,0.490472120796384,0.307420055189536,0.356590523898204,0.477500971592492,0.528076611273012,0.609264151674459,0.208527306095096,0.515459182442193,0.171569169337009,0.510525780063029,0.165579780065277,0.199269706755672,0.327858555695929,0.239247256125997,0.31228078890828,1.03963746282248,0.898467897813435,0.599645561529111,0.254458685197752,0.0478445673254901,0.123773400430503,0.378385885821659
"WA3","ORWT","A","100","14",0.280912369944569,0.586204546970633,0.322095686178812,0.428386044600551,0.441537127339203,0.658642748525708,0.965337651677993,0.509917111340407,0.432758983740411,0.691108966996482,0.693075956258572,0.600615404008621,0.575257712205445,1.29831216678974,0.722064432655665,0.655454354314771,0.557690808714383,0.488680205479374,0.781944754655023,0.468582541032553,0.381098992856769,0.318985307549726,0.229605978518982,0.493988866706564,0.48224364861424,0.152949127575908,0.290427900930276,0.655521116696416,0.804538141695776,0.362243516137313,0.52573193211416,0.602195510347278,0.64905382645201,0.538616945742099,0.593566812611521,0.395534789984922,0.485777491524592,0.61550017779308,0.669951056433121,0.906827322068386,0.711491900190487,0.189376501350795,0.399945297636205,0.602061558630212,0.462013593471564,0.486488356149994,0.428310539752431,0.0936613667729294,0.364713903811608,0.605052789683116,0.681150994278502,0.53956462229596,0.555594982339604,0.327752635803218,0.366257703190838,0.427745557613354,0.263598194621609,0.520080003743955,0.12117340492615,0.169340465079152,-0.0635459679784489,0.184907165395813,0.183875003130519,0.587968522863609,-0.156472244918645,0.164538914891298,-0.0708996921672833,0.398470042344143,0.431338113322138,-0.379902363478058,-0.427857123995472,-0.106224300987332,0.221434138673371,0.429441387785318,0.359511194651074,-0.631775978320011,-0.567002310867903,0.53912953584909,0.472571899986817,0.327422909248882,0.478033090214018,0.345732498675474,0.495586838562325,0.51128063428924,0.609300362328137,0.519934957419739,0.624357995296415,1.20626455154945,0.0197329111132731,0.492068947139761,0.543271373523697,0.739953234076516,0.637897735819932,0.511234635651666,0.641425111187317,0.294391759847004,0.319251884664579,0.185580284302397,0.587924301764293,0.403303643462284,0.622073786850437,0.330881535940359,0.714057255565023,0.584435682563035,1.11782612015362,0.399298876740481,0.33450859774903,0.501945952076049,0.509520692411923,0.734679777159845,1.09409065785483,1.5141689203156,0.554583273959143,0.731725414286021,0.630376354055888,0.578425576455895,0.563294954683164,0.652867146607498,0.372406248278116,0.673562935494945,0.623719940599784,0.222874164899274,0.687555022932341,0.932541876230795,1.15087952821341,0.882247646495233,0.357573541355073,0.569072218480291,0.454232630717956,0.515978895608836,0.356955313500101,0.102211862379098,0.649695363220856,0.0727346012615571,0.398655294934064,1.2659704014498,1.9397217144985,1.57793236654125,0.518343443037107,0.468048038417846,0.152989871614615,0.76399258478263
"WA4","ORWT","A","5","40",-0.523445892001996,-0.73802680829229,-0.385014553274007,-0.562323775318712,-0.516604312261274,-0.435904109533144,-0.567218294328169,-0.453644529812025,-0.7951528762199,-0.523975281208053,-0.738609920858018,-0.48335114524462,-0.767711211108424,-1.33933267897626,-0.77593175054368,-0.965746353925684,-0.811152321685094,-0.563533580028341,-0.748584531500588,-0.509909259563732,-0.551281103948863,-0.62104193465809,-0.692477697913148,-0.674673384419599,-0.652143154299676,-0.327315934202838,-0.498494824568382,-0.929613530799526,-0.85963023818501,-0.624933735398976,-0.717357863262031,-0.375372130569199,-0.714498108583305,-1.27572440486908,-0.793064769419584,-0.349942553001422,-0.58225021772946,-0.816504590200095,-0.516809938470306,-0.730393413884685,-0.753595404909762,-0.257881795006245,-0.541634256551666,-0.207520372637084,-0.621797661435694,-1.17125742354859,-0.937434935627807,-0.899655023681199,-0.770405805649441,-0.430856001839053,-1.13581638592918,-1.00158626142328,-0.514689574975809,-0.557794589946281,-0.45663059353476,-0.509196019533661,-0.431649018681244,-0.514636299459426,-0.265111553735416,-0.447538164308725,-0.0462992978567609,-0.509669291868442,-0.568032987593685,-0.231226075666796,0.000377113564129949,-0.471184301262361,-0.181424874463036,-0.412761304133074,-0.734267223083992,0.113303022937632,0.211470667354739,-0.166159139825037,-0.79723373203133,-0.409364207328225,-0.609517937709927,0.393090688038051,-0.189443836019707,-0.415006659835928,-0.272319758390155,-0.602874698113514,-0.483081596891851,-0.455307229770349,-0.799086906482008,-0.77932095882032,-0.766362602323842,-0.752960658395718,-0.826917534617929,-1.50561413688835,-0.541795381753028,-0.795722207045399,-0.484900767015715,-0.788096106567711,-0.927791422453881,-0.973077471612031,-1.26182009265174,-0.419555474833832,-0.396227269589,-0.387815366701618,-0.53563419963084,-0.42730639454017,-0.721269902059494,-0.57858491315046,-0.818116724650293,-0.507985792042679,-1.23259590412948,-1.15049234041268,-0.790751818175925,-0.497592187542687,-0.610799132202247,-0.70615688860444,-0.152093467250072,-0.8405822098862,-0.346656888796445,-0.700211069177494,-0.826664963832118,-0.903283560346722,-0.489851818135226,-0.514952843492045,-0.874407864201629,-0.671669683187834,-0.36678573940677,-0.263198129558465,-0.664984365517014,-0.749717637067097,-0.776765271847251,-1.109533685645,-0.567800513327624,-0.910743375624036,-0.128281895386432,-0.711442717527874,-0.599136054855127,-0.292420989220648,-0.552951725795257,-0.116413556700475,-0.728209708302648,-1.95572879651651,-2.14962415399894,-1.04463769203062,-0.647477743261643,-0.702090255489826,-0.471651607590109,-0.9051251268235
"WA5","ORWT","A","50","40",0.197216614995917,0.0806662104076876,0.0962637629515832,0.224392596641004,0.180909847906566,0.323903128443877,0.371404672216196,0.150252856377238,0.143798403142806,0.273323576162995,0.103251407328449,0.0076673874930222,0.302058824143265,0.183848956807048,0.0409258515871995,0.0664321486815878,0.217762298121489,0.366762366028436,0.0966627121505921,-0.022686423802722,0.205915351870176,0.376429954987415,-0.107564927453861,0.307917361081207,0.282856412778338,0.259980769639732,0.170703718296903,0.251945399692654,0.129144066964767,0.124557426633364,0.118453869315538,-0.0484444667372452,0.0957371857062599,-0.0576694690787889,0.0239001714042804,0.094432227129551,0.243294131122777,0.312907089912082,0.280851985282008,0.0200430548517749,0.0844423714635667,0.368515698164893,0.168730337980334,-0.118261967737534,0.115208079047003,0.0214692870254911,0.484353409873374,-0.487919549787888,0.380431554035073,-0.0256277277040153,0.377065514659433,0.104257347329554,-0.0129425563453571,0.101297190842455,0.14437968674443,0.00860012620124984,0.0609640553476707,0.0946222949127629,0.0347013899559894,0.175620270538162,0.134348186384891,0.163100086818401,0.182824072421229,0.388478376514999,0.294405504620587,0.168889321268125,0.448582156406225,0.131826044932794,-0.178244821960018,0.0726153257736,0.0546612255764742,0.147269190783957,-0.190515247181769,0.188008235244901,0.129281394863928,-0.138942807703785,0.127677299135124,-0.00925210371098917,-0.123262015318581,0.308308164710433,-0.116839982690283,0.0537033844756065,0.0999060737659869,-0.154350436908504,-0.100862150313601,-0.366625943230654,-0.317870728036477,0.313706683065818,0.347583938121119,-0.129390293648507,0.158394360682813,0.00111605255289682,0.159964837823249,0.172295615455289,-0.0214109974925414,0.0739275667057031,0.179245952309984,0.045008747558593,-0.0383000484505418,-0.393978694500721,-0.0439897195897583,0.000229445126402439,0.409954081927766,0.050255568887466,-0.124205802237091,0.0823525690303075,-0.0192938150307773,-0.00358117860980478,0.073472234412657,0.0837231993635941,-0.472944595644484,-0.923323266700045,0.193524428513372,0.148481390558252,-0.235230329925299,0.143688373067947,0.0314837579612215,0.0936718583209712,0.252663757447819,0.355115866437897,0.0132251543162321,0.206763127433726,-0.128297214032939,-0.0482401909790782,-0.119597547598015,0.0342315891039711,0.203385788154939,0.319705545754238,0.40772654551745,0.325316943474429,0.221706134223203,0.248516880364802,-0.0728631392975183,0.152645424047891,0.200396904795577,-0.584571231779954,-1.24964740243114,-0.672346138142424,0.244347603231816,-0.304568396736714,0.447053316224352,0.182218882153721
"WB1","ORWT","B","5","14",-0.689337716662177,-0.359467326992486,-0.44127320375938,-0.436011343086872,-0.311078417145339,-0.153113304561899,-0.404668491401432,-0.530033747291566,-0.490945995941625,-0.535943375236549,-0.921362851160042,-0.286048392012797,-0.48401108360929,-0.905110477517732,-0.220066698723385,-0.506706138360037,-0.393621059216562,-1.04892832027566,-1.9106712940442,-0.604422446115332,-0.429822215703073,-0.260715327771135,-0.544624759274164,-0.385917476944159,-0.384221392517983,-0.59905105253321,-0.690543106292098,-0.892201616557402,-0.58693525319562,-0.584948813165141,-0.23341792789881,-0.43756872080727,-0.376683686829881,-1.24401719430161,-0.256018326666201,-0.86488772077008,-0.164238597067667,-0.626825373531044,-0.525632585206218,0.146677384555894,-0.950618474223663,-0.603551489467775,-0.504886892146879,-0.213757398100134,-0.769047318219017,-1.1801646488031,-1.03697203203838,-1.3438983160162,-0.462721076065792,-0.294264326494223,-1.35539986171843,-0.837303287605463,-0.621276425491223,-0.600755451751162,-0.415339265716863,-0.269127261353788,-0.39918328783917,-0.252320052577971,-0.281543652136275,-0.539514000041619,-0.0977433833464367,-0.518839078335585,-0.583289527510298,-0.225220235561737,-0.012824144369616,-0.376261313164097,-0.886705441243891,-0.145373357241313,-0.0869750763046544,0.140977737993731,-0.159661418889285,-0.825517993430501,0.123891474584757,-0.0590753603316365,-0.35005959317653,0.458442570322812,-0.376359943297846,-0.640987161733015,-0.210422629629321,-0.526796960984829,-0.2986553349603,-0.820376836729212,-0.966224422786325,-0.699902377340651,-0.740283617406305,-0.55552038770576,-0.632814643565518,-1.69668255191369,-1.28056547795721,-0.628538979276755,-0.455147458248639,-0.659672064740498,-1.31511710368033,-0.653531157805524,-1.20102434605221,-0.464893101159644,-0.40219419138248,-0.430180024288977,-0.677798720543589,-0.85606837921548,-0.333725085479795,-0.7121398147955,-0.933299722073055,-0.312830245481801,-0.367684504529938,-1.21026054541617,-0.70684111605047,-0.556023656002615,-0.662646915659502,-1.18915962676626,-0.547138097161333,-1.0580218405975,-0.368115386499507,-0.545697807985992,-0.602289701953072,-0.771492653405184,-0.463022432988408,-0.463027937342646,-0.638530006653258,-0.693930021574253,-0.472663234951596,-0.386287240145879,-0.401472619246239,-0.521392801272187,-0.508226244121464,-1.15951478454012,-0.607390490503914,-0.700471175375288,-0.537549861756525,-0.159426841787167,-0.427973911404001,-0.587187292991772,-0.327819212467657,0.366314914915375,-0.50455471415937,0.110250898034304,-2.01245096097362,-0.813776921895164,-0.674304221078525,-1.02091343279044,-0.53385299946232,-0.673591094013181
"WB2","ORWT","B","50","14",-0.0239653094499417,0.386827133697239,0.0759156374452106,0.21357709014873,0.342314272116769,0.445028107195876,0.86396483057969,0.350357272242663,0.145151288012079,0.397327212058276,0.282006485171755,0.247448659027672,0.285876735504598,0.97993966133183,0.560988737728064,0.385625871757009,0.275916729572649,0.407225121735308,0.425674810784435,0.217430303588321,0.220056436013125,0.365058756369668,0.229712404986029,0.242356114218507,0.253448314181943,0.198889304112716,0.000731108872793484,0.382162775839115,0.489597072694751,0.286766757671342,0.443496034190042,0.0102949140680657,0.399769300023662,0.219217589676131,0.464123655505346,0.10515779703886,0.36286331776995,0.495520262196416,0.370818758102728,0.79734186808006,0.395939953489595,0.0356375568213982,0.300286636155282,0.200643261529002,0.186703487008201,0.195832140841107,0.186561824945255,-0.247558052614318,0.302036764009504,0.251979708608598,0.428430912424676,0.341563750157214,0.106844257480339,0.0352159217992352,0.112526101483016,0.310801211680103,0.194764037723449,0.408571117199937,0.157298954907315,0.141512652471319,0.116280100194844,0.220013054098034,0.150166498182664,0.501357624415922,0.226723802892247,0.312705700589862,0.00246568716046625,0.678378144569535,0.248336393817289,0.0123071204775211,0.178112084697074,0.117851003737007,0.0426015515382234,0.42428436345938,0.445032096568883,-0.100901627622442,-0.0784466877504815,0.223589656357862,0.130324540771299,0.19422403930338,0.314512161316276,0.125135374336805,0.0610378567502865,0.0385305753230227,0.172717169615316,0.136391713456703,0.132966212719452,0.698045544206833,-0.111195657432059,0.0737837081889898,0.311464786809623,0.456980284690058,0.46277323081568,0.184596174030236,0.537883976660632,0.0497361917771215,0.213102285531496,0.206165954068796,0.270273105356474,0.312758407901364,0.400953466931628,0.183197286254173,0.435230542430485,0.261473940500914,0.661916034605123,0.329925282936211,0.284547417059272,0.271401801596138,0.262887350666178,0.309084138175554,0.291871128520246,0.72857663739332,0.421335129943746,0.38616422416697,0.117358770156418,0.382085327685909,0.331561119712658,0.291072879209133,0.268175085125216,0.304640649452747,0.452365429900478,0.191912360867808,0.389832511784106,0.51686589031398,0.647404658586774,0.565443354550507,0.157669137600458,0.321574559253305,0.336780820231295,0.521145804087482,0.196019397359636,0.204811006050354,0.369980509615671,0.307019030962228,0.282573971170834,1.10651286344748,1.17239419612673,0.762656625033665,0.336769992711425,0.145002968500291,0.0884918900838541,0.433102200129349
"WB3","ORWT","B","100","14",0.213429787907697,0.575619828246992,0.250827314910602,0.447658379204866,0.516707082849622,0.695470964313168,0.948019395298582,0.57587096398327,0.446467292154774,0.615628177358987,0.633032575132417,0.510726577409091,0.342364421799228,1.13165410911597,0.815893390491697,0.656502568793128,0.444477600713631,0.336756385692664,0.802441255408797,0.36832719088408,0.452803718710183,0.398842621342756,0.360548784509493,0.478942116740211,0.459762520383308,0.267671307852551,0.232022219958466,0.525002296486021,0.75669046122393,0.426187552952818,0.704594571911279,0.513578870253859,0.713449205207837,0.379668550993498,0.701724771426242,0.287947015688565,0.534282476340855,0.598953669713746,0.593711772804835,0.987541553214761,0.496641378696164,0.159119931487041,0.435824291657477,0.4771830743396,0.450825193878472,0.318415638337973,0.352223927094191,0.188677127069196,0.34239013907614,0.540394839363724,0.663702052143156,0.580283279646469,0.473949014587035,0.310466458936052,0.34157400957774,0.501729122842878,0.317690812735196,0.59886884353226,0.178260011253964,0.21455894274728,0.00872444884313417,0.25523621676362,0.227866758814271,0.619014216496166,-0.0145928150146544,0.343473036921034,0.0307311044678098,0.71280441517106,0.160554276519393,-0.26757898801757,-0.0767714270664683,0.159450848649825,0.32917146315064,0.489804986001378,0.553380217446531,-0.544702028047889,-0.0309141908467407,0.490562416518625,0.41251378424033,0.312576476743163,0.6022385623574,0.371035057233161,0.437509890997275,0.415659337635577,0.531702825652398,0.398006960790013,0.476012696122367,1.30828333519314,-0.0403458524614075,0.300474998884178,0.46912165843225,0.666338729455567,0.614651510367309,0.427815951790228,0.706787599343583,0.264659678003494,0.281636294909299,0.116575097303005,0.529905736739028,0.447463603731402,0.710270943914561,0.307525140194457,0.803463050538216,0.499204310271854,0.963467603949392,0.690747916623391,0.310359252538607,0.480342936638562,0.490476923436067,0.622356217897576,0.829477837757216,1.2942646487817,0.593657707381962,0.671425040817061,0.486179837497332,0.578706837281025,0.492651931734141,0.556633483141732,0.431643489772091,0.595586242099045,0.62957740237656,0.235821002287961,0.64184334671971,0.910937069526713,1.11227956144136,0.850955320571673,0.345089988379,0.69269314453273,0.446620720397749,0.628360654054862,0.428435503099077,0.219070942429151,0.576337033344659,0.115493602682433,0.417033282780073,1.24065064851575,1.90258923191073,1.35217386545456,0.415371510678887,0.500085930027112,0.534649804642693,0.672600499787768
"WB4","ORWT","B","5","40",-0.51534183723167,-0.809353558483068,-0.474748257378234,-0.6194347128404,-0.629410436587151,-0.620012045507579,-0.441277689005064,-0.786984739578189,-0.611229466602008,-0.637954755078267,-0.826419016017756,-0.511966912557386,-0.844772310305092,-1.02930661864974,-0.903559690623181,-0.374218281793619,-0.537439754191186,-0.236629322125547,-0.911050756263102,-0.811533705635851,-0.567974783770285,-0.480243642887775,-0.439464670840684,-0.628206008943276,-0.639943630930236,-0.373813345716453,-0.519367467625577,-0.591440355609031,-0.685873319657944,-0.906988684437759,-1.02775790680426,-0.483101276139066,-0.959092161736677,-1.57430340155355,-1.07287953163673,-0.907815285583313,-0.8029658974438,-0.955190433059867,-0.566690892675677,-0.902832256796619,-0.928386633960553,-0.449902996758733,-0.685623526012634,-0.308923529763431,-0.702768814276812,-1.38182516275526,-0.389627529835654,-0.990523167487448,-0.801445143700184,-0.51484038568026,-0.915759893039573,-0.526613511977159,-0.478782175966321,-0.672354254298701,-0.429585068312679,-0.642306449086949,-0.571624974105222,-0.670344837751142,-0.404109185376767,-0.568891359589065,-0.124903660353044,-0.618224721822343,-0.627448727604155,-0.346786674778034,-0.0891310839497104,-0.519538689218491,-0.295796886201589,-0.262650548337299,-0.353985984679205,0.080522777028218,-0.00315393218812332,-0.338757755086336,-0.438105357706271,-0.265857222261268,-0.627556679466876,0.47381639537205,-0.258481064664048,-0.458726843239949,-0.371626461874615,-0.532756981151961,-0.666572517635998,-0.560874480741268,-0.958665433234851,-0.886529703178077,-0.880192059226251,-0.754101446913063,-0.838820062051512,-2.07234616587457,-0.546740763027788,-1.00936894527964,-0.450608728693264,-1.2325058950615,-1.02518282603246,-0.794912412025739,-1.22520069152988,-0.585499854028569,-0.469588804400297,-0.549699584593015,-0.738971916875131,-1.18166346536318,-1.13400411270439,-0.751385357701092,-0.91649877698858,-0.624654988366884,-1.25213148719243,-1.28660325533339,-0.913032703617932,-0.790215414252361,-0.688648559518178,-1.01291256699791,-0.421323831122738,-1.2232822520015,-0.522955352538969,-0.874453477071813,-0.790499935606932,-0.927190025757902,-0.756960513821717,-0.774856517498114,-1.10180245328591,-0.875317817446405,-0.717574956027122,-0.411427194882072,-0.909450933800122,-1.26629888956377,-1.25451877952747,-1.57990148161233,-0.573916038799612,-0.678771660733775,-0.306664349467844,-0.936564685311339,-0.554497159843703,-0.352466297792796,-0.801433560295832,-0.151291443947283,-0.898118587521812,-1.61051214051296,-2.21657094362955,-1.38901050851352,-0.399103977265188,-0.852909678485282,-0.339191817950426,-1.03618218575434
"WB5","ORWT","B","50","40",0.165263519880542,-0.0584417094074068,0.101925740306251,0.211318733433101,0.105514987208508,0.217910977127026,0.138792657263296,0.147377435694258,0.237007863298484,0.243379241866747,0.184200527139756,0.0922516406592822,-0.0128236064518594,-0.0330157293430817,0.0779949089524461,0.253879817460367,0.31002181413818,0.477966081456718,0.565424650794137,0.138675860306869,0.185499182380688,0.203764921638955,-0.0546167159230961,0.151455303922026,0.122114394916164,0.287320035791047,0.152240844755026,0.262041263395957,0.386689795567185,0.0601264611128185,-0.0508387037393598,0.258285607305647,0.0288574118503,-0.22855614685055,-0.128753946924536,-0.206388163055626,0.172740562414042,0.130484513293241,0.262491397278896,-0.164272239186835,-0.0874933974988581,0.316165870919725,0.164706593942098,0.0520809749266107,0.310187042790075,-0.217341574133624,0.594466036337755,-0.0553485245776395,-0.0376412157839177,0.082133942433499,0.587846078836633,0.295167590685578,-0.0778689553572613,0.191846375084786,0.251295770187116,0.057581694552411,0.0784820826768193,0.0581628687885862,0.00166006800899243,0.124856920098892,0.0879414263654414,0.0874419426446265,0.0774207082119647,0.356092567380946,0.242270637303109,0.099311808463205,0.374082236532916,0.327667513184961,0.203035273473996,0.0249404639919346,0.0966561275817535,0.350491180007225,0.189625782827817,0.125710288655514,0.18909332519033,0.0446086348621488,-0.0249629884741278,0.499414687630326,-0.132030571305122,0.0872769032648355,-0.247595543959679,0.232084173695789,0.193038113674399,-0.0407507035749664,0.0322464540785754,-0.11994687273553,-0.106207819221042,0.652390385051415,0.338100404222065,0.0305341020428802,0.239607444120036,-0.169888358909334,0.312322568580448,0.196383464391912,0.240307399751104,-0.0420856160446244,0.132746195887804,0.00318161861955346,-0.0554436447731366,-0.295751037925036,-0.151623005173548,-0.0211440658529174,0.165133103301622,0.0275323167688839,-0.217388202337021,0.289648028875673,-0.106428373521378,0.0925706916033127,0.18521487714735,-0.016793016200495,0.170725892576766,-0.638127256037413,0.203517102641972,0.00846387143226046,-0.0940311959997793,0.14596108741013,0.02929438843735,0.0684449842298971,-0.0681724095946521,0.150229303966537,0.0550252595543723,0.0835340837465104,-0.0642890202875845,-0.199001361005762,-0.121927182300932,0.0276558360238761,0.158596285559224,0.187909504894945,0.496911317712581,0.191298804776959,0.223769373200154,0.301711083129565,0.00876168376514919,0.0787588185894799,-0.0103643128588295,-0.715606855817284,-0.164647027583443,-0.728877953715005,0.280466825940118,-0.0413134165526454,0.476863959192287,0.17622387974006
"WB6","ORWT","B","100","40",0.366807740848257,0.157337936533089,0.314060086442198,0.388135176339734,0.320568545529252,0.468967943389853,0.390752791044393,0.385727770573902,0.040189042727679,0.580280157981894,0.533860789965876,0.301917378670175,0.296160566782242,0.410726999613916,0.422244834378454,0.442076308926512,0.483259697167149,0.72507111845322,0.634176317285035,0.431513361203526,0.374983449307036,0.544524293054124,0.247190815416762,0.44026411602491,0.44786640105988,0.478568002154671,0.350986659364507,0.593157694254682,0.624452916852667,0.168702967930726,0.292314334722532,0.39856105888514,0.348139421496283,0.204983659619771,0.1471188090291,0.452073758405277,0.226449435429644,0.342575171650742,0.54923511586247,0.0888716252328807,0.322850640481072,0.561840814787295,0.331787821249647,0.118400931901417,0.519601286383397,0.201599230605799,0.867167349361037,0.213866314714378,0.27064049399986,0.32615087544039,0.710613394640194,0.669377352301348,0.227681043722914,0.266634766384012,0.420993622188107,0.205703083595324,0.240058433199986,0.230706905280326,0.138118798560134,0.349318980024934,0.15323797067884,0.361408732927177,0.368303106045551,0.635075876339938,0.197053711372443,0.306742100821203,0.661561664521097,0.5538323991037,0.325150428793337,-0.122833660025066,0.168251085924155,0.608912834901608,0.112511025169027,0.0154776713903821,0.367619632697991,-0.329385704886992,0.302775360772319,0.548211586529122,0.0810411237954893,0.372785746611561,0.259636117682368,0.474576297386892,0.463907380408203,0.233064576460903,0.298832703416104,0.072685474691121,0.125805533888971,1.09633542655024,0.561219235126258,0.256177066941373,0.51047545846715,0.252531664295699,0.633991458951798,0.444306928758579,0.491415784710657,0.179030081339748,0.284729004539896,0.190649565645455,0.319456807443713,0.463586180316168,0.196406170667806,0.368175032788337,0.602369853091068,0.262412502677043,0.188319330148983,0.554882576679626,0.316831661374375,0.362884089562613,0.45701342426255,0.603932726205143,0.326788762414393,0.0203055752710664,0.488819904304327,0.374513790286834,0.128770820241609,0.173562664589898,0.274298422934666,0.426771466503459,0.313152634876128,0.506571415939749,0.531770979781816,0.226057424879003,0.172609699194203,0.209891001981221,0.424040982568743,0.609778260578181,0.443123286503962,0.659070062614934,0.647877299251736,0.369065568561212,0.34005355314734,0.47122106703689,0.125539222209499,-0.026188090503477,0.305173423208365,-0.285727395220457,-0.0952299978750615,-0.0867567541997136,0.471060418189141,0.234279534840573,0.858890955840293,0.404742903044738
"WC1","ORWT","C","5","14",-0.568279983866862,-0.365267408513335,-0.635797664994988,-0.626716232410738,-0.442900985475056,-0.493785777080295,0.0318066094687133,-0.508295386222546,-0.617972886381196,-0.588727584455355,-0.402693998620129,-0.298960568466022,-0.415373360371956,0.210962053138831,-0.461111100867873,-0.526988285167769,-0.496869194019824,-0.05195871151414,-1.35828471985167,-0.442894930850819,-0.721108949354089,-0.556560212843832,-0.484328857386913,-0.466667776243466,-0.462454713695497,-0.813018172827976,-0.570417123777945,-0.29015122003501,-0.474519563704194,-0.277998698447377,-0.639741058026764,-0.576342586296584,-0.57330860609957,-0.999647070325878,-0.67982582817451,-0.551265800599294,-0.386045414224601,-0.301266199790175,-0.612855763557134,-0.0797071237055853,-0.36670884362762,-0.662461958734587,-0.485615137438996,-0.221275966123049,-0.775468743464093,-1.00887721048713,-0.959726647297229,-1.00055230565157,-0.34652733926346,-0.277313252874677,-0.965100286285482,-0.386370135739206,-0.457099403522361,-0.43015697308741,-0.35304442534907,-0.397186954230485,-0.372546481634997,-0.300463723085525,-0.24130551322182,-0.447091992238997,-0.120357109937925,-0.347688494899717,-0.401099369097001,-0.0977609220229585,0.0278567403233483,-0.28108645473892,-0.589085037042839,0.0756098717876497,-0.622331648410111,0.300256772629283,0.0881328594868158,-0.402754401033431,-0.343435905894292,-0.359531609073693,-0.580170219080351,0.403649896223684,0.043198308750596,-0.519151908272141,-0.0504339341763949,-0.508685259021093,-0.925868625179144,-0.617148640360297,-0.934827535076236,-0.708200580577427,-0.802817467689458,-0.664201823219188,-0.777638792551437,-1.23507346337227,-0.610086926659605,-0.547202421202995,-0.359080421283765,-0.519870200037908,-1.12440693534935,-0.405395186163411,-0.961538437727388,-0.497717298581203,-0.329041981166685,-0.23375574364803,-0.376615846164141,-0.148682114183745,-0.610318583458413,-0.457917100026779,-0.899071961346942,-0.713608492360653,-0.532535685352086,-0.745984426120028,-0.561195323105605,-0.493593156628734,-0.614583230276718,-0.847332336043827,-0.229397164876983,-0.261031916783947,-0.318549789195404,-0.521820212182154,-0.768176101829931,-0.40694656236318,-0.392720001981785,-0.714518532078984,-0.516821562226362,-0.705522281847445,-0.464724773899918,-0.233608434245622,-0.522883388718684,-0.472612622527599,-0.542055989284651,-0.852139643686642,-0.624235589872872,-0.725235269150238,-0.638221433508673,-0.647956934321819,-0.645560334841033,-0.815330088521309,-0.523525621734206,0.0345986783271335,-0.436518213499476,0.543969127316782,-1.86438842551819,-0.296282917285033,-0.0896478273890615,-0.603141096383296,0.329323723476318,-0.691312248528148
"WC2","ORWT","C","50","14",0.110957716401996,0.287417284306338,0.099206416553427,0.167784781817894,0.171297722873938,0.348530062396422,0.789160364754847,0.242022423792113,0.197575598474462,0.303353824011069,0.348126530069822,0.23746949837289,0.126140186439425,1.03929899149887,0.384019504231048,0.417898063624316,0.290870552973378,0.4063542784573,0.514652155044003,0.181135367146,0.0693728884740983,0.100213927913748,0.222804735371972,0.183065683384673,0.190935357653489,-0.134829655446763,0.106489253152146,0.363946321517047,0.573069416057679,0.182036104486608,0.290112025659885,0.328204337800329,0.314354949077783,0.239228298645923,0.283303406794013,0.1104953928737,0.42328102003855,0.393415886305352,0.279546412230725,0.793427993579684,0.369243778928371,-0.0405027630088064,0.28951370920921,0.146074089441649,0.186727012615958,0.218374892188577,0.17884517935622,-0.213844376449629,0.098439553895429,0.247908249019281,0.505373084154893,0.269401277557899,0.318799095052143,0.226750389509694,0.108604961311933,0.286270201829929,0.155170335591499,0.400070288900801,0.127153449130923,0.0684568298927068,0.0828321928654034,0.171890247854517,0.119752926553602,0.489064508100003,0.0909313481268379,0.324124644749875,-0.12509158470741,0.424524624739525,0.261851354894714,-0.0881996075724434,0.0578675789562713,-0.00899718610839484,-0.0713541143676704,0.15207232885783,-0.0503082718190511,-0.323471198121125,-0.0785080244474132,0.302369535422471,0.0845600641092989,0.124919744078127,0.264373415980668,0.134665585152194,0.184365523930007,0.18467758091477,0.215806068457623,0.176979875390666,0.230857933611096,0.587926256620093,-0.160991674661061,0.231296682208379,0.28153430431278,0.283760884985604,0.333005450939343,0.275997899481516,0.385739627763075,-0.0493249820085619,0.170602785619625,0.140303573571686,0.351842040811876,0.427093172195023,0.298116217102596,0.207181821296944,0.358619503522194,0.302315327385764,0.475363948514926,0.11011845572516,0.0654163823636784,0.282665006515736,0.283132076321439,0.220294832822237,0.82049287139164,1.2348232159238,0.407594144975002,0.429969624641346,0.190167182668997,0.311796609456135,0.351444300644775,0.273616921120365,0.0517678952000633,0.273232698673849,0.250487816561621,0.145435193872179,0.355391981183208,0.378547097331165,0.557344952299961,0.602925866558895,0.0627007744133428,0.224775086155032,0.283324487812777,0.372221303703002,0.0605897526633399,-0.170080853400301,0.372422518932,0.0745282826213667,0.0874145098011558,1.06856777717964,1.65804324896267,1.25557431297762,0.30053100151224,0.139187782328421,-0.0749484742393003,0.386327931692514
"WC3","ORWT","C","100","14",0.31446017683864,0.494840123132287,0.251555297353595,0.3409554338113,0.431450144429267,0.518644483764595,0.988451067714859,0.434828854930469,0.426115008684312,0.482054124578195,0.653271821650374,0.465520802348498,0.396108836141498,1.2362328514851,0.646783369223098,0.614940314762701,0.471250512081999,0.491606196116635,0.53971229575326,0.315484473719828,0.406215221628252,0.366043662196599,0.390982055400214,0.414118027161113,0.402550829340428,0.334041961997865,0.297231635641991,0.595233936642241,0.72915264550887,0.362171130104193,0.538590505424383,0.302136962296187,0.547438765739609,0.43220562659728,0.588223519242628,0.373193467305133,0.476080589358354,0.608628608067765,0.47910125774002,0.914236942196855,0.474027273375441,0.155652417261174,0.378329685357577,0.403834371961785,0.483964741520069,0.405534089415206,0.443038950397735,0.0712146719937294,0.416929711439271,0.469500732421146,0.743930404339278,0.557293334661286,0.303966475281141,0.608038480468386,0.378497628443243,0.397339508414194,0.308835645997927,0.542515200056877,0.187447002026435,0.279270325467414,0.0338469000045789,0.292913635504859,0.260242959952769,0.56972988886467,0.00416478506947637,0.262722273072932,0.110247084915041,0.302345778160745,0.0419195254857638,-0.136886355162338,-0.431970507333231,0.0530379998329895,0.140520093433027,0.452729480581592,0.555637671552127,-0.446148514566059,-0.24029948615947,0.508378540511057,0.201789671913502,0.399792840754793,0.494972873872689,0.377081199857353,0.359347867481128,0.347233557535565,0.479322607059246,0.333174425243357,0.415063687440718,1.20149393158399,0.239976421160456,0.358011662790602,0.452904342330621,0.7132923817448,0.66906544295959,0.31456907368427,0.744630417612859,0.298914646493765,0.251526887021827,0.177077099623317,0.327544847023874,0.460416262072744,0.538148365286037,0.256645543871744,0.730970531298048,0.436728137506516,0.962013087846917,0.697682109175285,0.374730125910848,0.483939555747392,0.484430690645453,0.605623218680647,0.646531245262313,1.04914243067795,0.47798243939067,0.739787506593792,0.42128666200761,0.558456657798883,0.517800806834368,0.454986344100074,0.292222476212004,0.580950590561581,0.350459933518963,0.308510306145745,0.544025556012927,0.857435215683545,1.02657123009567,0.873421122387573,0.272216232576209,0.562354467618464,0.41460510615315,0.497416691708234,0.410536031778928,0.295383422383471,0.554841686599917,0.114372315989629,0.241537050277453,1.18874112074473,1.67167877334365,1.08967454081948,0.540874471850451,0.333087838521894,0.307378058047344,0.725446587723839
"WC4","ORWT","C","5","40",-0.469009280858771,-0.736709908269465,-0.417808741711339,-0.557760975065219,-0.519909733879783,-0.44110279104618,-0.741523217984696,-0.742474063382671,-0.85258456362915,-0.597797981811953,-0.792244304568082,-0.377923222819298,-0.678418120210065,-1.31638348090529,-0.590927698819677,-0.489606882362483,-0.485388142599578,-0.439052762068547,-1.33651361255285,-0.59345494363996,-0.487680711141171,-0.403724874343409,-0.682453043292221,-0.544088317926509,-0.536328047145547,-0.369535511191711,-0.460698891348639,-0.791561894100051,-0.697094821028482,-0.657010318089818,-0.691941684779869,-0.427936888535112,-0.760551040466961,-1.58315231897258,-0.791965991446611,-0.35630032677027,-0.59602610617207,-0.899529425436154,-0.573342857640781,-0.640932286228418,-0.870161940427836,-0.274480511421132,-0.566647286999008,-0.308112246053181,-0.605457706466649,-1.44877195238587,-0.854903778576765,-0.786427327280006,-0.726875981646946,-0.380357881736062,-1.14049746670788,-0.792922975991187,-0.605891247221903,-0.648627069368783,-0.434064093665079,-0.460902341324769,-0.500817419204725,-0.44508426401834,-0.325845970566117,-0.49410158242048,-0.0881923427620768,-0.517773591989741,-0.518509634505097,-0.260059191600228,-0.111522816569245,-0.489064760324196,-0.315960173846961,-0.514793636628355,-0.609538544270309,0.111347339457291,0.0920874711670949,-0.431101064701942,-0.393877665862846,-0.499222162006089,-0.325188153686862,0.46264523428435,-0.0244752302226794,-0.519023929935602,-0.388424193680732,-0.501915514702188,-0.468385683711473,-0.441324450850891,-0.968652239749393,-0.837638313488012,-0.933419214128472,-0.817184293000455,-0.905156612803865,-1.81406815063154,-0.54552550910705,-0.773372544601994,-0.435489835416269,-0.935518947427152,-0.996828102574843,-1.02447951689414,-1.13790501377199,-0.512654555209933,-0.441163727788946,-0.439090380519796,-0.566723013852201,-0.40649421704784,-0.792511749220331,-0.536153065659458,-0.975793738690808,-0.510289544943018,-1.21427496691288,-1.18267702378408,-0.879110899774722,-0.507831703497743,-0.549686980646083,-0.802490786805169,-0.298333415637231,-1.07441225678567,-0.409822958238178,-0.687507741472936,-0.93597782972378,-0.856186538978237,-0.560668514598471,-0.619854558782502,-0.950513245049634,-0.711498717696526,-0.69092474354576,-0.366867885844354,-0.82729888939715,-1.13443787567693,-0.953773598267776,-1.13529441380831,-0.640903592466358,-1.42057991180419,-0.255362937142397,-0.505547686834547,-0.507387847863243,-0.350112607710547,-0.866489450232343,-0.0209297994304505,-0.746743091751121,-1.55254994890385,-2.09709510272275,-1.09776478233368,-0.546475545752231,-0.827267612823628,-0.324286713646782,-0.919162547638947
"WC5","ORWT","C","50","40",0.197690960406181,0.0678684886253551,0.13330632414397,0.188368600339892,0.174731868272233,0.236171565820846,0.111239002797451,0.0883791306505595,0.133804115947666,0.272022931160478,0.225119076604672,0.0919958072522595,0.105238238992639,0.184937616834119,0.145854602735081,0.274630794696606,0.338627673347482,0.442031650845569,0.184718876706164,0.128713612294797,0.272840993273476,0.467823942970337,0.117868825988081,0.384020519252489,0.356124548264555,0.347789249430208,0.179516577911835,0.309158334254279,0.341845007038962,0.177718238014511,0.116509072386501,-0.0270803367045733,0.169266684883378,-0.42394522923035,-0.0165304698554625,-0.0762657919753291,0.281979384712827,0.0954761129926647,0.288616656302494,-0.0949123532806206,-0.11340733907362,0.427288196720697,0.204267794045588,-0.140367359572384,0.230676379216313,-0.340239693449202,0.61703135911315,-0.213198889226485,0.164172180918838,0.0538496063402061,0.507592735686889,0.187010015701778,-0.073242570569497,0.155680665202649,0.158098399162821,-0.0162660852588266,0.044657782035439,-0.0050574726172341,-0.0157678130323911,0.15268591374937,0.110636980451316,0.180136778698535,0.188387559474691,0.481899074333052,0.268845948810052,0.0856027174273599,0.419875743445191,-0.0006512615475045,0.0498628836033532,0.0467215587123704,-0.171212849283989,0.321247143810012,-0.363667818008528,0.0953255452034867,0.11172902049033,0.0842112418167291,0.232137292263203,0.232580396035221,-0.0136355563065402,0.320213109120845,0.183051214005238,0.227368326004227,0.147199077538582,-0.0818002354367575,0.0794474542346117,-0.1231656314875,-0.279359075332811,0.543538158277822,0.318373028572601,-0.15168373450762,0.254500572972259,-0.0491886618926811,0.368157160916444,0.209063605286456,0.175258595528859,0.00122452883065716,0.203448716094409,0.0800212898402552,0.0205027533313,-0.174314613520554,-0.00188640886049285,0.146119280190868,0.254386063201431,0.112518636484173,-0.191096908869487,0.237744229188825,0.126525505782602,0.0703273110454203,0.244358943719167,-0.00436737734083348,-0.4504889486565,-0.757723596550451,0.220266026494376,0.186834628488587,-0.267255365948454,0.190793669685544,0.0414979623072256,0.120981285894105,0.140091432973701,0.421702178268636,0.0431986938752846,0.178561728110259,-0.115765351991815,-0.174555098884914,-0.179517676960759,0.0264780419256745,0.224990556696219,0.289025893581483,0.409225867789463,0.318043557683416,0.299398522268375,0.338848529388651,-0.0797905025190619,-0.0125783887596969,0.10214074659418,-0.450801227059384,-0.993854472481967,-0.593646791387063,0.360978548418962,-0.202497034850245,0.46542903333717,0.279621070782444
"WC6","ORWT","C","100","40",0.371339149945577,0.197152710008435,0.325153463471693,0.439395115229344,0.357680349940255,0.543093309432785,0.380348052556311,0.418965354245973,0.125227437664687,0.55945521171881,0.432712343249333,0.298115222643173,0.478844120087239,0.470858145080773,0.38468113189197,0.420120855877759,0.471578664530409,0.610013170079365,0.639466232044309,0.466288594143798,0.413308551143408,0.462043380960631,0.211966788906008,0.494346311335518,0.502115027637005,0.485309763749337,0.370337400713925,0.503316859682077,0.539025122182004,0.234443603293437,0.332449211581805,0.351752134788422,0.344718951795612,0.0114776072769454,0.200275793278315,0.232519351227847,0.279035157219631,0.494802204032996,0.552718902216376,0.0659124416904389,0.254558335393166,0.526815768617348,0.334644402709953,0.0683519372565335,0.479719894406561,0.003394689951282,0.743846718905255,0.0300095923527186,0.474875518108607,0.318845310481764,0.683751565656244,0.517963890795139,0.101111601734868,0.145078889812684,0.354450849625295,0.179100607039082,0.183871725908426,0.19435034471396,0.106540957172086,0.320403605211027,0.124540484614121,0.353306034649018,0.364305376079456,0.668022585131035,0.193197748589539,0.324933549294124,0.589861683938501,-0.00248581448335505,0.283750417418091,-0.0762671026251791,0.0887181792603808,0.538638609847147,-0.295825390853013,0.0680427674556263,0.340648534872025,-0.119828129334202,0.36737750889171,0.371539023293088,0.139305901071682,0.442467913943377,0.239773221209251,0.427445368438493,0.431907869200936,0.153194577329466,0.245569095712,-0.0153260680451748,0.0419962742988877,1.01461396443303,0.452692718637856,0.188428702568946,0.475244008893591,0.270963879903777,0.62475278885205,0.434148565279211,0.474692924543415,0.192827452014187,0.292165237440644,0.148923722789536,0.316376442713882,0.377472352671755,0.193119719316478,0.371612892175142,0.59369592962351,0.270883277102759,0.086848455551916,0.373114788025868,0.290594883006832,0.364455583256976,0.411130132922544,0.519573123650875,0.000267004927605008,-0.223068366509907,0.450756329114075,0.462855774113892,0.0868505562866115,0.317219983591976,0.235825519296504,0.334450624688931,0.385795016384566,0.624527481698409,0.46518430346378,0.241993306372611,0.161119200835427,0.318741159517856,0.41278719570349,0.548566247319981,0.455340758605014,0.646815654491231,0.575158680244908,0.298544467836063,0.414396310406918,0.489472080748223,0.175820435862156,0.0145179223347918,0.354287244206892,0.0340697319779872,-0.229202650915241,-0.16567652037312,0.421832186153314,0.171711520435508,0.673918105557963,0.47328034536215
